State,City,Airport,LocID,"Ownership","Svc Lvl","Hub","Role","Enplaned","Based Aircraft","Development Estimate 2025-2029"
Alabama,Abbeville,Abbeville Municipal,0J0,PU,GA,,Basic,0,6,"1,111,111"
Alabama,Alabaster,Shelby County,EET,PU,GA,,Regional,0,121,"3,579,016"
Alabama,Albertville,Albertville Regional/Thomas J Brumlik Field,8A0,PU,GA,,Regional,0,51,"6,050,889"
Alabama,Alexander City,Thomas C Russell Field,ALX,PU,GA,,Regional,25,21,"6,953,546"
Alabama,Aliceville,George Downer,AIV,PU,GA,,Unclassified,0,1,0
Alabama,Andalusia,South Alabama Regional at Bill Benton Field,79J,PU,GA,,Local,0,26,"7,128,388"
Alabama,Anniston,Anniston Regional,ANB,PU,GA,,Regional,0,28,"6,703,611"
Alabama,Ashland,Ashland/Lineville,26A,PU,GA,,Basic,0,10,"884,000"
Alabama,Atmore,Atmore Municipal,0R1,PU,GA,,Local,0,19,"7,926,035"
Alabama,Auburn,Auburn University Regional,AUO,PU,GA,,Regional,48,120,"13,530,312"
Alabama,Bay Minette,Bay Minette Municipal,1R8,PU,GA,,Basic,0,12,"8,391,488"
Alabama,Bessemer,Bessemer,EKY,PU,R,,National,12,136,"3,139,522"
Alabama,Birmingham,Birmingham-Shuttlesworth International,BHM,PU,P,S,,"1,499,005",222,"138,484,696"
Alabama,Brewton,Brewton Municipal,12J,PU,GA,,Local,0,21,"5,533,582"
Alabama,Butler,Butler/Choctaw County,09A,PU,GA,,Unclassified,6,0,0
Alabama,Camden,Camden Municipal,61A,PU,GA,,Basic,0,3,"1,400,000"
Alabama,Centre,Centre-Piedmont-Cherokee County Regional,PYP,PU,GA,,Local,0,21,"2,072,222"
Alabama,Centreville,Bibb County,0A8,PU,GA,,Basic,4,11,"4,398,636"
Alabama,Clanton,Chilton County,02A,PU,GA,,Local,0,22,"6,983,574"
Alabama,Clayton,Clayton Municipal,11A,PU,GA,,Unclassified,0,1,0
Alabama,Courtland,Courtland,9A4,PU,GA,,Local,0,18,"2,255,556"
Alabama,Cullman,Cullman Regional/Folsom Field,CMD,PU,GA,,Regional,3,76,"5,366,667"
Alabama,Dauphin Island,Jeremiah Denton,4R9,PU,GA,,Basic,0,0,"2,692,640"
Alabama,Decatur,Pryor Field Regional,DCU,PU,GA,,Regional,4,143,"7,767,493"
Alabama,Demopolis,Demopolis Regional,DYA,PU,GA,,Local,0,15,"3,116,666"
Alabama,Dothan,Dothan Regional,DHN,PU,P,N,,"35,658",60,"21,563,409"
Alabama,Elba,Carl Folsom,14J,PU,GA,,Local,0,28,"3,422,260"
Alabama,Enterprise,Enterprise Municipal,EDN,PU,GA,,Local,0,45,"13,280,483"
Alabama,Eufaula,Weedon Field,EUF,PU,GA,,Basic,3,14,"6,478,944"
Alabama,Evergreen,Evergreen Regional/Middleton Field,GZH,PU,GA,,Basic,0,10,"5,562,777"
Alabama,Fairhope,H. L. (Sonny) Callahan,CQF,PU,GA,,Regional,81,62,"12,581,100"
Alabama,Fayette,Richard Arthur Field,M95,PU,GA,,Basic,0,10,"3,386,696"
Alabama,Florala,Florala Municipal,0J4,PU,GA,,Basic,0,11,"3,863,601"
Alabama,Foley,Foley Municipal,5R4,PU,GA,,Local,0,39,"4,737,876"
Alabama,Fort Payne,Isbell Field,4A9,PU,GA,,Regional,0,35,"1,800,000"
Alabama,Gadsden,Northeast Alabama Regional,GAD,PU,GA,,Regional,10,32,"2,351,449"
Alabama,Geneva,Geneva Municipal,33J,PU,GA,,Local,0,21,"2,028,143"
Alabama,Greensboro,Greensboro Municipal,7A0,PU,GA,,Basic,0,9,"2,773,278"
Alabama,Greenville,MacCrenshaw Memorial,PRN,PU,GA,,Basic,2,9,"5,936,718"
Alabama,Gulf Shores,Gulf Shores International/Jack Edwards Field,JKA,PU,GA,,Regional,37,99,"23,558,554"
Alabama,Guntersville,Guntersville Municipal/Joe Starnes Field,8A1,PU,GA,,Regional,0,49,"2,216,667"
Alabama,Haleyville,Posey Field,1M4,PU,GA,,Basic,0,9,"2,418,555"
Alabama,Hamilton,Marion County-Rankin Fite,HAB,PU,GA,,Basic,0,9,"5,481,601"
Alabama,Hartselle,Hartselle/Morgan County Regional,5M0,PU,GA,,Local,0,15,"4,363,712"
Alabama,Headland,Headland Municipal,HDL,PU,GA,,Local,0,31,"7,292,790"
Alabama,Huntsville,Huntsville International-Carl T Jones Field,HSV,PU,P,S,,"724,135",84,"31,669,625"
Alabama,Huntsville,Huntsville Exec Tom Sharp Jr Field,MDQ,PU,GA,,Regional,38,81,"18,484,182"
Alabama,Jackson,Jackson Municipal,4R3,PU,GA,,Basic,6,2,"3,444,444"
Alabama,Jasper,Walker County-Bevill Field,JFX,PU,GA,,Local,0,17,"2,407,813"
Alabama,Lanett,Lanett Regional,7A3,PU,GA,,Basic,0,10,"8,871,056"
Alabama,Marion,Vaiden Field,A08,PU,GA,,Unclassified,3,3,0
Alabama,Mobile,Mobile International,BFM,PU,P,N,,"10,830",20,"22,292,959"
Alabama,Mobile,Mobile Regional,MOB,PU,P,N,,"275,342",6,"23,754,619"
Alabama,Monroeville,Monroe County Aeroplex,MVC,PU,GA,,Basic,2,10,"6,455,555"
Alabama,Montgomery,Montgomery Regional (Dannelly Field),MGM,PU,P,N,,"181,923",78,"15,603,884"
Alabama,Muscle Shoals,Northwest Alabama Regional,MSL,PU,CS,,Regional,"5,907",62,"13,327,317"
Alabama,Oneonta,Robbins Field,20A,PU,GA,,Basic,0,11,"3,558,723"
Alabama,Ozark,Ozark/Blackwell Field,71J,PU,GA,,Local,0,56,"3,065,511"
Alabama,Pell City,St Clair County,PLR,PU,R,,Regional,0,71,"1,265,188"
Alabama,Prattville,Prattville/Grouby Field,1A9,PU,GA,,Local,0,26,"1,787,393"
Alabama,Reform,North Pickens,3M8,PU,GA,,Basic,0,14,"1,726,945"
Alabama,Roanoke,Roanoke Municipal Enloe,7A5,PU,GA,,Basic,0,13,"3,999,456"
Alabama,Russellville,Bill Pugh Field,M22,PU,GA,,Basic,0,13,"13,542,378"
Alabama,Scottsboro,Scottsboro Municipal-Word Field,4A6,PU,GA,,Local,0,25,"4,731,911"
Alabama,Selma,Craig Field,SEM,PU,GA,,Local,0,18,"10,344,314"
Alabama,St. Elmo,St Elmo,2R5,PU,GA,,Local,0,18,"3,369,445"
Alabama,Sylacauga,Merkel Field Sylacauga Municipal,SCD,PU,GA,,Local,0,25,"3,637,230"
Alabama,Talladega,Talladega Municipal,ASN,PU,GA,,Regional,0,36,"8,590,558"
Alabama,Troy,Troy Municipal at N Kenneth Campbell Field,TOI,PU,GA,,Regional,2,33,"7,581,666"
Alabama,Tuscaloosa,Tuscaloosa Ntl,TCL,PU,GA,,National,"3,370",109,"48,976,157"
Alabama,Tuskegee,Moton Field Municipal,06A,PU,GA,,Basic,0,10,"6,964,806"
Alabama,Union Springs,Franklin Field,07A,PU,GA,,Basic,0,10,"5,051,667"
Alabama,Wetumpka,Wetumpka Municipal,08A,PU,GA,,Local,0,53,"3,987,771"
Alaska,Adak (Naval) Station/Mitchell Field,Adak,ADK,PU,GA,,Local,"2,149",0,"49,772,153"
Alaska,Akhiok,Akhiok,AKK,PU,GA,,Basic,651,0,"14,951,529"
Alaska,Akiachak,Akiachak,Z13,NA,CS,,Basic,"3,033",0,"5,347,640"
Alaska,Akiak,Akiak,AKI,PU,GA,,Basic,"2,367",0,"6,166,245"
Alaska,Akutan,Akutan,7AK,PU,GA,,Basic,"2,236",0,"1,507,190"
Alaska,Akutan,Akutan,KQA,PU,GA,,Basic,"1,209",0,"7,000,000"
Alaska,Alakanuk,Alakanuk,AUK,PU,GA,,Basic,"2,488",0,"1,161,949"
Alaska,Aleknagik,Aleknagik /New,5A8,PU,GA,,Basic,0,0,0
Alaska,Allakaket,Allakaket,6A8,PU,GA,,Basic,"1,481",0,"2,880,000"
Alaska,Ambler,Ambler,AFM,PU,GA,,Basic,"1,847",1,"6,910,000"
Alaska,Anaktuvuk Pass,Anaktuvuk Pass,AKP,PU,CS,,Local,"3,000",0,"13,111,100"
Alaska,Anchorage,Ted Stevens Anchorage International,ANC,PU,P,M,,"2,681,818",85,"319,008,800"
Alaska,Anchorage,Lake Hood,LHD,PU,GA,,Local,"11,800",0,"28,544,333"
Alaska,Anchorage,Merrill Field,MRI,PU,P,N,,"30,269",843,"82,053,448"
Alaska,Angoon,Angoon,AGN,PU,GA,,Basic,"2,256",0,"2,000,000"
Alaska,Aniak,Aniak,ANI,PU,CS,,Local,"4,707",0,"13,847,730"
Alaska,Anvik,Anvik,ANV,PU,GA,,Basic,558,0,"1,400,000"
Alaska,Arctic Village,Arctic Village,ARC,NA,GA,,Basic,"1,750",0,0
Alaska,Atka,Atka,AKA,PU,GA,,Basic,318,0,"1,600,000"
Alaska,Atmautluak,Atmautluak,4A2,PU,GA,,Basic,"2,403",0,"12,266,667"
Alaska,Atqasuk,Atqasuk Edward Burnell Sr Memorial,ATK,PU,GA,,Basic,"1,833",0,"9,503,856"
Alaska,Barrow,Wiley Post-Will Rogers Memorial,BRW,PU,P,N,,"41,579",8,"32,738,809"
Alaska,Beaver,Beaver,WBQ,PU,GA,,Basic,912,0,"13,200,000"
Alaska,Bethel,Bethel,BET,PU,P,N,,"153,548",110,"40,592,387"
Alaska,Bettles,Bettles,BTT,PU,GA,,Basic,"1,571",10,"1,393,873"
Alaska,Big Lake,Big Lake,BGQ,PU,GA,,Local,0,72,"3,160,373"
Alaska,Birch Creek,Birch Creek,Z91,PU,GA,,Basic,284,0,"11,250,000"
Alaska,Birchwood,Birchwood,BCV,PU,GA,,Local,0,320,"1,500,000"
Alaska,Boundary,Boundary,BYA,PU,GA,,Unclassified,0,0,0
Alaska,Brevig Mission,Brevig Mission,KTS,PU,GA,,Basic,"2,351",0,"1,290,000"
Alaska,Buckland,Buckland,BVK,PU,CS,,Local,"3,615",1,"13,402,206"
Alaska,Central,Central,CEM,PU,GA,,Basic,19,2,"3,250,000"
Alaska,Chalkyitsik,Chalkyitsik,CIK,PU,GA,,Basic,622,0,"1,680,000"
Alaska,Chandalar,Chandalar Shelf,5CD,PU,GA,,Basic,0,0,"6,000,000"
Alaska,Chandalar,Chandalar Lake,WCR,PU,GA,,Basic,61,0,"1,400,000"
Alaska,Chefornak,Chefornak,CFK,PU,CS,,Local,"2,913",0,0
Alaska,Chenega,Chenega Bay,C05,PU,GA,,Basic,521,0,"5,250,000"
Alaska,Chevak,Chevak,VAK,PU,CS,,Local,"4,704",0,0
Alaska,Chicken,Chicken,CKX,PU,GA,,Basic,29,0,"1,400,000"
Alaska,Chignik,Chignik,AJC,PU,GA,,Basic,440,1,"8,282,287"
Alaska,Chignik Lagoon,Chignik Lagoon,KCL,PU,GA,,Basic,476,1,"10,000,000"
Alaska,Chignik Lake,Chignik Lake,A79,PU,GA,,Basic,216,0,"6,365,400"
Alaska,Chisana,Chisana,CZN,PU,GA,,Basic,79,0,"800,000"
Alaska,Chitina,Chitina,CXC,PU,GA,,Basic,1,1,"5,200,000"
Alaska,Chuathbaluk,Chuathbaluk,9A3,PU,GA,,Basic,176,0,"17,774,267"
Alaska,Circle,Circle City,CRC,PU,GA,,Basic,247,0,"6,700,000"
Alaska,Circle Hot Springs,Circle Hot Springs,CHP,PU,GA,,Unclassified,0,4,0
Alaska,Clarks Point,Clarks Point,CLP,PU,GA,,Basic,402,2,"6,824,444"
Alaska,Clear,Clear,Z84,PU,GA,,Unclassified,0,1,0
Alaska,Coffman Cove,Coffman Cove,KCC,PU,GA,,Basic,20,0,"1,200,000"
Alaska,Cold Bay,Cold Bay,CDB,PU,CS,,Local,"3,023",3,"10,550,134"
Alaska,Coldfoot,Coldfoot,CXF,PU,CS,,Local,"5,634",3,"1,904,020"
Alaska,Cordova,Merle K (Mudhole) Smith,CDV,PU,P,N,,"18,244",29,"111,568,754"
Alaska,Cordova,Cordova Municipal,CKU,PU,GA,,Basic,16,19,0
Alaska,Council,Council,K29,PU,GA,,Basic,0,0,"2,400,000"
Alaska,Craig,Craig,CGA,PU,GA,,Basic,80,1,"2,500,000"
Alaska,Crooked Creek,Crooked Creek,CJX,PU,GA,,Basic,555,0,"4,696,718"
Alaska,Deadhorse,Deadhorse,SCC,PU,P,N,,"82,296",10,"88,018,750"
Alaska,Deering,Deering,DEE,PU,GA,,Basic,"1,322",0,"35,527,206"
Alaska,Dillingham,Dillingham,DLG,PU,P,N,,"34,815",59,"23,870,778"
Alaska,Diomede,Diomede,DM2,PU,GA,,Basic,166,0,"8,850,526"
Alaska,Eagle,Eagle,EAA,PU,GA,,Basic,579,1,"6,900,000"
Alaska,Eek,Eek,EEK,PU,CS,,Local,"2,812",0,"23,162,754"
Alaska,Egegik,Egegik,EII,PU,GA,,Basic,"1,038",0,0
Alaska,Ekwok,Ekwok,KEK,PU,GA,,Basic,523,0,"688,158"
Alaska,Elfin Cove,Elfin Cove,ELV,PU,GA,,Basic,412,0,"1,000,000"
Alaska,Elim,Elim,ELI,PU,GA,,Basic,"2,005",0,"3,390,000"
Alaska,Emmonak,Emmonak,ENM,PU,CS,,Local,"9,760",1,"10,400,000"
Alaska,English Bay,Nanwalek,KEB,PU,GA,,Basic,"2,065",0,"1,500,000"
Alaska,Excursion Inlet,Excursion Inlet,EXI,PU,GA,,Basic,15,0,"1,000,000"
Alaska,Fairbanks,Fairbanks International,FAI,PU,P,S,,"548,679",569,"133,752,685"
Alaska,False Pass,False Pass,KFP,PU,GA,,Basic,65,0,"1,000,000"
Alaska,Flat,Flat,FLT,PU,GA,,Basic,3,0,0
Alaska,Fort Yukon,Fort Yukon,FYU,PU,CS,,Local,"5,506",0,"1,880,000"
Alaska,Funter (Variant: Funter Bay),Funter Bay,FNR,PU,GA,,Unclassified,1,0,0
Alaska,Galena,Edward G Pitka Sr,GAL,PU,P,N,,"11,758",0,"480,000"
Alaska,Gambell,Gambell,GAM,PU,CS,,Local,"3,142",0,"6,300,000"
Alaska,Girdwood,Girdwood,AQY,PU,GA,,Basic,0,25,"11,500,465"
Alaska,Golovin,Golovin,GLV,PU,GA,,Basic,"1,505",0,"6,413,369"
Alaska,Goodnews Bay,Goodnews,GNU,PU,GA,,Basic,902,0,"5,100,000"
Alaska,Grayling,Grayling,KGX,PU,GA,,Basic,743,0,"6,500,000"
Alaska,Gulkana,Gulkana,GKN,PU,GA,,Local,303,20,"18,900,000"
Alaska,Gustavus,Gustavus,GST,PU,CS,,Regional,"9,584",15,"19,156,579"
Alaska,Haines,Haines,HNS,PU,CS,,Local,"6,306",21,"27,520,373"
Alaska,Healy,Healy River,HRR,PU,GA,,Basic,"1,656",9,"1,842,105"
Alaska,Hollis,Clark Bay,HYL,PU,GA,,Basic,90,0,"1,200,000"
Alaska,Holy Cross,Holy Cross,HCA,PU,GA,,Basic,346,0,"1,290,000"
Alaska,Homer,Homer,HOM,PU,P,N,,"34,682",91,"2,604,927"
Alaska,Hoonah,Hoonah,HNH,PU,CS,,Local,"5,790",3,"5,450,000"
Alaska,Hoonah,Hoonah,OOH,PU,GA,,Unclassified,0,0,0
Alaska,Hooper Bay,Hooper Bay,HPB,PU,CS,,Local,"4,314",0,"2,725,000"
Alaska,Hope,Hope,5HO,PU,GA,,Basic,0,12,"5,500,000"
Alaska,Hughes,Hughes,HUS,PU,GA,,Basic,"1,050",0,"13,900,000"
Alaska,Huslia,Huslia,HLA,PU,CS,,Local,"3,304",1,"800,000"
Alaska,Hydaburg,Hydaburg,HYG,PU,GA,,Basic,4,0,"6,000,000"
Alaska,Hyder,Hyder,4Z7,PU,GA,,Basic,58,0,"1,200,000"
Alaska,Igiugig,Igiugig,IGG,PU,GA,,Basic,709,2,"12,256,522"
Alaska,Iliamna,Iliamna,ILI,PU,CS,,Local,"5,749",24,"2,023,943"
Alaska,Juneau,Juneau International,JNU,PU,P,N,,"440,279",272,"21,320,000"
Alaska,Kake,Kake,AFE,PU,CS,,Local,"3,605",0,"3,273,333"
Alaska,Kake,Kake,KAE,PU,GA,,Basic,0,0,"3,500,000"
Alaska,Kaktovik,Barter Island,BTI,MA,GA,,Basic,"1,864",0,"13,204,300"
Alaska,Kaltag,Kaltag,KAL,PU,GA,,Basic,"1,584",0,"817,206"
Alaska,Kantishna,Kantishna,5Z5,PU,GA,,Basic,3,0,0
Alaska,Karluk,Karluk,KYK,PU,GA,,Basic,293,0,"3,449,000"
Alaska,Kasaan,Kasaan,KXA,PU,GA,,Basic,3,0,"1,000,000"
Alaska,Kasigluk,Kasigluk,Z09,PU,CS,,Local,"3,386",0,"14,000,000"
Alaska,Kenai,Kenai Municipal,ENA,PU,P,N,,"67,062",47,"65,161,628"
Alaska,Ketchikan,Murphys Pullout,8K9,PU,GA,,Basic,0,7,"7,400,000"
Alaska,Ketchikan,Ketchikan International,KTN,PU,P,N,,"148,645",5,"134,974,101"
Alaska,Kiana,Bob Baker Memorial,IAN,PU,CS,,Basic,"2,759",12,"7,410,000"
Alaska,King Cove,King Cove,KVC,PU,GA,,Local,"2,380",0,"14,757,773"
Alaska,King Salmon,King Salmon,AKN,PU,P,N,,"38,021",39,"33,900,000"
Alaska,Kipnuk,Kipnuk,IIK,PU,CS,,Local,"4,466",0,"1,000,000"
Alaska,Kivalina,Kivalina,KVL,PU,CS,,Local,"3,003",0,"1,796,667"
Alaska,Klawock,Klawock,AKW,PU,P,N,,"16,733",7,"38,298,420"
Alaska,Kobuk,Dahl Creek,DCK,PU,GA,,Unclassified,182,0,0
Alaska,Kobuk,Kobuk,OBU,PU,GA,,Basic,965,0,"7,155,000"
Alaska,Kodiak,Kodiak,ADQ,PU,P,N,,"85,183",41,"54,737,126"
Alaska,Kodiak,Kodiak Municipal,KDK,PU,GA,,Basic,0,11,0
Alaska,Kodiak,Trident Basin,T44,PU,GA,,Basic,0,13,0
Alaska,Kodiak Island (Borough),Kitoi Bay,KKB,PU,GA,,Basic,93,0,0
Alaska,Kokhanok,Kokhanok,9K2,PU,GA,,Basic,"1,800",0,"18,764,329"
Alaska,Koliganek,Koliganek,JZZ,PU,GA,,Basic,908,0,"32,596,000"
Alaska,Kongiganak,Kongiganak,DUY,PU,CS,,Local,"2,725",0,"11,346,333"
Alaska,Kotlik,Kotlik,2A9,PU,CS,,Basic,"2,557",0,"16,812,832"
Alaska,Kotzebue,Ralph Wien Memorial,OTZ,PU,P,N,,"60,124",43,"77,152,804"
Alaska,Koyuk,Koyuk Alfred Adams,KKA,PU,GA,,Basic,"1,547",0,"14,950,000"
Alaska,Koyukuk,Koyukuk,KYU,PU,GA,,Basic,792,0,"10,000,000"
Alaska,Kwethluk,Kwethluk,KWT,PU,CS,,Basic,"2,614",0,"349,654"
Alaska,Kwigillingok,Kwigillingok,GGV,PU,GA,,Basic,"2,241",0,"53,725,700"
Alaska,Lake Louise,Lake Louise,Z55,PU,GA,,Basic,0,0,"4,350,000"
Alaska,Lake Minchumina,Minchumina,MHM,PU,GA,,Basic,192,2,"950,000"
Alaska,Larsen Bay,Larsen Bay,2A3,PU,CS,,Local,"2,760",0,"8,085,000"
Alaska,Levelock,Levelock,9Z8,PU,GA,,Basic,312,0,"3,500,000"
Alaska,Lime Village,Lime Village,2AK,PU,GA,,Basic,57,0,0
Alaska,Manley Hot Springs,Manley Hot Springs,MLY,PU,GA,,Basic,74,5,"6,204,195"
Alaska,Manokotak,Manokotak,MBA,PU,GA,,Basic,"1,486",0,"8,225,000"
Alaska,Marshall,Marshall Don Hunter Sr,MDM,PU,CS,,Basic,"2,514",0,"800,000"
Alaska,Matanuska-Susitna (Borough),Goose Bay,Z40,PU,GA,,Unclassified,0,0,0
Alaska,May Creek,May Creek,MYK,PU,GA,,Basic,45,0,0
Alaska,McCarthy,McCarthy,15Z,PU,GA,,Unclassified,122,0,0
Alaska,McGrath,McGrath,MCG,PU,CS,,Local,"2,575",28,"2,508,691"
Alaska,Mekoryuk,Mekoryuk,MYU,PU,GA,,Basic,"1,180",0,"31,435,693"
Alaska,Metlakatla,Metlakatla,MTM,PU,GA,,Basic,493,0,"3,200,000"
Alaska,Minto,Minto Al Wright,51Z,PU,GA,,Basic,184,0,"2,890,000"
Alaska,Mountain Village,Mountain Village,MOU,PU,CS,,Basic,"3,048",0,"14,990,000"
Alaska,Naknek,Naknek,5NK,PU,GA,,Basic,3,33,"10,000,000"
Alaska,Napakiak,Napakiak,WNA,PU,GA,,Basic,"1,513",0,"17,240,000"
Alaska,Napaskiak,Napaskiak,PKA,PU,GA,,Basic,"1,117",0,"47,075,168"
Alaska,Nelson Lagoon,Nelson Lagoon,OUL,PU,GA,,Basic,287,1,"4,817,504"
Alaska,Nenana,Nenana Municipal,ENN,PU,GA,,Local,3,19,"4,405,477"
Alaska,New Stuyahok,New Stuyahok,KNW,PU,GA,,Basic,"1,758",0,0
Alaska,Newtok,Mertarvik,EWU,PU,GA,,Basic,"1,696",0,"360,654"
Alaska,Nightmute,Nightmute,IGT,PU,GA,,Basic,"1,225",0,"425,000"
Alaska,Nikolai,Nikolai,FSP,PU,GA,,Basic,"1,628",0,"5,925,000"
Alaska,Noatak,Noatak,WTK,PU,CS,,Local,"3,698",0,"327,206"
Alaska,Nome,Nome,OME,PU,P,N,,"66,883",68,"10,540,894"
Alaska,Nondalton,Nondalton,5NN,PU,GA,,Basic,"1,197",0,"18,120,000"
Alaska,Noorvik,Robert /Bob/ Curtis Memorial,D76,PU,CS,,Local,"3,410",0,"1,103,333"
Alaska,North Slope (Borough),Galbraith Lake,GBH,PU,GA,,Basic,688,0,0
Alaska,North Whale Pass,Whale Pass Seaplane Float Harbor Facility,96Z,PU,GA,,Basic,3,0,"2,500,000"
Alaska,Northway,Northway,ORT,PU,GA,,Basic,0,0,"13,490,000"
Alaska,Nuiqsut,Nuiqsut,AQT,PU,GA,,Basic,"2,355",0,"10,603,500"
Alaska,Nulato,Nulato,NUL,PU,GA,,Basic,"2,408",0,"3,200,000"
Alaska,Nunapitchuk,Nunapitchuk,16A,PU,CS,,Basic,"2,845",0,"12,000,000"
Alaska,Old Harbor,Old Harbor,6R7,PU,GA,,Basic,"2,196",0,"1,660,000"
Alaska,Ophir,Ophir,Z17,PU,GA,,Unclassified,0,0,0
Alaska,Ouzinkie,Ouzinkie,4K5,PU,GA,,Basic,"1,190",0,"3,785,000"
Alaska,Palmer,"Warren ""Bud"" Woods Palmer Municipal",PAQ,PU,GA,,Local,2,134,"13,158,459"
Alaska,Pedro Bay,Pedro Bay,4K0,PU,GA,,Basic,598,1,"9,104,999"
Alaska,Pelican,Pelican,PEC,PU,GA,,Basic,"1,227",0,"1,000,000"
Alaska,Perryville,Perryville,PEV,PU,GA,,Basic,474,3,"6,700,000"
Alaska,Petersburg,Lloyd R Roundtree Seaplane Facility,63A,PU,GA,,Unclassified,0,4,0
Alaska,Petersburg,Petersburg James A Johnson,PSG,PU,P,N,,"24,921",12,"3,721,053"
Alaska,Pilot Point,Pilot Point,PNP,PU,GA,,Basic,417,3,"6,290,000"
Alaska,Pilot Station,Pilot Station,0AK,PU,CS,,Local,"3,195",0,"1,100,000"
Alaska,Platinum,Platinum,PTU,PU,GA,,Basic,485,0,"1,500,000"
Alaska,Point Baker,Point Baker,KPB,PU,GA,,Unclassified,3,0,0
Alaska,Point Hope,Point Hope,PHO,PU,CS,,Local,"4,052",0,"1,093,333"
Alaska,Point Lay,Point Lay LRRS,PIZ,MA,GA,,Basic,"1,470",0,"1,316,100"
Alaska,Port Alexander,Port Alexander,AHP,PU,GA,,Basic,123,0,"2,500,000"
Alaska,Port Graham,Port Graham,PGM,PU,GA,,Basic,"1,605",0,"1,500,000"
Alaska,Port Heiden,Port Heiden,PTH,PU,GA,,Basic,814,0,"985,000"
Alaska,Port Lions,Port Lions,ORI,PU,GA,,Basic,"1,289",0,"25,617,940"
Alaska,Port Protection,Port Protection,19P,PU,GA,,Basic,21,0,"3,500,000"
Alaska,Portage Creek,Portage Creek,A14,PU,GA,,Basic,0,0,0
Alaska,Quinhagak,Quinhagak,AQH,NA,CS,,Local,"5,119",1,"15,666,667"
Alaska,Rampart,Rampart,RMP,PU,GA,,Basic,554,0,"5,690,000"
Alaska,Red Devil,Red Devil,RDV,PU,GA,,Basic,61,0,"6,316,456"
Alaska,Ruby,Ruby,RBY,PU,GA,,Basic,"1,476",5,"16,500,000"
Alaska,Russian Mission,Russian Mission,RSH,PU,GA,,Basic,"2,303",0,"8,880,000"
Alaska,Saint Mary's,St Mary's,KSM,PU,CS,,Local,"4,912",0,"1,220,000"
Alaska,Saint Michael,St Michael,SMK,PU,GA,,Basic,"1,831",0,"1,743,038"
Alaska,Saint Paul Island,St Paul Island,SNP,PU,GA,,Basic,"1,775",0,"752,000"
Alaska,Sand Point,Sand Point,SDP,PU,CS,,Local,"2,818",1,"3,100,000"
Alaska,Savoonga,Savoonga,SVA,PU,CS,,Local,"3,310",0,"3,100,000"
Alaska,Scammon Bay,Scammon Bay,SCM,PU,CS,,Local,"3,583",0,"28,872,531"
Alaska,Selawik,Selawik,WLK,PU,CS,,Local,"3,974",0,"62,197,206"
Alaska,Seldovia,Seldovia,SOV,PU,CS,,Local,"3,381",2,"16,153,000"
Alaska,Seward,Seward,SWD,PU,GA,,Local,6,23,"39,935,114"
Alaska,Shageluk,Shageluk,SHX,PU,GA,,Basic,486,0,"1,200,000"
Alaska,Shaktoolik,Shaktoolik,2C7,PU,GA,,Basic,"1,627",0,"30,380,000"
Alaska,Sheldon Point,Nunam Iqua,SXP,PU,GA,,Basic,999,0,"29,921,980"
Alaska,Shishmaref,Shishmaref,SHH,PU,CS,,Local,"3,477",0,"690,000"
Alaska,Shungnak,Shungnak,SHG,PU,GA,,Basic,"1,563",0,"10,620,000"
Alaska,Sitka,Sitka,A29,PU,GA,,Unclassified,100,2,0
Alaska,Sitka,Sitka Rocky Gutierrez,SIT,PU,P,N,,"96,214",25,"45,456,446"
Alaska,Skagway,Skagway,SGY,PU,CS,,Local,"4,953",20,"1,120,000"
Alaska,Skwentna,Skwentna,SKW,PU,GA,,Basic,92,0,"17,353,000"
Alaska,Sleetmute,Sleetmute,SLQ,PU,GA,,Basic,514,0,0
Alaska,Soldotna,Soldotna,SXQ,PU,GA,,Local,2,150,"2,375,000"
Alaska,South Naknek,South Naknek Nr 2,WSN,PU,GA,,Basic,51,2,"2,000,000"
Alaska,St. George,St George,PBV,PU,GA,,Basic,274,0,"4,692,522"
Alaska,Stebbins,Stebbins,WBB,PU,GA,,Basic,"2,049",0,"17,900,000"
Alaska,Stevens Village,Stevens Village,SVS,PU,GA,,Basic,274,0,"1,690,000"
Alaska,Stony River,Stony River 2,SRV,PU,GA,,Basic,200,0,"15,300,000"
Alaska,Takotna,Takotna,TCT,PU,GA,,Basic,470,0,"16,982,000"
Alaska,Talkeetna,Talkeetna,TKA,PU,GA,,Local,0,66,"6,836,800"
Alaska,Tanana,Ralph M Calhoun Memorial,TAL,PU,GA,,Basic,"1,703",0,"10,321,762"
Alaska,Tatitlek,Tatitlek,7KA,PU,GA,,Basic,549,0,"8,850,000"
Alaska,Telida,Telida,2K5,PU,GA,,Basic,0,0,0
Alaska,Teller,Teller,TER,PU,GA,,Basic,"1,333",0,"16,132,748"
Alaska,Tenakee Springs,Tenakee,TKE,PU,GA,,Basic,451,0,"1,200,000"
Alaska,Tetlin,Tetlin,3T4,PU,GA,,Basic,0,0,"5,200,000"
Alaska,Thorne Bay,Thorne Bay,KTB,PU,GA,,Basic,218,1,"2,500,000"
Alaska,Togiak,Togiak,TOG,PU,CS,,Local,"2,997",0,"425,000"
Alaska,Tok,Tok Junction,6K8,PU,GA,,Local,486,30,"11,200,000"
Alaska,Toksook Bay,Toksook Bay,OOK,PU,CS,,Local,"3,197",0,"2,320,667"
Alaska,Tuluksak,Tuluksak,TLT,PU,GA,,Basic,"2,242",0,"2,000,000"
Alaska,Tuntutuliak,Tuntutuliak,A61,PU,CS,,Local,"3,161",0,"13,600,000"
Alaska,Tununak,Tununak,4KA,PU,GA,,Basic,"1,674",0,"21,341,000"
Alaska,Twin Hills,Twin Hills,A63,PU,GA,,Basic,577,0,"27,034,737"
Alaska,Ugashik,Ugashik,9A8,PU,GA,,Basic,86,0,"10,000,000"
Alaska,Unalakleet,Unalakleet,UNK,PU,CS,,Local,"8,312",0,"5,160,000"
Alaska,Unalaska,Unalaska,DUT,PU,P,N,,"19,201",5,"1,138,161"
Alaska,Upper Kalskag (native name: Kalskag),Kalskag,KLG,PU,GA,,Basic,"2,029",0,"2,629,876"
Alaska,Valdez,Valdez Pioneer Field,VDZ,PU,CS,,Local,"4,235",6,"32,715,621"
Alaska,Venetie,Venetie,VEE,NA,GA,,Basic,"1,629",0,0
Alaska,Wainwright,Wainwright,AWI,PU,CS,,Local,"3,095",0,"10,244,300"
Alaska,Wales,Wales,IWK,PU,GA,,Basic,"1,111",0,"3,986,667"
Alaska,Wasilla,Wasilla,IYS,PU,GA,,Local,16,119,"17,592,039"
Alaska,White Mountain,White Mountain,WMO,PU,GA,,Basic,"1,307",1,"1,430,000"
Alaska,Whittier,Whittier,IEM,PU,GA,,Unclassified,0,0,0
Alaska,Willow,Willow,UUO,PU,GA,,Local,0,70,"7,996,133"
Alaska,Wrangell,Wrangell,68A,PU,GA,,Basic,0,1,"3,500,000"
Alaska,Wrangell,Wrangell,WRG,PU,P,N,,"14,323",9,0
Alaska,Yakutat,Yakutat,2Y3,PU,GA,,Unclassified,0,0,0
Alaska,Yakutat,Yakutat,YAK,PU,P,N,,"12,105",10,"48,575,058"
Arizona,- Flagstaff,Flagstaff Pulliam,FLG,PU,P,N,,"73,992",109,"38,145,279"
Arizona,Ajo,Eric Marcus Municipal,P01,PU,GA,,Basic,0,3,"3,002,899"
Arizona,Bagdad,Bagdad,E51,PU,GA,,Basic,9,3,"1,350,758"
Arizona,Benson,Benson Municipal/Paul Kerchum Field,E95,PU,GA,,Local,0,18,"3,780,891"
Arizona,Bisbee,Bisbee Municipal,P04,PU,GA,,Basic,0,13,"1,564,902"
Arizona,Buckeye,Buckeye Municipal,BXK,PU,GA,,Local,5,60,"8,268,653"
Arizona,Bullhead City,Laughlin/Bullhead International,IFP,PU,GA,,National,"73,463",28,"8,506,356"
Arizona,Casa Grande,Casa Grande Municipal,CGZ,PU,GA,,Local,4,65,"4,733,625"
Arizona,Chandler,Chandler Municipal,CHD,PU,R,,Regional,73,469,"20,957,880"
Arizona,Chinle,Chinle Municipal,E91,NA,GA,,Basic,0,11,"890,158"
Arizona,Cibecue,Cibecue,Z95,NA,GA,,Basic,0,0,"2,848,429"
Arizona,Clifton,Greenlee County,CFT,PU,GA,,Unclassified,65,1,0
Arizona,Colorado City,Colorado City Municipal,AZC,PU,GA,,Local,164,15,"2,965,263"
Arizona,Coolidge,Coolidge Municipal,P08,PU,GA,,Local,0,41,"1,772,015"
Arizona,Cottonwood,Cottonwood,P52,PU,GA,,Local,1,49,"2,436,612"
Arizona,Douglas,Bisbee Douglas International,DUG,PU,GA,,Basic,0,1,"8,275,811"
Arizona,Eloy,Eloy Municipal,E60,PU,GA,,Local,0,32,"2,157,844"
Arizona,Fort Huachuca,Sierra Vista Municipal-Libby AAF,FHU,MR,GA,,Local,89,52,"1,728,955"
Arizona,Gila Bend,Gila Bend Municipal,E63,PU,GA,,Basic,0,4,"2,713,057"
Arizona,Glendale,Glendale Municipal,GEU,PU,R,,Regional,60,289,"22,823,962"
Arizona,Globe,San Carlos Apache,P13,NA,GA,,Basic,7,3,"1,650,203"
Arizona,Goodyear,Phoenix Goodyear,GYR,PU,R,,National,14,254,"26,088,475"
Arizona,Grand Canyon,Grand Canyon Ntl Park,GCN,PU,GA,,National,"142,776",0,"29,729,243"
Arizona,Holbrook,Holbrook Municipal,P14,PU,GA,,Basic,0,9,"3,034,362"
Arizona,Kayenta,Kayenta,0V7,NA,GA,,Basic,0,0,"1,118,757"
Arizona,Kingman,Kingman,IGM,PU,GA,,Local,110,79,"10,392,840"
Arizona,Lake Havasu City,Lake Havasu City,HII,PU,GA,,Regional,15,117,0
Arizona,Marana,Marana Regional,AVQ,PU,R,,Regional,32,213,"11,581,418"
Arizona,Maricopa,Ak-Chin Regional,A39,PU,GA,,Basic,0,11,"5,161,433"
Arizona,Mesa,Falcon Field,FFZ,PU,R,,Regional,11,543,"9,192,315"
Arizona,Mesa,Phoenix-Mesa Gateway,IWA,PU,P,S,,"964,132",68,"57,185,878"
Arizona,Nogales,Nogales International,OLS,PU,GA,,Local,0,17,"5,508,940"
Arizona,Page,Page Municipal,PGA,PU,P,N,,"15,953",70,"4,281,067"
Arizona,Parker,Avi Suquilla,P20,NA,GA,,Basic,0,4,"6,771,538"
Arizona,Payson,Payson,PAN,PU,GA,,Local,8,60,"2,887,397"
Arizona,Peach Springs,Grand Canyon West,1G4,NA,P,N,,"33,982",0,"27,057,277"
Arizona,Phoenix,Phoenix Deer Valley,DVT,PU,R,,National,165,917,"26,854,830"
Arizona,Phoenix,Phoenix Sky Harbor International,PHX,PU,P,L,,"23,880,459",62,"203,396,468"
Arizona,Pinal (County),Pinal Airpark,MZJ,PU,GA,,Local,0,66,"14,066,484"
Arizona,Polacca,Polacca,P10,NA,GA,,Basic,0,0,"4,931,935"
Arizona,Prescott,Prescott Regional - Ernest A Love Field,PRC,PU,P,N,,"24,583",262,"5,415,963"
Arizona,Safford,Safford Regional,SAD,PU,GA,,Regional,43,52,"5,935,879"
Arizona,Saint Johns,St Johns Industrial Air Park,SJN,PU,GA,,Basic,0,1,"1,489,373"
Arizona,San Manuel,San Manuel,E77,PU,GA,,Local,0,15,"955,653"
Arizona,Scottsdale,Scottsdale,SDL,PU,R,,National,"1,564",338,"9,078,803"
Arizona,Sedona,Sedona,SEZ,PU,GA,,Local,62,64,"27,234,790"
Arizona,Show Low,Show Low Regional,SOW,PU,CS,,Regional,"3,729",30,"14,825,000"
Arizona,Springerville,Springerville Municipal,JTC,PU,GA,,Basic,0,11,"2,953,961"
Arizona,Taylor,Taylor,TYL,PU,GA,,Basic,0,14,"261,366"
Arizona,Tuba City,Tuba City,T03,NA,GA,,Basic,0,0,"4,254,563"
Arizona,Tucson,Ryan Field,RYN,PU,R,,Regional,4,228,"8,668,472"
Arizona,Tucson,Tucson International,TUS,PU,P,S,,"1,925,544",343,"176,286,846"
Arizona,Whiteriver,Whiteriver,E24,NA,GA,,Basic,0,0,"1,128,907"
Arizona,Wickenburg,Wickenburg Municipal,E25,PU,GA,,Basic,0,10,"1,909,450"
Arizona,Willcox,Cochise County,P33,PU,GA,,Local,0,20,"851,087"
Arizona,Williams,H A Clark Memorial Field,CMR,PU,GA,,Basic,4,2,"1,078,501"
Arizona,Window Rock,Window Rock,RQE,NA,GA,,Basic,0,2,"8,641,313"
Arizona,Winslow,Winslow-Lindbergh Regional,INW,PU,GA,,Regional,0,3,"7,996,325"
Arizona,Yuma,Yuma MCAS/Yuma International,NYL,MN,P,N,,"94,364",78,"22,296,149"
Arkansas,Almyra,Almyra Municipal,M73,PU,GA,,Basic,0,10,"2,192,000"
Arkansas,Arkadelphia,Dexter B Florence Memorial Field,ADF,PU,GA,,Local,0,26,"3,269,491"
Arkansas,Ash Flat,Sharp County Regional,CVK,PU,GA,,Local,0,17,"3,539,097"
Arkansas,Augusta,Woodruff County,M60,PU,GA,,Unclassified,0,0,0
Arkansas,Batesville,Batesville Regional,BVX,PU,GA,,Regional,0,54,"6,145,961"
Arkansas,Benton,Saline County Regional,SUZ,PU,GA,,Regional,0,77,"7,400,650"
Arkansas,Bentonville,Bentonville Municipal/Louise M Thaden Field,VBT,PU,GA,,Regional,3,88,"3,988,956"
Arkansas,Bentonville,Northwest Arkansas Ntl,XNA,PU,P,S,,"972,880",12,"51,502,387"
Arkansas,Berryville,Carroll County,4M1,PU,GA,,Local,0,38,"3,173,873"
Arkansas,Blytheville,Arkansas International,BYH,PU,GA,,Local,3,28,"1,577,000"
Arkansas,Blytheville,Blytheville Municipal,HKA,PU,GA,,Unclassified,0,7,0
Arkansas,Brinkley,Frank Federer Memorial,M36,PU,GA,,Basic,0,10,"2,002,950"
Arkansas,Calico Rock,Calico Rock-Izard County,37T,PU,GA,,Basic,0,10,"1,631,666"
Arkansas,Camden,Harrell Field,CDH,PU,GA,,Basic,0,14,"994,444"
Arkansas,Carlisle,Carlisle Municipal,4M3,PU,GA,,Local,0,35,"3,040,302"
Arkansas,Clarendon,Clarendon Municipal,4M8,PU,GA,,Local,0,20,"1,044,444"
Arkansas,Clarksville,Clarksville Municipal,H35,PU,GA,,Local,0,25,"2,337,000"
Arkansas,Clinton,Clinton Municipal,CCA,PU,GA,,Local,0,22,"1,266,668"
Arkansas,Colt,Delta Regional,DRP,PU,GA,,Local,2,15,"3,443,740"
Arkansas,Conway,Conway Regional,CXW,PU,GA,,Regional,0,65,"5,966,980"
Arkansas,Corning,Corning Municipal,4M9,PU,GA,,Local,0,20,"2,255,191"
Arkansas,Crossett,Z M Jack Stell Field,CRT,PU,GA,,Basic,0,12,"5,337,475"
Arkansas,Danville,Danville Municipal,32A,PU,GA,,Basic,0,9,"1,333,333"
Arkansas,De Queen,J Lynn Helms Sevier County,DEQ,PU,GA,,Basic,0,6,"1,706,667"
Arkansas,De Witt,Dewitt Municipal/Whitcomb Field,5M1,PU,GA,,Local,0,15,"1,873,084"
Arkansas,Dumas,Billy Free Municipal,0M0,PU,GA,,Basic,0,14,"4,780,310"
Arkansas,El Dorado,South Arkansas Regional at Goodwin Field,ELD,PU,CS,,Regional,"3,144",18,"3,921,024"
Arkansas,Fayetteville,Drake Field,FYV,PU,GA,,National,"1,047",117,"11,667,389"
Arkansas,Flippin,Marion County Regional,FLP,PU,GA,,Local,0,20,"903,240"
Arkansas,Fordyce,Fordyce Municipal,5M4,PU,GA,,Unclassified,0,1,0
Arkansas,Fort Smith,Fort Smith Regional (Ebbing Field Angb),FSM,PU,P,N,,"58,615",76,"8,958,910"
Arkansas,Harrison,Boone County,HRO,PU,CS,,Regional,"4,565",42,"4,811,225"
Arkansas,Heber Springs,Heber Springs Municipal,HBZ,PU,GA,,Local,0,20,"4,009,918"
Arkansas,Hope,Hope Municipal,M18,PU,GA,,Local,0,18,"2,245,262"
Arkansas,Horseshoe Bend,Horseshoe Bend,6M2,PU,GA,,Local,0,15,"1,410,000"
Arkansas,Hot Springs,Memorial Field,HOT,PU,CS,,Regional,"3,727",97,"26,003,278"
Arkansas,Jonesboro,Jonesboro Municipal,JBR,PU,GA,,National,"2,194",121,"9,054,329"
Arkansas,Lake Village,Lake Village Municipal,M32,PU,GA,,Basic,0,12,"1,383,950"
Arkansas,Little Rock,Bill and Hillary Clinton Ntl/Adams Field,LIT,PU,P,S,,"1,097,465",116,"71,885,416"
Arkansas,Magnolia,Ralph C Weiser Field,AGO,PU,GA,,Basic,4,12,"2,413,680"
Arkansas,Malvern,Malvern Municipal,M78,PU,GA,,Local,0,20,"1,408,855"
Arkansas,Manila,Manila Municipal,MXA,PU,GA,,Local,0,15,"2,540,750"
Arkansas,Marianna,Marianna/Lee County-Steve Edwards Field,6M7,PU,GA,,Basic,0,10,"2,802,365"
Arkansas,Marked Tree,Marked Tree Municipal,6M8,PU,GA,,Unclassified,0,5,0
Arkansas,Marshall,Searcy County,4A5,PU,GA,,Basic,0,10,"1,611,110"
Arkansas,McGehee,McGehee Municipal,7M1,PU,GA,,Basic,0,11,"1,645,748"
Arkansas,Melbourne,Melbourne Municipal - John E Miller Field,42A,PU,GA,,Local,0,25,"3,058,111"
Arkansas,Mena,Mena Intermountain Municipal,MEZ,PU,GA,,Local,1,29,"1,755,000"
Arkansas,Monticello,Monticello Municipal/Ellis Field,LLQ,PU,GA,,Local,0,19,"2,140,971"
Arkansas,Morrilton,Morrilton Municipal,BDQ,PU,GA,,Local,0,29,"1,428,666"
Arkansas,Morrilton,Petit Jean Park,MPJ,PU,GA,,Unclassified,0,0,0
Arkansas,Mount Ida,Bearce,7M3,PU,GA,,Basic,0,9,"1,612,955"
Arkansas,Mountain Home,Baxter County,BPK,PU,GA,,Regional,0,74,"19,373,257"
Arkansas,Nashville,Howard County,M77,PU,GA,,Unclassified,0,6,0
Arkansas,Newport,Newport Regional,M19,PU,GA,,Local,0,21,"1,510,000"
Arkansas,North Little Rock,North Little Rock Municipal,ORK,PU,R,,Regional,0,51,"2,904,445"
Arkansas,Osceola,Osceola Municipal,7M4,PU,GA,,Basic,0,14,"2,035,034"
Arkansas,Ozark,Ozark/Franklin County,7M5,PU,GA,,Basic,0,14,"1,121,222"
Arkansas,Paragould,Kirk Field,PGR,PU,GA,,Local,0,47,"3,356,666"
Arkansas,Paris,Paris Municipal,7M6,PU,GA,,Unclassified,0,7,0
Arkansas,Piggott,Piggott Municipal,7M7,PU,GA,,Basic,0,10,"2,709,307"
Arkansas,Pine Bluff,Pinebluff Regional/Grider Field,PBF,PU,GA,,Regional,0,30,"2,419,232"
Arkansas,Pocahontas,Pocahontas Municipal,M70,PU,GA,,Local,0,22,"7,741,917"
Arkansas,Rogers,Rogers Exec - Carter Field,ROG,PU,GA,,National,46,124,"20,456,334"
Arkansas,Russellville,Russellville Regional,RUE,PU,GA,,Regional,0,51,"1,715,691"
Arkansas,Searcy,Searcy Regional,SRC,PU,GA,,Regional,9,114,"6,177,883"
Arkansas,Sheridan,Sheridan-Grant County Regional,9M8,PU,GA,,Local,0,19,"1,880,000"
Arkansas,Siloam Springs,Smith Field,SLG,PU,GA,,Regional,0,34,"2,361,897"
Arkansas,Springdale,Springdale Municipal,ASG,PU,GA,,National,9,119,"12,409,067"
Arkansas,Texarkana,Texarkana Regional-Webb Field,TXK,PU,P,N,,"41,951",52,"19,899,358"
Arkansas,Ulm,Stuttgart Municipal Carl Humphrey Field,SGT,PU,GA,,Local,5,23,"2,737,938"
Arkansas,Waldron,Waldron Municipal,M27,PU,GA,,Unclassified,0,3,0
Arkansas,Walnut Ridge,Walnut Ridge Regional,ARG,PU,GA,,Local,0,43,"2,449,533"
Arkansas,Warren,Warren Municipal,3M9,PU,GA,,Unclassified,0,0,0
Arkansas,West Helena,Thompson-Robbins,HEE,PU,GA,,Local,0,16,"4,185,996"
Arkansas,West Memphis,West Memphis Municipal,AWM,PU,R,,Regional,16,98,"7,000,448"
California,Alturas,Alturas Municipal,AAT,PU,GA,,Basic,0,10,"1,840,928"
California,Alturas,Tulelake Municipal,O81,PU,GA,,Basic,0,13,"897,027"
California,Apple Valley,Apple Valley,APV,PU,GA,,Regional,0,136,"13,155,533"
California,Arcata,California Redwood Coast-Humboldt County,ACV,PU,P,N,,"117,972",24,"52,932,138"
California,Atwater,Castle,MER,PU,GA,,Regional,6,50,"2,305,833"
California,Auburn,Auburn Municipal,AUN,PU,GA,,Regional,12,236,"8,516,944"
California,Bakersfield,Meadows Field,BFL,PU,P,N,,"174,891",194,"65,250,489"
California,Bakersfield,Bakersfield Municipal,L45,PU,GA,,Local,0,72,"380,000"
California,Banning,Banning Municipal,BNG,PU,GA,,Local,0,24,"2,716,573"
California,Beckwourth,Nervino,O02,PU,GA,,Basic,0,6,"1,079,101"
California,Big Bear City,Big Bear City,L35,PU,GA,,Regional,0,89,"9,873,918"
California,Bishop,Bishop,BIH,PU,P,N,,"10,007",38,"33,980,409"
California,Blythe,Blythe,BLH,PU,GA,,Basic,0,3,"13,255,556"
California,Boonville,Boonville,D83,PU,GA,,Basic,0,9,"993,334"
California,Borrego Springs,Borrego Valley,L08,PU,GA,,Basic,0,10,"6,910,000"
California,Brawley,Brawley Municipal,BWC,PU,GA,,Local,0,52,"10,059,352"
California,Bridgeport,Bryant Field,O57,PU,GA,,Unclassified,0,0,0
California,Burbank,Bob Hope,BUR,PU,P,M,,"3,132,023",81,"117,003,896"
California,Byron,Byron,C83,PU,R,,Local,6,71,"1,688,000"
California,Calexico,Calexico International,CXL,PU,GA,,Basic,48,12,"9,568,168"
California,California City,California City Municipal,L71,PU,GA,,Basic,0,14,"5,754,341"
California,Camarillo,Camarillo,CMA,PU,R,,National,130,356,"70,633,024"
California,Cameron Park,Cameron Park,O61,PU,GA,,Local,0,44,0
California,Carlsbad,McClellan-Palomar,CRQ,PU,CS,,National,"4,328",284,"33,284,469"
California,Cedarville,Cedarville,O59,PU,GA,,Unclassified,0,3,0
California,Chester,Rogers Field,O05,PU,GA,,Basic,0,6,"1,450,111"
California,Chico,Chico Regional,CIC,PU,GA,,Regional,8,101,"1,252,385"
California,Chino,Chino,CNO,PU,R,,National,13,689,"34,387,220"
California,Chowchilla,Chowchilla,2O6,PU,GA,,Local,0,18,"8,375,522"
California,Cloverdale,Cloverdale Municipal,O60,PU,GA,,Basic,0,12,"1,964,687"
California,Coalinga,New Coalinga Municipal,C80,PU,GA,,Basic,0,8,"666,667"
California,Columbia,Columbia,O22,PU,GA,,Local,18,91,"2,016,667"
California,Colusa,Colusa County,O08,PU,GA,,Local,0,34,"2,532,111"
California,Compton,Compton/Woodley,CPM,PU,R,,Local,0,37,"13,314,444"
California,Concord,Buchanan Field,CCR,PU,GA,,National,"17,016",365,"6,119,672"
California,Corning,Corning Municipal,0O4,PU,GA,,Basic,0,9,"833,334"
California,Corona,Corona Municipal,AJO,PU,GA,,Regional,0,114,0
California,Covelo,Round Valley,O09,PU,GA,,Basic,0,4,"1,981,500"
California,Crescent City,Jack McNamara Field,CEC,PU,CS,,Regional,"7,879",16,"21,275,817"
California,Daggett,Barstow-Daggett,DAG,PU,GA,,Basic,0,9,"6,383,333"
California,Davis,Yolo County,DWA,PU,GA,,Local,2,30,"1,761,000"
California,Davis,University,EDU,PU,GA,,Local,0,26,"6,988,667"
California,Delano,Delano Municipal,DLO,PU,GA,,Basic,0,13,"7,702,332"
California,Dorris,Butte Valley,A32,PU,GA,,Unclassified,0,1,0
California,Dunsmuir,Dunsmuir Municipal-Mott,1O6,PU,GA,,Basic,0,9,"1,416,667"
California,El Monte,San Gabriel Valley,EMT,PU,R,,Regional,8,91,"26,416,667"
California,Eureka,Murray Field,EKA,PU,GA,,Local,0,39,"1,125,300"
California,Eureka,Kneeland,O19,PU,GA,,Unclassified,0,0,0
California,Fall River Mills,Fall River Mills,O89,PU,GA,,Basic,4,9,"5,873,680"
California,Fallbrook,Fallbrook Community Airpark,L18,PU,GA,,Local,0,96,"8,793,333"
California,Firebaugh,Firebaugh,F34,PU,GA,,Unclassified,0,8,0
California,Fort Jones,Scott Valley,A30,PU,GA,,Local,14,18,"1,365,556"
California,Fortuna,Rohnerville,FOT,PU,GA,,Local,0,15,"3,306,035"
California,Franklin,Franklin Field,F72,PU,GA,,Local,0,15,"500,000"
California,Fresno,Fresno Yosemite International,FAT,PU,P,S,,"1,201,789",163,"111,882,334"
California,Fresno,Fresno Chandler Exec,FCH,PU,R,,Regional,6,102,"7,700,000"
California,Fullerton,Fullerton Municipal,FUL,PU,R,,Regional,8,296,"2,733,334"
California,Garberville,Garberville,O16,PU,GA,,Local,0,15,"866,667"
California,Georgetown,Georgetown,E36,PU,GA,,Local,0,15,"455,000"
California,Grass Valley,Nevada County,GOO,PU,GA,,Local,44,127,"4,189,815"
California,Groveland,Pine Mountain Lake,E45,PU,GA,,Unclassified,4,7,0
California,Gustine,Gustine,3O1,PU,GA,,Basic,0,10,"1,398,889"
California,Half Moon Bay,Half Moon Bay,HAF,PU,R,,Regional,1,36,"43,284,999"
California,Hanford,Hanford Municipal,HJO,PU,GA,,Local,26,67,"1,427,856"
California,Havasu Lake,Chemehuevi Valley,49X,NA,GA,,Basic,0,0,"3,874,755"
California,Hawthorne,Jack Northrop Field/Hawthorne Municipal,HHR,PU,CS,,National,"5,100",164,"10,686,209"
California,Hayfork,Hayfork,F62,PU,GA,,Unclassified,0,2,0
California,Hayward,Hayward Exec,HWD,PU,R,,National,38,400,"14,203,954"
California,Healdsburg,Healdsburg Municipal,HES,PU,GA,,Local,0,24,"4,884,267"
California,Hemet,Hemet-Ryan,HMT,PU,GA,,Regional,0,140,"3,977,777"
California,Hollister,Hollister Municipal,CVH,PU,GA,,Regional,0,89,"11,612,122"
California,Hoopa,Hoopa,O21,PU,GA,,Basic,0,0,0
California,Imperial,Imperial County,IPL,PU,CS,,Regional,"7,100",31,"7,459,500"
California,Independence,Independence,2O7,PU,GA,,Unclassified,0,0,0
California,Inyo (County),Trona,L72,PU,GA,,Basic,0,0,0
California,Inyokern,Inyokern,IYK,PU,GA,,Local,0,31,"11,914,239"
California,Jackson,Westover Field Amador County,JAQ,PU,GA,,Local,0,83,"1,944,850"
California,Kernville,Kern Valley,L05,PU,GA,,Local,0,15,"8,069,179"
California,King City,Mesa Del Rey,KIC,PU,GA,,Basic,0,10,"753,333"
California,La Verne,Brackett Field,POC,PU,R,,Regional,0,76,"5,888,889"
California,Lakeport,Lampson Field,1O2,PU,GA,,Local,0,16,"2,494,569"
California,Lancaster,General Wm J Fox Airfield,WJF,PU,GA,,Local,3,51,"3,216,667"
California,Lee Vining,Lee Vining,O24,PU,GA,,Unclassified,0,1,0
California,Lincoln,Lincoln Regional/Karl Harder Field,LHM,PU,R,,Local,4,50,"8,031,952"
California,Little River,Little River,LLR,PU,GA,,Local,4,17,"11,720,958"
California,Livermore,Livermore Municipal,LVK,PU,R,,Regional,30,405,"16,890,133"
California,Lompoc,Lompoc,LPC,PU,GA,,Local,11,38,"8,315,584"
California,Lone Pine,Lone Pine/Death Valley,O26,PU,GA,,Basic,0,9,"5,723,543"
California,Long Beach,Long Beach (Daugherty Field),LGB,PU,P,S,,"1,837,622",398,"209,761,682"
California,Los Angeles,Los Angeles International,LAX,PU,P,L,,"40,956,673",0,"572,656,460"
California,Los Angeles,Whiteman,WHP,PU,R,,Regional,0,191,"10,335,667"
California,Los Banos,Los Banos Municipal,LSN,PU,GA,,Local,0,16,"2,752,777"
California,Madera,Madera Municipal,MAE,PU,GA,,Regional,0,62,"3,723,766"
California,Mammoth Lakes,Mammoth Yosemite,MMH,PU,CS,,Local,"3,966",0,"23,493,393"
California,Marina,Marina Municipal,OAR,PU,GA,,Local,0,36,"2,838,689"
California,Mariposa,Mariposa-Yosemite,MPI,PU,GA,,Local,18,17,"5,998,682"
California,Marysville,Yuba County,MYV,PU,GA,,Local,4,32,"3,766,770"
California,Mendota,William Robert Johnston Municipal,M90,PU,GA,,Unclassified,0,0,0
California,Merced,Merced Yosemite Regional,MCE,PU,CS,,Regional,"3,798",30,"1,475,793"
California,Merced,Turlock Municipal,O15,PU,GA,,Local,0,27,"3,604,967"
California,Modesto,Modesto City-County-Harry Sham Field,MOD,PU,GA,,Regional,9,140,"2,211,833"
California,Mojave,Mojave Air & Space Port/Rutan Field,MHV,PU,GA,,Regional,9,117,"16,917,033"
California,Montague,Siskiyou County,SIY,PU,GA,,Local,0,18,"3,377,778"
California,Monterey,Monterey Regional,MRY,PU,P,N,,"259,773",146,"29,775,921"
California,Napa,Napa County,APC,PU,R,,National,470,166,"15,034,889"
California,Needles,Needles,EED,PU,GA,,Unclassified,0,3,0
California,Novato,Gnoss Field,DVO,PU,R,,Regional,94,179,"6,029,853"
California,Oakdale,Oakdale,O27,PU,GA,,Local,0,44,"1,726,208"
California,Oakland,Metro Oakland International,OAK,PU,P,M,,"5,520,778",264,"843,610,420"
California,Oceano,Oceano County,L52,PU,GA,,Local,0,15,"6,364,116"
California,Oceanside,Bob Maxwell Memorial Airfield,OKB,PU,GA,,Local,0,68,"8,971,080"
California,Ontario,Ontario International,ONT,PU,P,M,,"3,181,161",15,"145,494,434"
California,Orland,Haigh Field,O37,PU,GA,,Local,0,44,"1,112,336"
California,Oroville,Oroville Municipal,OVE,PU,GA,,Local,0,39,"2,492,289"
California,Oxnard,Oxnard,OXR,PU,GA,,Regional,44,114,"17,229,375"
California,Palm Springs,Palm Springs International,PSP,PU,P,S,,"1,625,320",69,"51,249,167"
California,Palm Springs,Jacqueline Cochran Regional,TRM,PU,GA,,National,174,89,"7,476,333"
California,Palmdale,Palmdale USAF Plant 42,PMD,MA,GA,,Unclassified,0,0,0
California,Palo Alto,Palo Alto,PAO,PU,R,,Regional,74,317,"7,946,267"
California,Paso Robles,Paso Robles Municipal,PRB,PU,GA,,Regional,57,197,"2,507,777"
California,Petaluma,Petaluma Municipal,O69,PU,R,,Regional,0,135,"3,703,161"
California,Placerville,Placerville,PVF,PU,GA,,Local,0,37,"2,132,567"
California,Porterville,Porterville Municipal,PTV,PU,GA,,Local,10,36,"1,216,667"
California,Quincy,Gansner Field,2O1,PU,GA,,Local,0,24,"462,656"
California,Ramona,Ramona,RNM,PU,R,,Regional,1,137,"12,000,000"
California,Rancho Murieta,Rancho Murieta,RIU,PR,GA,,Unclassified,3,16,0
California,Red Bluff,Red Bluff Municipal,RBL,PU,GA,,Regional,5,100,"64,222"
California,Redding,Benton Field,O85,PU,GA,,Local,1,77,"648,667"
California,Redding,Redding Regional,RDD,PU,P,N,,"87,670",240,"89,566,291"
California,Redlands,Redlands Municipal,REI,PU,GA,,Local,0,183,"2,066,667"
California,Reedley,Reedley Municipal,O32,PU,GA,,Local,0,19,"4,306,000"
California,Rio Vista,Rio Vista Municipal,O88,PU,GA,,Local,0,17,"2,289,160"
California,Riverside,Riverside Municipal,RAL,PU,R,,Regional,0,189,"6,214,612"
California,Riverside,March ARB,RIV,MA,R,,National,"31,001",3,"10,791,111"
California,Riverside (County),French Valley,F70,PU,GA,,Regional,115,256,"2,132,887"
California,Ruth,Ruth,T42,PU,GA,,Unclassified,0,1,0
California,Sacramento,McClellan Airfield,MCC,PR,GA,,Unclassified,563,132,0
California,Sacramento,Sacramento Mather,MHR,PU,R,,National,115,7,"22,197,108"
California,Sacramento,Sacramento Exec,SAC,PU,R,,Regional,54,233,"2,831,667"
California,Sacramento,Sacramento International,SMF,PU,P,M,,"6,371,895",12,"200,019,806"
California,Salinas,Salinas Municipal,SNS,PU,GA,,Regional,1,163,"1,733,889"
California,San Andreas,Calaveras County-Maury Rasmussen Field,CPU,PU,GA,,Local,0,51,"9,843,350"
California,San Bernardino,San Bernardino International,SBD,PU,P,N,,"27,339",57,"15,954,415"
California,San Carlos,San Carlos,SQL,PU,GA,,Regional,"3,696",256,"59,254,499"
California,San Diego,Montgomery-Gibbs Exec,MYF,PU,R,,National,99,391,"30,748,648"
California,San Diego,San Diego International,SAN,PU,P,L,,"12,190,166",10,"2,405,797,784"
California,San Diego,Brown Field Municipal,SDM,PU,R,,Regional,196,152,"69,371,181"
California,San Diego,Gillespie Field,SEE,PU,R,,National,34,530,"20,122,211"
California,San Francisco International Airport,San Francisco International,SFO,PU,P,L,,"24,191,133",6,"683,792,071"
California,San Jose,Reid-Hillview of Santa Clara County,RHV,PU,R,,Regional,0,270,"833,333"
California,San Jose,Norman Y Mineta San Jose International,SJC,PU,P,M,,"5,958,852",142,"278,271,918"
California,San Luis Obispo,San Luis Obispo County Regional,SBP,PU,P,N,,"324,925",225,"19,474,095"
California,San Martin,San Martin,E16,PU,R,,Regional,10,107,"1,348,888"
California,Santa Ana,John Wayne/Orange County,SNA,PU,P,M,,"5,706,306",367,"114,810,954"
California,Santa Barbara,Santa Barbara Municipal,SBA,PU,P,S,,"638,800",115,"102,886,319"
California,Santa Maria,Santa Maria Public/Capt G Allan Hancock Field,SMX,PU,P,N,,"14,409",213,"45,221,534"
California,Santa Monica,Santa Monica Municipal,SMO,PU,R,,Regional,175,166,0
California,Santa Rosa,Charles M Schulz - Sonoma County,STS,PU,P,N,,"318,196",334,"71,274,074"
California,Santa Ynez,Santa Ynez/Kunkle Field,IZA,PU,GA,,Local,69,39,"7,678,333"
California,Shafter,Shafter-Minter Field,MIT,PU,GA,,Local,0,107,"8,362,778"
California,Shelter Cove,Shelter Cove,0Q5,PU,GA,,Unclassified,0,0,0
California,South Lake Tahoe,Lake Tahoe,TVL,PU,GA,,Basic,47,12,"7,174,722"
California,Stockton,Stockton Metro,SCK,PU,P,N,,"67,688",159,"87,291,589"
California,Susanville,Susanville Municipal,SVE,PU,GA,,Local,0,26,"2,453,876"
California,Taft,Taft-Kern County,L17,PU,GA,,Basic,0,11,"1,916,889"
California,Tehachapi,Tehachapi Municipal,TSP,PU,GA,,Local,0,78,"9,050,911"
California,Torrance,Zamperini Field,TOA,PU,R,,Regional,19,238,0
California,Tracy,Tracy Municipal,TCY,PU,GA,,Regional,0,71,"4,194,361"
California,Trinity Center,Trinity Center,O86,PU,GA,,Basic,0,10,"944,444"
California,Truckee,Truckee-Tahoe,TRK,PU,GA,,Regional,"1,442",149,"17,733,776"
California,Tulare,Mefford Field,TLR,PU,GA,,Local,2,19,"3,303,500"
California,Twentynine Palms,Twentynine Palms,TNP,PU,GA,,Basic,4,12,"2,609,700"
California,Ukiah,Ukiah Municipal,UKI,PU,GA,,Local,0,61,"4,121,000"
California,Upland,Cable,CCB,PR,R,,Regional,6,248,"12,196,054"
California,Vacaville,Nut Tree,VCB,PU,GA,,Regional,0,205,"1,203,889"
California,Van Nuys,Van Nuys,VNY,PU,R,,National,"3,016",752,"46,699,614"
California,Victorville,Southern California Logistics,VCV,PU,R,,Regional,"1,697",232,"25,080,000"
California,Visalia,Sequoia Field,D86,PU,GA,,Basic,0,10,"627,777"
California,Visalia,Visalia Municipal,VIS,PU,GA,,Regional,25,158,"4,337,159"
California,Wasco,Wasco-Kern County,L19,PU,GA,,Basic,0,13,"1,003,111"
California,Watsonville,Watsonville Municipal,WVI,PU,GA,,Regional,5,242,"1,406,700"
California,Weaverville,Lonnie Pool Field/Weaverville,O54,PU,GA,,Unclassified,0,5,0
California,Weed,Weed,O46,PU,GA,,Local,0,16,"1,664,282"
California,Willits,Ells Field/Willits Municipal,O28,PU,GA,,Basic,0,14,"1,215,444"
California,Willow Creek,Dinsmore,D63,PU,GA,,Unclassified,0,0,0
California,Willows,Willows/Glenn County,WLW,PU,GA,,Local,0,40,"4,281,642"
California,Woodlake,Woodlake,O42,PU,GA,,Unclassified,0,8,0
California,Yuba City,Sutter County,O52,PU,GA,,Local,0,63,"1,355,556"
Colorado,Akron,Colorado Plains Regional,AKO,PU,GA,,Basic,9,10,"7,622,223"
Colorado,Alamosa,San Luis Valley Regional/Bergman Field,ALS,PU,P,N,,"11,319",26,"6,276,190"
Colorado,Aspen,Aspen-Pitkin County/Sardy Field,ASE,PU,P,N,,"309,411",76,"24,666,667"
Colorado,Boulder,Boulder Municipal,BDU,PU,GA,,Local,5,36,"1,853,333"
Colorado,Broomfield,Rocky Mountain Metro,BJC,PU,R,,National,"37,126",478,"12,294,850"
Colorado,Buena Vista,Central Colorado Regional,AEJ,PU,GA,,Basic,0,10,"9,866,667"
Colorado,Burlington,Kit Carson County,ITR,PU,GA,,Local,2,20,"2,128,333"
Colorado,Canon City,Fremont County,1V6,PU,GA,,Local,0,87,"9,038,889"
Colorado,Colorado Springs,City of Colorado Springs Municipal,COS,PU,P,S,,"1,192,117",213,"105,603,444"
Colorado,Cortez,Cortez Municipal,CEZ,PU,CS,,Local,"9,045",43,"6,853,105"
Colorado,Craig,Craig-Moffat,CAG,PU,GA,,Local,0,17,"1,500,000"
Colorado,Delta,Blake Field,AJZ,PU,GA,,Local,0,66,"4,497,778"
Colorado,Denver,Denver International,DEN,PU,P,L,,"37,863,966",1,"1,063,036,000"
Colorado,Durango,Durango-La Plata County,DRO,PU,P,N,,"217,357",79,"26,554,758"
Colorado,Eagle,Eagle County Regional,EGE,PU,P,N,,"226,937",85,"28,320,230"
Colorado,Englewood,Centennial,APA,PU,R,,National,675,863,"43,548,222"
Colorado,Erie,Erie Municipal,EIK,PU,GA,,Local,0,131,"11,623,540"
Colorado,Fort Morgan,Fort Morgan Municipal,FMM,PU,GA,,Local,0,33,"3,327,778"
Colorado,Granby,Granby-Grand County,GNB,PU,GA,,Local,1,19,"7,040,616"
Colorado,Grand Junction,Grand Junction Regional,GJT,PU,P,N,,"243,788",171,"168,907,595"
Colorado,Greeley,Greeley-Weld County,GXY,PU,GA,,Regional,4,152,"4,650,345"
Colorado,Gunnison,Gunnison-Crested Butte Regional,GUC,PU,P,N,,"49,588",30,"15,744,445"
Colorado,Hayden,Yampa Valley,HDN,PU,P,N,,"206,211",15,"8,873,334"
Colorado,Holyoke,Holyoke,HEQ,PU,GA,,Basic,6,11,"6,984,445"
Colorado,Kremmling,Mc Elroy Airfield,20V,PU,GA,,Local,0,27,"2,411,111"
Colorado,La Junta,La Junta Municipal,LHX,PU,GA,,Local,0,17,"6,644,445"
Colorado,Lamar,Southeast Colorado Regional,LAA,PU,GA,,Local,4,16,"1,664,112"
Colorado,Leadville,Lake County,LXV,PU,GA,,Basic,0,5,"2,279,999"
Colorado,Limon,Limon Municipal,LIC,PU,GA,,Local,5,33,"3,932,223"
Colorado,Longmont,Vance Brand,LMO,PU,GA,,Regional,0,200,"4,061,111"
Colorado,Loveland,Northern Colorado Regional,FNL,PU,GA,,National,"3,107",230,"35,381,412"
Colorado,Meeker,Meeker Coulter Field,EEO,PU,GA,,Basic,6,7,"3,088,475"
Colorado,Monte Vista,Monte Vista Municipal,MVI,PU,GA,,Local,0,20,"2,813,333"
Colorado,Montrose,Montrose Regional,MTJ,PU,P,N,,"244,266",89,"46,485,596"
Colorado,Nucla,Hopkins Field,AIB,PU,GA,,Basic,0,8,"2,627,778"
Colorado,Pagosa Springs,Stevens Field,PSO,PU,GA,,Local,2,41,"10,944,445"
Colorado,Peyton,Meadow Lake,FLY,PR,R,,Regional,0,432,"2,205,556"
Colorado,Pueblo,Pueblo Memorial,PUB,PU,CS,,Regional,"3,358",98,"17,613,158"
Colorado,Rangely,Rangely,4V0,PU,GA,,Local,0,18,"2,161,110"
Colorado,Rifle,Rifle Garfield County,RIL,PU,GA,,Regional,536,19,"11,066,667"
Colorado,Salida,Salida/Harriett Alexander Field,ANK,PU,GA,,Local,0,38,"3,474,620"
Colorado,Steamboat Springs,Steamboat Springs/Bob Adams Field,SBS,PU,GA,,Regional,0,59,"2,860,174"
Colorado,Sterling,Sterling Municipal,STK,PU,GA,,Local,0,26,"9,116,667"
Colorado,Telluride,Telluride Regional,TEX,PU,P,N,,"10,826",26,"4,586,265"
Colorado,Trinidad,Perry Stokes,TAD,PU,GA,,Basic,0,11,"4,033,333"
Colorado,Walsenburg,Spanish Peaks Airfield,4V1,PU,GA,,Local,0,18,"3,546,667"
Colorado,Watkins,Colorado Air and Space Port,CFO,PU,R,,National,1,537,"12,850,521"
Colorado,Wray,Wray Municipal,2V5,PU,GA,,Local,0,26,"2,149,035"
Colorado,Yuma,Yuma Municipal,2V6,PU,GA,,Basic,0,10,"2,862,223"
Connecticut,Bridgeport,Bridgeport/Sikorsky,BDR,PU,GA,,National,554,150,"26,346,595"
Connecticut,Danbury,Danbury Municipal,DXR,PU,R,,Regional,102,208,"7,264,294"
Connecticut,Danielson,Danielson,LZD,PU,GA,,Local,0,16,"1,276,667"
Connecticut,Groton,Groton-New London,GON,PU,GA,,Regional,116,50,"10,661,616"
Connecticut,Hartford,Hartford-Brainard,HFD,PU,R,,Regional,56,132,"16,530,000"
Connecticut,Meriden,Meriden Markham Municipal,MMK,PU,GA,,Local,10,49,"1,176,668"
Connecticut,New Haven,Tweed/New Haven,HVN,PU,P,S,,"490,246",56,"96,192,789"
Connecticut,Oxford,Waterbury-Oxford,OXC,PU,GA,,National,237,159,"6,000,000"
Connecticut,Plainville,Robertson Field,4B8,PU,R,,Local,26,55,"4,008,889"
Connecticut,Willimantic,Windham,IJD,PU,GA,,Local,9,55,"10,100,000"
Connecticut,Windsor Locks,Bradley International,BDL,PU,P,M,,"3,122,212",34,"174,957,175"
Delaware,Dover,Delaware Airpark,33N,PU,GA,,Local,5,48,"4,764,061"
Delaware,Georgetown,Delaware Coastal,GED,PU,GA,,Regional,81,65,"13,292,814"
Delaware,Middletown,Summit,EVY,PR,R,,Unclassified,15,17,0
Delaware,Wilmington,New Castle,ILG,PU,P,N,,"133,361",129,"10,749,000"
Florida,Apalachicola,Apalachicola Regional-Cleve Randolph Field,AAF,PU,GA,,Local,16,30,"4,100,000"
Florida,Arcadia,Arcadia Municipal,X06,PU,GA,,Local,0,27,"6,991,600"
Florida,Avon Park,Avon Park Exec,AVO,PU,GA,,Local,14,43,"12,525,896"
Florida,Bartow,Bartow Exec,BOW,PU,GA,,Regional,21,137,"1,200,000"
Florida,Belle Glade,Belle Glade State Municipal,X10,PU,GA,,Unclassified,0,6,0
Florida,Blountstown,Calhoun County,F95,PU,GA,,Local,0,35,"1,277,362"
Florida,Boca Raton,Boca Raton,BCT,PU,R,,National,"1,389",217,"8,425,000"
Florida,Bonifay,Tri-County,BCR,PU,GA,,Local,0,41,"1,000,000"
Florida,Brooksville,Brooksville-Tampa Bay Regional,BKV,PU,GA,,National,10,208,"4,155,556"
Florida,Bunnell,Flagler Exec,FIN,PU,GA,,Regional,59,75,"11,503,823"
Florida,Cedar Key,George T Lewis,CDK,PU,GA,,Basic,0,0,0
Florida,Clearwater,Clearwater Air Park,CLW,PU,R,,Local,22,27,"5,660,000"
Florida,Clearwater,St Pete-Clearwater International,PIE,PU,P,S,,"1,246,317",261,"24,870,366"
Florida,Clewiston,Airglades,2IS,PU,GA,,Regional,0,38,"4,005,000"
Florida,Crestview,Bob Sikes,CEW,PU,GA,,Regional,12,69,"4,000,000"
Florida,Cross City,Cross City,CTY,PU,GA,,Basic,17,14,"7,185,101"
Florida,Crystal River,Crystal River-Capt Tom Davis Field,CGC,PU,GA,,Regional,31,49,"2,052,077"
Florida,Daytona Beach,Daytona Beach International,DAB,PU,P,N,,"348,077",260,"25,743,663"
Florida,De Funiak Springs,Defuniak Springs,54J,PU,GA,,Local,0,37,"1,212,222"
Florida,DeLand,DeLand Municipal-Sidney H Taylor Field,DED,PU,GA,,Regional,12,133,"1,939,000"
Florida,Destin,Destin Exec,DTS,PU,GA,,National,"5,256",94,"6,819,179"
Florida,Dunnellon,Marion County,X35,PU,GA,,Local,0,82,"7,508,255"
Florida,Everglades City,Everglades Airpark,X01,PU,GA,,Unclassified,2,2,0
Florida,Fernandina Beach,Fernandina Beach Municipal,FHB,PU,GA,,Local,39,69,"1,425,950"
Florida,Fort Lauderdale,Fort Lauderdale/Hollywood International,FLL,PU,P,L,,"17,063,063",100,"1,021,368,126"
Florida,Fort Lauderdale,Fort Lauderdale Exec,FXE,PU,P,N,,"10,580",628,"46,203,316"
Florida,Fort Myers,Page Field,FMY,PU,R,,National,105,244,"22,198,000"
Florida,Fort Myers,Southwest Florida International,RSW,PU,P,M,,"4,963,261",5,"589,676,600"
Florida,Fort Pierce,Treasure Coast International,FPR,PU,GA,,Regional,162,137,"20,655,000"
Florida,Gainesville,Gainesville Regional,GNV,PU,P,N,,"273,363",173,"48,473,821"
Florida,Hilliard,Hilliard Airpark,01J,PU,GA,,Local,0,25,"3,446,173"
Florida,Hollywood,North Perry,HWO,PU,R,,Regional,2,417,"7,936,136"
Florida,Homestead,Miami Homestead General Aviation,X51,PU,GA,,Local,0,15,"1,805,556"
Florida,Immokalee,Immokalee Regional,IMM,PU,GA,,Local,4,31,"6,633,333"
Florida,Inverness,Inverness,INF,PU,GA,,Local,0,20,"1,946,280"
Florida,Jacksonville,Jacksonville Exec at Craig,CRG,PU,R,,National,253,238,"6,744,445"
Florida,Jacksonville,Herlong Recreational,HEG,PU,R,,Regional,0,139,"9,394,445"
Florida,Jacksonville,Jacksonville International,JAX,PU,P,M,,"3,619,735",52,"44,000,600"
Florida,Jacksonville,Cecil,VQQ,PU,GA,,Regional,254,11,"6,711,111"
Florida,Key West,Key West International,EYW,PU,P,S,,"675,319",55,"155,028,287"
Florida,Keystone Heights,Keystone Heights,42J,PU,GA,,Local,0,49,"933,333"
Florida,Kissimmee,Kissimmee Gateway,ISM,PU,R,,National,96,318,"29,095,389"
Florida,La Belle,La Belle Municipal,X14,PU,GA,,Local,15,62,"7,227,493"
Florida,Lake City,Lake City Gateway,LCQ,PU,GA,,Regional,6,27,"3,364,278"
Florida,Lake Wales,Lake Wales Municipal,X07,PU,GA,,Local,0,29,"1,872,445"
Florida,Lakeland,Lakeland Linder International,LAL,PU,R,,National,216,320,"86,249,596"
Florida,Leesburg,Leesburg International,LEE,PU,GA,,Regional,15,124,"1,852,111"
Florida,Live Oak,Suwannee County,24J,PU,GA,,Local,0,41,"6,404,856"
Florida,Marathon,The Florida Keys Marathon International,MTH,PU,GA,,Local,91,66,"28,504,121"
Florida,Marco Island,Marco Island Exec,MKY,PU,GA,,Regional,118,37,"4,250,000"
Florida,Marianna,Marianna Municipal,MAI,PU,GA,,Local,0,40,"764,233"
Florida,Melbourne,Melbourne Orlando International,MLB,PU,P,N,,"363,837",263,"38,281,441"
Florida,Merritt Island,Merritt Island,COI,PU,GA,,Regional,63,180,"8,773,217"
Florida,Miami,Miami International,MIA,PU,P,L,,"24,716,910",28,"1,826,314,254"
Florida,Miami,Miami-Opa Locka Exec,OPF,PU,R,,Regional,"6,469",43,"46,433,307"
Florida,Miami,Miami Exec,TMB,PU,R,,Regional,283,161,"31,280,233"
Florida,Miami,Dade-Collier Training and Transition,TNT,PU,GA,,Basic,0,0,"1,234,028"
Florida,Miami,Miami,X44,PU,GA,,Basic,150,0,0
Florida,Milton,Peter Prince Field,2R4,PU,GA,,Regional,0,136,"966,473"
Florida,Naples,Naples Municipal,APF,PU,GA,,National,829,363,"16,753,668"
Florida,New Smyrna Beach,New Smyrna Beach Municipal,EVB,PU,GA,,Regional,15,116,"1,754,444"
Florida,Ocala,Ocala International-Jim Taylor Field,OCF,PU,GA,,National,82,172,"1,616,667"
Florida,Okeechobee,Okeechobee County,OBE,PU,GA,,Regional,62,30,"6,470,000"
Florida,Orlando,Orlando International,MCO,PU,P,L,,"28,033,187",37,"214,898,588"
Florida,Orlando,Exec,ORL,PU,R,,National,527,256,"27,239,587"
Florida,Ormond Beach,Ormond Beach Municipal,OMN,PU,GA,,Regional,0,119,"5,992,235"
Florida,Pahokee,Palm Beach County Glades,PHK,PU,GA,,Basic,0,11,"3,950,778"
Florida,Palatka,Palatka Municipal - Lt Kay Larkin Field,28J,PU,GA,,Regional,0,73,"1,410,399"
Florida,Panama City,Northwest Florida Beaches International,ECP,PU,P,S,,"816,640",110,"29,944,593"
Florida,Pensacola,Pensacola International,PNS,PU,P,S,,"1,365,974",172,"91,400,788"
Florida,Perry,Perry-Foley,FPY,PU,GA,,Basic,0,12,"6,444,445"
Florida,Plant City,Plant City,PCM,PU,GA,,Local,9,66,"4,701,100"
Florida,Pompano Beach,Pompano Beach Airpark,PMP,PU,GA,,Regional,12,135,"29,148,872"
Florida,Punta Gorda,Punta Gorda,PGD,PU,P,S,,"949,732",399,"88,900,664"
Florida,Quincy,Quincy Municipal,2J9,PU,GA,,Local,0,72,"701,367"
Florida,Saint Augustine,Northeast Florida Regional,SGJ,PU,GA,,National,216,188,"6,993,334"
Florida,Saint Petersburg,Albert Whitted,SPG,PU,R,,Regional,70,199,"3,236,667"
Florida,Sanford,Orlando Sanford International,SFB,PU,P,S,,"1,446,878",312,"29,715,440"
Florida,Sarasota,Sarasota/Bradenton International,SRQ,PU,P,S,,"2,144,719",340,"45,570,864"
Florida,Sebastian,Sebastian Municipal,X26,PU,GA,,Local,0,79,"1,856,000"
Florida,Sebring,Sebring Regional,SEF,PU,GA,,Regional,42,104,"14,515,442"
Florida,Stuart,Witham Field,SUA,PU,GA,,National,549,403,"21,447,547"
Florida,Tallahassee,Tallahassee International,TLH,PU,P,N,,"416,488",207,"30,058,875"
Florida,Tampa,Tampa International,TPA,PU,P,L,,"11,677,597",76,"233,836,969"
Florida,Tampa,Peter O Knight,TPF,PU,R,,Regional,223,106,"1,110,300"
Florida,Tampa,Tampa Exec,VDF,PU,R,,Regional,25,196,"1,050,000"
Florida,Titusville,Space Coast Regional,TIX,PU,GA,,Regional,13,110,"16,258,889"
Florida,Titusville,Arthur Dunn Air Park,X21,PU,GA,,Local,0,73,"5,978,889"
Florida,Umatilla,Umatilla Municipal,X23,PU,GA,,Local,0,34,"1,250,000"
Florida,Valkaria,Valkaria,X59,PU,GA,,Local,0,108,"10,302,251"
Florida,Valparaiso,Eglin AFB/Destin-Ft Walton Beach,VPS,MA,P,S,,"1,116,717",2,"11,729,480"
Florida,Venice,Venice Municipal,VNC,PU,R,,Regional,70,276,"6,965,979"
Florida,Vero Beach,Vero Beach Regional,VRB,PU,P,N,,"42,323",196,"19,425,000"
Florida,Wauchula,Wauchula Municipal,CHN,PU,GA,,Local,13,20,"2,550,000"
Florida,West Palm Beach,North Palm Beach County General Aviation,F45,PU,R,,Regional,213,181,"33,579,223"
Florida,West Palm Beach,Palm Beach County Park,LNA,PU,R,,Regional,41,217,"3,666,667"
Florida,West Palm Beach,Palm Beach International,PBI,PU,P,M,,"3,815,717",196,"192,692,537"
Florida,Williston,Williston Municipal,X60,PU,GA,,Regional,0,103,"916,667"
Florida,Winter Haven,Winter Haven Regional,GIF,PU,GA,,Regional,10,171,"11,136,667"
Florida,Zephyrhills,Zephyrhills Municipal,ZPH,PU,GA,,Regional,0,108,"2,250,000"
Georgia,Adel,Cook County,15J,PU,GA,,Local,0,32,"4,915,000"
Georgia,Albany,Southwest Georgia Regional,ABY,PU,P,N,,"30,025",37,"22,075,000"
Georgia,Alma,Bacon County,AMG,PU,GA,,Basic,0,10,"7,232,444"
Georgia,Americus,Jimmy Carter Regional,ACJ,PU,GA,,Local,0,26,"6,826,077"
Georgia,Ashburn,Turner County,75J,PU,GA,,Basic,0,13,"2,000,000"
Georgia,Athens,Athens/Ben Epps,AHN,PU,GA,,Regional,"2,023",79,"33,863,334"
Georgia,Atlanta,Hartsfield - Jackson Atlanta International,ATL,PU,P,L,,"50,950,068",0,"1,502,965,252"
Georgia,Atlanta,Fulton County Exec/Charlie Brown Field,FTY,PU,R,,National,287,79,"47,079,000"
Georgia,Atlanta,Dekalb-Peachtree,PDK,PU,R,,National,"2,133",343,"35,491,882"
Georgia,Augusta,Augusta Regional at Bush Field,AGS,PU,P,N,,"280,553",18,"42,407,529"
Georgia,Augusta,Daniel Field,DNL,PU,GA,,Regional,161,51,"15,756,000"
Georgia,Bainbridge,Decatur County Industrial Air Park,BGE,PU,GA,,Local,35,34,"4,376,000"
Georgia,Baxley,Baxley Municipal,BHC,PU,GA,,Local,0,26,"2,389,667"
Georgia,Blairsville,Blairsville,DZJ,PU,GA,,Local,1,46,"4,033,950"
Georgia,Blakely,Early County,BIJ,PU,GA,,Local,0,17,"5,444,444"
Georgia,Brunswick,Brunswick Golden Isles,BQK,PU,P,N,,"33,832",28,"19,833,343"
Georgia,Brunswick,St Simons Island,SSI,PU,GA,,Regional,616,79,"17,444,444"
Georgia,Butler,Butler Municipal,6A1,PU,GA,,Local,0,15,"4,744,667"
Georgia,Cairo,Cairo-Grady County,70J,PU,GA,,Local,0,15,"4,590,235"
Georgia,Calhoun,Tom B David Field,CZL,PU,GA,,Regional,3,124,"22,589,091"
Georgia,Camilla,Camilla-Mitchell County,CXU,PU,GA,,Local,17,26,"4,322,667"
Georgia,Canon,Franklin-Hart,18A,PU,GA,,Local,0,26,"7,316,667"
Georgia,Canton,Cherokee County Regional,CNI,PU,GA,,Regional,40,123,"17,666,667"
Georgia,Carrollton,West Georgia Regional - O V Gray Field,CTJ,PU,GA,,Regional,5,144,"3,588,333"
Georgia,Cartersville,Cartersville,VPC,PU,GA,,Regional,14,62,"24,353,317"
Georgia,Cedartown,Polk County/Cornelius Moore Field,4A4,PU,GA,,Local,0,58,"7,627,778"
Georgia,Claxton,Claxton-Evans County,CWV,PU,GA,,Local,1,18,"7,016,667"
Georgia,Cochran,Cochran,48A,PU,GA,,Local,0,21,"3,633,333"
Georgia,Columbus,Columbus,CSG,PU,P,N,,"65,701",128,"22,402,182"
Georgia,Cordele,Crisp County-Cordele,CKF,PU,GA,,Local,1,16,"4,555,556"
Georgia,Cornelia,Habersham County,AJR,PU,GA,,Local,10,63,"16,444,445"
Georgia,Covington,Covington Municipal,CVC,PU,GA,,Local,7,28,"12,856,767"
Georgia,Cuthbert,Lower Chattahoochee Regional,25J,PU,GA,,Unclassified,0,1,0
Georgia,Dallas,Paulding Northwest Atlanta,PUJ,PU,GA,,Regional,11,40,"7,500,000"
Georgia,Dalton,Dalton Municipal,DNN,PU,GA,,Regional,8,39,"4,833,333"
Georgia,Dawson,Dawson Municipal,16J,PU,GA,,Local,0,32,"6,777,778"
Georgia,Donalsonville,Donalsonville Municipal,17J,PU,GA,,Local,0,24,"3,333,333"
Georgia,Douglas,Douglas Municipal,DQH,PU,GA,,Local,9,61,"4,022,222"
Georgia,Dublin,W H 'Bud' Barron,DBN,PU,GA,,Local,0,24,"2,750,000"
Georgia,Eastman,Heart of Georgia Regional,EZM,PU,GA,,Local,0,54,"5,800,000"
Georgia,Elberton,Elbert County-Patz Field,EBA,PU,GA,,Local,0,24,"5,744,444"
Georgia,Ellijay,Gilmer County,49A,PU,GA,,Basic,0,13,"3,500,000"
Georgia,Fitzgerald,Fitzgerald Municipal,FZG,PU,GA,,Local,4,35,"2,511,111"
Georgia,Fort Stewart (U.S. Army),Wright AAF (Fort Stewart)/Midcoast Regional,LHW,MR,GA,,Regional,6,36,"3,750,000"
Georgia,Gainesville,Lee Gilmer Memorial,GVL,PU,GA,,Regional,72,167,"900,000"
Georgia,Greensboro,Greene County Regional,CPP,PU,GA,,Local,61,19,"9,338,889"
Georgia,Griffin,Griffin-Spalding County,6A2,PU,GA,,Regional,0,104,"1,000,000"
Georgia,Hampton,Atlanta Speedway,HMP,PU,GA,,Regional,3,125,"5,700,000"
Georgia,Hazlehurst,Hazlehurst,AZE,PU,GA,,Local,0,20,"9,611,111"
Georgia,Homerville,Homerville,HOE,PU,GA,,Unclassified,0,1,0
Georgia,Jasper,Pickens County,JZP,PU,GA,,Regional,4,117,"2,000,000"
Georgia,Jefferson,Jackson County,JCA,PU,GA,,Local,0,63,"11,555,556"
Georgia,Jekyll Island,Jekyll Island,09J,PU,GA,,Unclassified,2,6,0
Georgia,Jesup,Jesup-Wayne County,JES,PU,GA,,Basic,0,10,"1,590,000"
Georgia,La Fayette,Barwick Lafayette,9A5,PU,GA,,Local,1,36,"7,888,889"
Georgia,La Grange,Lagrange/Callaway,LGC,PU,GA,,Regional,13,46,"2,389,000"
Georgia,Lawrenceville,Gwinnett County/Briscoe Field,LZU,PU,R,,National,74,230,"50,366,667"
Georgia,Louisville,Louisville Municipal,2J3,PU,GA,,Basic,0,13,"6,692,184"
Georgia,Macon,Macon Downtown,MAC,PU,GA,,Local,5,26,"3,230,000"
Georgia,Macon,Middle Georgia Regional,MCN,PU,P,N,,"15,832",78,"84,168,690"
Georgia,Madison,Madison Municipal,52A,PU,GA,,Local,1,20,"2,222,222"
Georgia,Marietta,Cobb County International/McCollum Field,RYY,PU,R,,National,33,335,"22,077,778"
Georgia,Metter,John Edwin Jones Sr Field/Metter Municipal,MHP,PU,GA,,Local,0,23,"2,070,000"
Georgia,Milledgeville,Baldwin County Regional,MLJ,PU,GA,,Regional,7,27,"3,270,000"
Georgia,Millen,Millen,2J5,PU,GA,,Basic,0,11,"1,565,000"
Georgia,Monroe,Cy Nunnally Memorial,D73,PU,GA,,Local,0,31,"5,176,667"
Georgia,Montezuma,Dr C P Savage Sr,53A,PU,GA,,Basic,0,12,"1,500,000"
Georgia,Moultrie,Moultrie Municipal,MGR,PU,GA,,Regional,16,43,"2,190,000"
Georgia,Nahunta,Brantley County,4J1,PU,GA,,Unclassified,0,0,0
Georgia,Nashville,Berrien County,4J2,PU,GA,,Basic,6,10,"2,835,778"
Georgia,Newnan,Newnan Coweta County,CCO,PU,GA,,Regional,60,144,"6,155,556"
Georgia,Peachtree City,Atlanta Regional Falcon Field,FFC,PU,GA,,Regional,2,219,"27,850,066"
Georgia,Perry,Perry-Houston County,PXE,PU,GA,,Regional,0,72,"9,897,222"
Georgia,Pine Mountain,Harris County,PIM,PU,GA,,Local,0,34,"4,788,889"
Georgia,Quitman,Quitman Brooks County,4J5,PU,GA,,Local,0,28,"2,604,444"
Georgia,Reidsville,Swinton Smith Field at Reidsville Municipal,RVJ,PU,GA,,Local,0,15,"3,416,667"
Georgia,Rome,Richard B Russell Regional - J H Towers Field,RMG,PU,GA,,Regional,4,69,"7,567,556"
Georgia,Sandersville,Kaolin Field,OKZ,PU,GA,,Local,0,26,"4,535,556"
Georgia,Savannah,Savannah/Hilton Head International,SAV,PU,P,S,,"1,909,558",142,"81,672,204"
Georgia,Statesboro,Statesboro-Bulloch County,TBR,PU,GA,,Regional,1,56,"6,080,556"
Georgia,Swainsboro,East Georgia Regional,SBO,PU,GA,,Basic,0,13,"3,400,000"
Georgia,Sylvania,Plantation Airpark,JYL,PU,GA,,Local,0,31,"1,705,000"
Georgia,Sylvester,Sylvester,SYV,PU,GA,,Unclassified,9,7,0
Georgia,Thomaston,Thomaston-Upson County,OPN,PU,GA,,Regional,1,109,"2,087,778"
Georgia,Thomasville,Thomasville Regional,TVI,PU,GA,,Regional,96,42,"6,444,444"
Georgia,Thomson,Thomson-McDuffie County,HQU,PU,GA,,Regional,8,33,"3,050,000"
Georgia,Tifton,Henry Tift Myers,TMA,PU,GA,,Regional,4,34,"7,194,444"
Georgia,Toccoa,Toccoa - R G LeTourneau Field,TOC,PU,GA,,Regional,20,45,"3,900,000"
Georgia,Valdosta,Valdosta Regional,VLD,PU,P,N,,"42,160",69,"8,213,019"
Georgia,Vidalia,Vidalia Regional,VDI,PU,GA,,Local,64,25,"7,350,500"
Georgia,Warm Springs,Roosevelt Memorial,5A9,PU,GA,,Local,0,27,"6,511,111"
Georgia,Washington,Washington/Wilkes County,IIY,PU,GA,,Local,0,15,"3,350,000"
Georgia,Waycross,Waycross-Ware County,AYS,PU,GA,,Regional,5,41,"3,940,000"
Georgia,Waynesboro,Burke County,BXG,PU,GA,,Basic,0,13,"11,293,667"
Georgia,Wheeler,Telfair-Wheeler,MQW,PU,GA,,Basic,0,13,"4,300,000"
Georgia,Winder,Barrow County,WDR,PU,GA,,Regional,0,115,"10,293,333"
Georgia,Wrens,Wrens Memorial,65J,PU,GA,,Unclassified,0,3,0
Hawaii,Hana,Hana,HNM,PU,GA,,Regional,"2,085",0,"14,710,526"
Hawaii,Hanapepe,Port Allen,PAK,PU,GA,,Unclassified,0,3,0
Hawaii,Hawi,Upolu,UPP,PU,GA,,Unclassified,0,1,0
Hawaii,Hilo,Hilo International,ITO,PU,P,S,,"684,175",25,"93,021,328"
Hawaii,Honolulu,Daniel K Inouye International,HNL,PU,P,L,,"10,149,761",230,"582,223,120"
Hawaii,Kahului,Kahului,OGG,PU,P,M,,"3,745,866",75,"193,762,995"
Hawaii,Kailua Kona,Ellison Onizuka Kona International at Keahole,KOA,PU,P,S,,"2,097,042",65,"54,645,796"
Hawaii,Kalaupapa,Kalaupapa,LUP,PU,CS,,Local,"3,085",0,"2,777,778"
Hawaii,Kamuela,Waimea-Kohala,MUE,PU,CS,,Regional,"3,598",4,"3,555,556"
Hawaii,Kapolei,Kalaeloa (John Rodgers Field),JRF,PU,R,,Local,0,20,"87,841,393"
Hawaii,Kaunakakai,Molokai,MKK,PU,P,N,,"85,341",6,"900,000"
Hawaii,Lahaina,Kapalua,JHM,PU,GA,,Unclassified,"3,683",0,0
Hawaii,Lanai City,Lanai,LNY,PU,P,N,,"34,430",0,0
Hawaii,Lihue,Lihue,LIH,PU,P,S,,"1,814,359",46,"66,668,539"
Hawaii,Wahiawa,Kawaihapai Airfield,HDH,MR,GA,,Basic,3,21,"900,000"
Idaho,Aberdeen,Aberdeen Municipal,U36,PU,GA,,Local,0,19,"8,477,778"
Idaho,Arbon Valley,Pocatello Regional,PIH,PU,P,N,,"17,504",48,"30,117,668"
Idaho,Arco,Arco-Butte County,AOC,PU,GA,,Basic,0,7,"5,315,741"
Idaho,Blackfoot,McCarley Field,U02,PU,GA,,Local,0,45,"4,150,184"
Idaho,Boise,Boise Air Trml/Gowen Field,BOI,PU,P,M,,"2,369,164",223,"87,690,224"
Idaho,Bonners Ferry,Boundary County,65S,PU,GA,,Local,0,81,"12,363,333"
Idaho,Buhl,Buhl Municipal,U03,PU,GA,,Local,0,59,"2,038,889"
Idaho,Burley,Burley Municipal,BYI,PU,GA,,Local,0,41,"44,444,444"
Idaho,Caldwell,Caldwell Exec,EUL,PU,R,,Regional,10,514,"17,456,111"
Idaho,Cascade,Cascade,U70,PU,GA,,Local,0,28,"6,251,111"
Idaho,Challis,Challis,LLJ,PU,GA,,Local,0,19,"2,383,334"
Idaho,Council,Council Municipal,U82,PU,GA,,Basic,0,13,"2,505,111"
Idaho,Driggs,Driggs/Reed Memorial,DIJ,PU,GA,,Regional,35,75,"8,080,058"
Idaho,Gooding,Gooding Municipal,GNG,PU,GA,,Local,0,90,"1,482,722"
Idaho,Grangeville,Idaho County,GIC,PU,GA,,Local,7,28,"4,651,989"
Idaho,Hailey,Friedman Memorial,SUN,PU,P,N,,"109,349",157,"14,720,445"
Idaho,Hayden Lake,Coeur D'Alene/Pappy Boyington Field,COE,PU,GA,,National,93,265,"18,842,760"
Idaho,Homedale,Homedale Municipal,S66,PU,GA,,Basic,0,14,"9,018,333"
Idaho,Idaho Falls,Idaho Falls Regional,IDA,PU,P,N,,"270,140",168,"58,116,726"
Idaho,Jerome,Jerome County,JER,PU,GA,,Regional,0,37,"3,653,333"
Idaho,Kamiah,Kamiah Municipal,S73,PU,GA,,Basic,0,12,0
Idaho,Kellogg,Shoshone County,S83,PU,GA,,Basic,0,14,"3,365,556"
Idaho,Lewiston,Lewiston/Nez Perce County,LWS,PU,P,N,,"36,761",145,"23,930,666"
Idaho,McCall,McCall Municipal,MYL,PU,GA,,Local,52,80,"6,404,889"
Idaho,Mountain Home,Mountain Home Municipal,U76,PU,GA,,Local,0,17,"1,747,727"
Idaho,Nampa,Nampa Municipal,MAN,PU,GA,,Regional,6,319,"3,663,333"
Idaho,Orofino,Orofino Municipal,S68,PU,GA,,Local,0,16,"1,532,311"
Idaho,Paris,Bear Lake County,1U7,PU,GA,,Local,8,15,"3,113,763"
Idaho,Preston,Preston,U10,PU,GA,,Local,0,31,"1,541,111"
Idaho,Priest River,Priest River Municipal,1S6,PU,GA,,Basic,0,14,"7,556,111"
Idaho,Rexburg,Rexburg-Madison County,RXE,PU,GA,,Regional,4,52,"45,333,333"
Idaho,Saint Maries,Jack A Buell,S72,PU,GA,,Local,0,15,"1,785,392"
Idaho,Salmon,Lemhi County,SMN,PU,GA,,Local,0,60,"2,672,639"
Idaho,Sandpoint,Sandpoint,SZT,PU,GA,,Local,11,30,"18,680,741"
Idaho,Twin Falls,Joslin Field/Magic Valley Regional,TWF,PU,P,N,,"19,871",111,"28,747,201"
Idaho,Weiser,Weiser Municipal,S87,PU,GA,,Local,0,25,"1,441,111"
Illinois,Alton,St Louis Regional,ALN,PU,R,,Regional,0,93,"24,988,466"
Illinois,Aurora,Aurora Municipal,ARR,PU,R,,National,32,195,"52,481,546"
Illinois,Beardstown,Greater Beardstown,K06,PU,GA,,Basic,0,13,"3,680,000"
Illinois,Belleville,Scott AFB/Midamerica St Louis,BLV,PU,P,N,,"147,421",6,"35,910,583"
Illinois,Benton,Benton Municipal,H96,PU,GA,,Basic,0,10,"3,828,889"
Illinois,Bloomington-Normal Airport,Central Il Regional/Bloomington-Normal,BMI,PU,P,N,,"164,672",78,"20,334,575"
Illinois,Bolingbrook,Bolingbrook's Clow International,1C5,PU,GA,,Local,8,69,"5,803,967"
Illinois,Cahokia,St Louis Downtown,CPS,PU,R,,National,"4,128",123,"17,145,212"
Illinois,Cairo,Cairo Regional,CIR,PU,GA,,Basic,0,12,"11,410,533"
Illinois,Canton,Ingersoll,CTK,PU,GA,,Local,0,28,"4,627,859"
Illinois,Carbondale,Southern Illinois,MDH,PU,GA,,Regional,279,84,"13,532,744"
Illinois,Carmi,Carmi Municipal,CUL,PU,GA,,Local,0,16,"3,383,334"
Illinois,Casey,Casey Municipal,1H8,PU,GA,,Basic,0,11,"3,005,556"
Illinois,Centralia,Centralia Municipal,ENL,PU,GA,,Local,0,32,"12,394,667"
Illinois,Chicago,Chicago Midway International,MDW,PU,P,L,,"10,659,460",33,"326,396,067"
Illinois,Chicago,Chicago O'Hare International,ORD,PU,P,L,,"35,843,091",0,"2,042,331,509"
Illinois,Danville,Vermilion Regional,DNV,PU,GA,,Regional,0,69,"17,327,255"
Illinois,De Kalb,De Kalb Taylor Municipal,DKB,PU,GA,,Local,0,83,"26,917,279"
Illinois,Decatur,Decatur,DEC,PU,P,N,,"11,216",39,"26,407,979"
Illinois,Dixon,Dixon Municipal-Charles R Walgreen Field,C73,PU,GA,,Local,0,23,"20,348,465"
Illinois,DuPage (County),Dupage,DPA,PU,R,,National,112,292,"30,867,842"
Illinois,Effingham,Effingham County Memorial,1H2,PU,GA,,Regional,22,17,"9,866,174"
Illinois,Fairfield,Fairfield Municipal,FWC,PU,GA,,Basic,0,13,"4,064,000"
Illinois,Flora,Flora Municipal,FOA,PU,GA,,Local,0,16,"3,430,000"
Illinois,Freeport,Albertus,FEP,PU,GA,,Local,0,38,"14,773,761"
Illinois,Galesburg,Galesburg Municipal,GBG,PU,GA,,Regional,200,22,"12,841,681"
Illinois,Grays Lake,Campbell,C81,PR,GA,,Unclassified,0,0,0
Illinois,Greenville,Greenville,GRE,PU,GA,,Local,3,44,"3,788,334"
Illinois,Greenwood,Galt Field,10C,PR,GA,,Unclassified,0,24,0
Illinois,Harrisburg,Harrisburg-Raleigh,HSB,PU,GA,,Basic,0,14,"2,716,667"
Illinois,Harvard,Dacy,0C0,PR,GA,,Unclassified,0,27,0
Illinois,Havana,Havana Regional,9I0,PU,GA,,Basic,0,13,"6,077,810"
Illinois,Jacksonville,Jacksonville Municipal,IJX,PU,GA,,Local,9,34,"7,355,333"
Illinois,Joliet,Joliet Regional,JOT,PU,GA,,Local,0,64,"13,530,477"
Illinois,Kankakee,Greater Kankakee,IKK,PU,GA,,Regional,11,73,"62,325,455"
Illinois,Kewanee,Kewanee Municipal,EZI,PU,GA,,Local,0,24,"9,425,312"
Illinois,Lacon,Marshall County,C75,PU,GA,,Local,0,49,"5,003,945"
Illinois,Lake in the Hills,Lake in the Hills,3CK,PU,R,,Regional,0,111,"28,062,367"
Illinois,Lansing,Lansing Municipal,IGQ,PU,R,,Regional,0,91,"32,854,842"
Illinois,Lawrenceville,Mount Carmel Municipal,AJG,PU,GA,,Local,0,17,"3,813,889"
Illinois,Lawrenceville,Lawrenceville-Vincennes International,LWV,PU,GA,,Local,0,36,"5,916,796"
Illinois,Lincoln,Logan County,AAA,PU,GA,,Local,0,28,"2,505,556"
Illinois,Litchfield,Litchfield Municipal,3LF,PU,GA,,Local,0,29,"2,906,667"
Illinois,Macomb,Macomb Municipal,MQB,PU,GA,,Local,0,21,"12,561,928"
Illinois,Marion,Veterans Airport of Southern Illinois,MWA,PU,P,N,,"10,558",24,"8,007,531"
Illinois,Mattoon,Coles County Memorial,MTO,PU,GA,,Regional,240,55,"24,868,541"
Illinois,Metropolis,Metropolis Municipal,M30,PU,GA,,Basic,0,10,"2,929,723"
Illinois,Moline,Quad Cities International,MLI,PU,P,N,,"272,481",85,"45,546,047"
Illinois,Monee,Bult Field,C56,PU,GA,,Local,0,86,"2,620,001"
Illinois,Monmouth,Monmouth Municipal,C66,PU,GA,,Basic,0,11,"11,401,670"
Illinois,Morris,Morris Municipal - James R Washburn Field,C09,PU,GA,,Local,4,63,"21,883,333"
Illinois,Mount Sterling,Mount Sterling Municipal,I63,PU,GA,,Basic,0,9,"4,965,716"
Illinois,Mount Vernon,Mount Vernon,MVN,PU,GA,,Regional,0,32,"17,037,736"
Illinois,Olney,Olney-Noble,OLY,PU,GA,,Local,0,17,"4,399,556"
Illinois,Paris,Edgar County,PRG,PU,GA,,Basic,0,13,"9,531,168"
Illinois,Pekin,Pekin Municipal,C15,PU,GA,,Local,0,42,"16,245,707"
Illinois,Peoria,Mount Hawley Auxiliary,3MY,PU,GA,,Local,0,49,"10,439,444"
Illinois,Peoria,General Downing - Peoria International,PIA,PU,P,N,,"315,482",43,"76,593,530"
Illinois,Peru,Illinois Valley Regional-Walter A Duncan Field,VYS,PU,GA,,Regional,0,53,"11,869,851"
Illinois,Pinckneyville,Pinckneyville/Du Quoin,PJY,PU,GA,,Local,0,17,"2,136,667"
Illinois,Pittsfield,Pittsfield Penstone Municipal,PPQ,PU,GA,,Basic,0,10,"4,389,668"
Illinois,Pontiac,Pontiac Municipal,PNT,PU,GA,,Local,0,18,"9,453,690"
Illinois,Poplar Grove,Poplar Grove,C77,PR,GA,,Unclassified,0,0,0
Illinois,Quincy,Quincy Regional-Baldwin Field,UIN,PU,CS,,Regional,"4,710",37,"39,300,000"
Illinois,Rantoul,Rantoul Ntl Aviation Center-Frank Elliott Field,TIP,PU,GA,,Local,0,17,"21,657,665"
Illinois,Robinson,Crawford County,RSV,PU,GA,,Local,0,2,"3,681,530"
Illinois,Rochelle,Rochelle Municipal/Koritz Field,RPJ,PU,GA,,Local,0,28,"13,265,185"
Illinois,Rockford,Chicago/Rockford International,RFD,PU,P,N,,"120,494",114,"40,267,507"
Illinois,Romeo (RR name for Romeoville),Lewis University,LOT,PU,R,,Regional,12,134,"65,453,221"
Illinois,Salem,Salem-Leckrone,SLO,PU,GA,,Basic,0,12,"4,776,700"
Illinois,Savanna,Tri-Township,SFY,PU,GA,,Basic,0,10,"2,666,667"
Illinois,Savoy,University of Illinois/Willard,CMI,PU,P,N,,"70,184",78,"32,038,581"
Illinois,Schaumburg,Schaumburg Regional,06C,PU,GA,,Local,0,86,"14,779,785"
Illinois,Schaumburg,Schaumburg Municipal Helistop,4H1,PU,GA,,Unclassified,0,0,0
Illinois,Shelbyville,Shelby County,2H0,PU,GA,,Local,0,21,"6,701,000"
Illinois,Sparta,Sparta Community-Hunter Field,SAR,PU,GA,,Local,0,32,"11,991,843"
Illinois,Springfield,Abraham Lincoln Capital,SPI,PU,P,N,,"50,513",91,"15,329,200"
Illinois,Sterling,Whiteside County/Jos H Bittorf Field,SQI,PU,GA,,Local,0,41,"14,110,235"
Illinois,Taylorville,Taylorville Municipal,TAZ,PU,GA,,Local,1,17,"4,780,001"
Illinois,Tuscola,Tuscola,K96,PR,GA,,Unclassified,0,0,0
Illinois,Vandalia,Vandalia Municipal,VLA,PU,GA,,Basic,0,12,"4,316,667"
Illinois,Waukegan,Waukegan Ntl,UGN,PU,R,,National,88,132,"166,420,772"
Illinois,Wheeling,Chicago Exec,PWK,PU,R,,National,255,236,"81,599,324"
Indiana,Anderson,Anderson Municipal-Darlington Field,AID,PU,GA,,Regional,7,106,"6,987,564"
Indiana,Angola,Tri-State Steuben County,ANQ,PU,GA,,Local,0,39,"2,205,444"
Indiana,Auburn,De Kalb County,GWB,PU,GA,,Regional,0,54,"10,432,747"
Indiana,Bedford,Virgil I Grissom Municipal,BFR,PU,GA,,Local,0,28,"5,351,599"
Indiana,Bloomington,Monroe County,BMG,PU,GA,,Regional,"2,617",105,"31,545,100"
Indiana,Columbus,Columbus Municipal,BAK,PU,GA,,Regional,15,73,"20,690,860"
Indiana,Connersville,Mettel Field,CEV,PU,GA,,Basic,0,14,"1,274,644"
Indiana,Crawfordsville,Crawfordsville Regional,CFJ,PU,GA,,Local,1,31,"1,443,667"
Indiana,Danville,Hendricks County-Gordon Graham Field,2R2,PU,R,,Local,0,66,"8,283,460"
Indiana,Delphi,Delphi Municipal,1I9,PU,GA,,Local,0,28,"3,674,000"
Indiana,Elkhart,Elkhart Municipal,EKM,PU,GA,,Regional,8,74,"8,458,311"
Indiana,Evansville,Evansville Regional,EVV,PU,P,N,,"165,186",53,"52,931,477"
Indiana,Fishers,Indianapolis Metro,UMP,PU,R,,Regional,70,137,"2,326,111"
Indiana,Fort Wayne,Fort Wayne International,FWA,PU,P,N,,"392,876",73,"23,302,541"
Indiana,Fort Wayne,Smith Field,SMD,PU,GA,,Local,0,47,"4,306,666"
Indiana,Frankfort,Frankfort Clinton County Regional,FKR,PU,GA,,Regional,2,36,"13,082,519"
Indiana,French Lick,French Lick Municipal,FRH,PU,GA,,Local,0,15,"5,560,467"
Indiana,Gary,Gary/Chicago International,GYY,PU,GA,,National,"4,098",99,"92,715,198"
Indiana,Goshen,Goshen Municipal,GSH,PU,GA,,Regional,0,61,"6,114,297"
Indiana,Greencastle,Putnam County Regional,GPC,PU,GA,,Local,0,25,"1,986,199"
Indiana,Greensburg,Greensburg Municipal,I34,PU,GA,,Local,0,38,"7,471,552"
Indiana,Greenwood,Indy South Greenwood,HFY,PU,GA,,Regional,2,98,"6,052,023"
Indiana,Griffith,Griffith-Merrillville,05C,PU,R,,Local,1,48,"8,020,872"
Indiana,Huntingburg,Huntingburg,HNB,PU,GA,,Regional,6,29,"5,428,019"
Indiana,Huntington,Huntington Municipal,HHG,PU,GA,,Local,0,65,"1,599,372"
Indiana,Indianapolis,Indianapolis Downtown,8A4,PU,GA,,Unclassified,0,1,0
Indiana,Indianapolis,Eagle Creek Airpark,EYE,PU,R,,Regional,4,90,"4,305,800"
Indiana,Indianapolis,Indianapolis International,IND,PU,P,M,,"4,788,333",95,"511,926,366"
Indiana,Jeffersonville,Clark Regional,JVY,PU,R,,National,49,170,"9,614,545"
Indiana,Kendallville,Kendallville Municipal,C62,PU,GA,,Local,0,26,"2,019,782"
Indiana,Kentland,Kentland Municipal,50I,PU,GA,,Basic,0,14,"4,355,556"
Indiana,Knox,Starke County,OXI,PU,GA,,Local,0,23,"1,533,167"
Indiana,Kokomo,Kokomo Municipal,OKK,PU,GA,,Local,0,63,"10,178,711"
Indiana,La Porte,La Porte Municipal,PPO,PU,GA,,Local,3,72,"7,324,663"
Indiana,Logansport,Logansport/Cass County,GGP,PU,GA,,Local,0,18,"8,340,417"
Indiana,Madison,Madison Municipal,IMS,PU,GA,,Regional,0,55,"4,801,301"
Indiana,Marion,Marion Municipal - McKinney Field,MZZ,PU,GA,,Regional,0,54,"4,320,317"
Indiana,McCordsville,Indianapolis Regional,MQJ,PU,R,,National,40,165,"17,318,996"
Indiana,Michigan City,Michigan City Municipal-Phillips Field,MGC,PU,GA,,Regional,9,50,"41,165,027"
Indiana,Monticello,White County,MCX,PU,GA,,Local,7,20,"7,402,889"
Indiana,Muncie,Delaware County Regional,MIE,PU,GA,,Regional,0,24,"17,403,082"
Indiana,New Castle,New Castle Henry County Marlatt Field,UWL,PU,GA,,Local,0,16,"6,313,158"
Indiana,North Vernon,North Vernon,OVO,PU,GA,,Local,0,37,"2,426,545"
Indiana,Paoli,Paoli Municipal,I42,PU,GA,,Local,0,18,"415,431"
Indiana,Peru,Peru Municipal,I76,PU,GA,,Local,0,20,"2,208,081"
Indiana,Plymouth,Plymouth Municipal,C65,PU,GA,,Local,9,24,"1,517,333"
Indiana,Portland,Portland Municipal,PLD,PU,GA,,Local,0,25,"5,969,615"
Indiana,Rensselaer,Jasper County,RZL,PU,GA,,Local,0,18,"1,128,333"
Indiana,Richmond,Richmond Municipal,RID,PU,GA,,Local,5,42,"2,700,814"
Indiana,Rochester,Fulton County,RCR,PU,GA,,Basic,0,10,"4,294,682"
Indiana,Salem,Salem Municipal,I83,PU,GA,,Local,0,35,"13,995,778"
Indiana,Seymour,Freeman Municipal,SER,PU,GA,,Local,0,48,"9,418,798"
Indiana,Shelbyville,Shelbyville Municipal,GEZ,PU,GA,,Local,0,42,"6,144,400"
Indiana,South Bend,South Bend International,SBN,PU,P,N,,"411,369",60,"102,703,079"
Indiana,Sullivan,Sullivan County,SIV,PU,GA,,Local,0,23,"979,667"
Indiana,Tell City,Perry County Municipal,TEL,PU,GA,,Local,0,19,"1,658,776"
Indiana,Terre Haute,Terre Haute Regional,HUF,PU,GA,,Regional,381,75,"7,198,515"
Indiana,Valparaiso,Porter County Regional,VPZ,PU,GA,,Regional,0,139,"13,945,670"
Indiana,Wabash,Wabash Municipal,IWH,PU,GA,,Basic,2,13,"2,821,166"
Indiana,Warsaw,Warsaw Municipal,ASW,PU,GA,,Regional,22,47,"51,723,389"
Indiana,Washington,Daviess County,DCY,PU,GA,,Local,0,30,"2,711,354"
Indiana,West Lafayette,Purdue University,LAF,PU,GA,,Regional,"2,245",99,"21,443,311"
Indiana,Winamac,Arens Field,RWN,PU,GA,,Local,0,17,"2,110,222"
Indiana,Winchester,Randolph County,I22,PU,GA,,Basic,0,12,"4,281,988"
Indiana,Zionsville,Indianapolis Exec,TYQ,PU,R,,National,106,98,"15,827,371"
Iowa,Albia,Albia Municipal,4C8,PU,GA,,Unclassified,0,2,0
Iowa,Algona,Algona Municipal,AXA,PU,GA,,Local,3,26,"1,475,000"
Iowa,Ames,Ames Municipal,AMW,PU,GA,,Regional,19,61,"24,181,667"
Iowa,Ankeny,Ankeny Regional,IKV,PU,R,,Regional,324,88,"33,238,801"
Iowa,Atlantic,Atlantic Municipal,AIO,PU,GA,,Local,0,25,"3,233,333"
Iowa,Audubon,Audubon County,ADU,PU,GA,,Unclassified,0,2,0
Iowa,Belle Plaine,Belle Plaine Municipal,TZT,PU,GA,,Basic,0,10,"4,300,000"
Iowa,Bloomfield,Bloomfield Municipal,4K6,PU,GA,,Unclassified,0,8,0
Iowa,Boone,Boone Municipal,BNW,PU,GA,,Local,0,30,"3,492,222"
Iowa,Burlington,Southeast Iowa Regional,BRL,PU,CS,,Regional,"4,076",30,"8,117,292"
Iowa,Carroll,Arthur N Neu,CIN,PU,GA,,Local,0,19,"3,015,000"
Iowa,Cedar Rapids,The Eastern Iowa,CID,PU,P,S,,"691,084",128,"82,747,443"
Iowa,Centerville,Centerville Municipal,TVK,PU,GA,,Basic,0,13,"4,077,278"
Iowa,Chariton,Chariton Municipal,CNC,PU,GA,,Basic,0,9,"3,199,333"
Iowa,Charles City,Northeast Iowa Regional,CCY,PU,GA,,Basic,0,14,"6,330,000"
Iowa,Cherokee,Cherokee County Regional,CKP,PU,GA,,Local,0,24,"7,405,000"
Iowa,Clarinda,Schenck Field,ICL,PU,GA,,Local,0,19,"5,025,000"
Iowa,Clarion,Clarion Municipal,CAV,PU,GA,,Basic,0,12,"3,316,222"
Iowa,Clear Lake,Mason City Municipal,MCW,PU,CS,,Regional,"5,780",59,"34,813,593"
Iowa,Clinton,Clinton Municipal,CWI,PU,GA,,Local,0,32,"5,468,171"
Iowa,Council Bluffs,Council Bluffs Municipal,CBF,PU,GA,,Regional,0,70,"9,585,000"
Iowa,Creston,Creston Municipal,CSQ,PU,GA,,Local,0,21,"7,150,020"
Iowa,Davenport,Davenport Municipal,DVN,PU,GA,,Regional,1,96,"8,896,778"
Iowa,Decorah,Decorah Municipal,DEH,PU,GA,,Local,0,28,"4,178,000"
Iowa,Denison,Denison Municipal,DNS,PU,GA,,Basic,0,11,"6,948,630"
Iowa,Des Moines,Des Moines International,DSM,PU,P,S,,"1,519,256",105,"603,588,595"
Iowa,Dubuque,Dubuque Regional,DBQ,PU,P,N,,"16,474",86,"46,905,251"
Iowa,Emmetsburg,Emmetsburg Municipal,EGQ,PU,GA,,Basic,0,14,"7,963,889"
Iowa,Estherville,Estherville Municipal,EST,PU,GA,,Local,4,20,"4,700,000"
Iowa,Fairfield,Fairfield Municipal,FFL,PU,GA,,Local,0,20,"2,794,242"
Iowa,Forest City,Forest City Municipal,FXY,PU,GA,,Local,0,18,"7,047,222"
Iowa,Fort Dodge,Fort Dodge Regional,FOD,PU,CS,,Regional,"6,195",24,"6,908,700"
Iowa,Fort Madison,Fort Madison Municipal,FSW,PU,GA,,Basic,0,9,"1,112,000"
Iowa,Greenfield,Greenfield Municipal,GFZ,PU,GA,,Local,0,26,"2,494,444"
Iowa,Grinnell,Grinnell Regional,GGI,PU,GA,,Local,0,17,"8,551,111"
Iowa,Guthrie Center,Guthrie County Regional,GCT,PU,GA,,Basic,0,10,"4,094,300"
Iowa,Hampton,Hampton Municipal,HPT,PU,GA,,Local,0,21,"3,170,000"
Iowa,Harlan,Harlan Municipal,HNR,PU,GA,,Local,0,26,"2,012,222"
Iowa,Humboldt,Humboldt Municipal,0K7,PU,GA,,Local,0,16,"1,600,000"
Iowa,Independence,James H Connell Field at Independence Municipal,IIB,PU,GA,,Local,0,29,"3,239,400"
Iowa,Iowa City,Iowa City Municipal,IOW,PU,GA,,Regional,"2,553",72,"12,761,950"
Iowa,Iowa Falls,Iowa Falls Municipal,IFA,PU,GA,,Basic,0,13,"3,162,000"
Iowa,Jefferson,Jefferson Municipal,EFW,PU,GA,,Local,0,28,"3,058,900"
Iowa,Keokuk,Keokuk Municipal,EOK,PU,GA,,Local,0,16,"5,212,231"
Iowa,Knoxville,Knoxville Municipal,OXV,PU,GA,,Local,5,34,"3,326,960"
Iowa,Lamoni,Lamoni Municipal,LWD,PU,GA,,Local,0,19,"4,960,416"
Iowa,Le Mars,Le Mars Municipal,LRJ,PU,GA,,Local,0,16,"1,956,667"
Iowa,Manchester,Manchester Municipal,C27,PU,GA,,Basic,0,9,"2,128,909"
Iowa,Mapleton,James G Whiting Memorial Field,MEY,PU,GA,,Basic,0,10,"1,318,000"
Iowa,Maquoketa,Maquoketa Municipal,OQW,PU,GA,,Basic,0,10,"5,107,611"
Iowa,Marshalltown,Marshalltown Municipal,MIW,PU,GA,,Local,0,33,"10,125,000"
Iowa,Maurice,Sioux County Regional,SXK,PU,GA,,Local,0,57,"2,225,250"
Iowa,Monticello,Monticello Regional,MXO,PU,GA,,Local,0,34,"5,850,000"
Iowa,Mount Pleasant,Mount Pleasant Municipal,MPZ,PU,GA,,Local,0,20,"4,661,411"
Iowa,Muscatine,Muscatine Municipal,MUT,PU,GA,,Local,0,20,"2,959,833"
Iowa,Newton,Newton Municipal-Earl Johnson Field,TNU,PU,GA,,Local,0,23,"1,981,000"
Iowa,Oelwein,Oelwein Municipal,OLZ,PU,GA,,Local,0,16,"829,750"
Iowa,Osceola,Osceola Municipal,I75,PU,GA,,Local,0,28,"4,478,925"
Iowa,Oskaloosa,Oskaloosa Municipal,OOA,PU,GA,,Local,0,21,"6,420,000"
Iowa,Ottumwa,Ottumwa Regional,OTM,PU,GA,,Local,1,30,"5,622,930"
Iowa,Pella,Pella Municipal,PEA,PU,GA,,Regional,0,31,"1,755,400"
Iowa,Perry,Perry Municipal,PRO,PU,GA,,Local,0,25,"8,444,240"
Iowa,Pocahontas,Pocahontas Municipal,POH,PU,GA,,Local,0,20,"2,078,550"
Iowa,Red Oak,Red Oak Municipal,RDK,PU,GA,,Local,0,30,"1,977,900"
Iowa,Rockwell City,Rockwell City Municipal,2Y4,PU,GA,,Basic,0,11,"1,187,550"
Iowa,Sac City,Sac City Municipal,SKI,PU,GA,,Basic,0,13,"1,765,000"
Iowa,Sheldon,Sheldon Regional,SHL,PU,GA,,Local,0,21,"7,843,790"
Iowa,Shenandoah,Shenandoah Municipal,SDA,PU,GA,,Basic,0,14,"1,167,069"
Iowa,Sioux City,Sioux Gateway/Brig General Bud Day Field,SUX,PU,P,N,,"27,099",57,"87,250,000"
Iowa,Spencer,Spencer Municipal,SPW,PU,GA,,Regional,20,26,"2,537,111"
Iowa,Storm Lake,Storm Lake Municipal,SLB,PU,GA,,Local,3,18,"7,769,668"
Iowa,Tipton,Mathews Memorial,8C4,PU,GA,,Basic,0,14,"3,267,616"
Iowa,Vinton,Vinton Veterans Memorial Airpark,VTI,PU,GA,,Local,3,21,"9,288,333"
Iowa,Washington,Washington Municipal,AWG,PU,GA,,Local,0,25,"5,520,500"
Iowa,Waterloo,Waterloo Regional,ALO,PU,P,N,,"12,885",73,"7,351,555"
Iowa,Waverly,Waverly Municipal,C25,PU,GA,,Basic,0,13,"2,621,550"
Iowa,Webster City,Webster City Municipal,EBS,PU,GA,,Basic,0,11,"1,956,000"
Iowa,West Union,George L Scott Municipal,3Y2,PU,GA,,Unclassified,0,5,0
Iowa,Winterset,Winterset Municipal,3Y3,PU,GA,,Local,0,24,"3,870,000"
Kansas,Abilene,Abilene Municipal,K78,PU,GA,,Basic,0,12,"1,414,413"
Kansas,Anthony,Anthony Municipal,ANY,PU,GA,,Basic,1,11,"1,706,400"
Kansas,Atchison,Amelia Earhart,K59,PU,GA,,Local,0,24,"1,100,000"
Kansas,Atwood,Atwood-Rawlins County City-County,ADT,PU,GA,,Basic,0,12,"1,370,000"
Kansas,Augusta,Augusta Municipal,3AU,PU,GA,,Regional,0,85,"13,590,000"
Kansas,Belleville,Belleville Municipal,RPB,PU,GA,,Unclassified,0,3,0
Kansas,Beloit,Moritz Memorial,K61,PU,GA,,Basic,0,14,"2,770,000"
Kansas,Burlington,Coffey County,UKL,PU,GA,,Basic,0,13,"790,000"
Kansas,Chanute,Chanute Martin Johnson,CNU,PU,GA,,Local,0,16,"1,571,000"
Kansas,Cimarron,Cimarron Municipal,8K8,PU,GA,,Basic,0,10,0
Kansas,Clay Center,Clay Center Municipal,CYW,PU,GA,,Basic,0,12,"1,531,900"
Kansas,Coffeyville,Coffeyville Municipal,CFV,PU,GA,,Local,9,26,"2,200,000"
Kansas,Colby,Shalz Field,CBK,PU,GA,,Local,0,23,"2,957,000"
Kansas,Concordia,Blosser Municipal,CNK,PU,GA,,Basic,0,12,"3,396,641"
Kansas,Dodge City,Dodge City Regional,DDC,PU,CS,,Regional,"6,432",23,"2,549,477"
Kansas,El Dorado,El Dorado/Capt Jack Thomas Memorial,EQA,PU,GA,,Local,0,26,"2,500,000"
Kansas,Elkhart,Elkhart-Morton County,EHA,PU,GA,,Basic,0,11,"990,000"
Kansas,Ellsworth,Ellsworth Municipal,9K7,PU,GA,,Basic,0,11,"1,150,850"
Kansas,Emporia,Emporia Municipal,EMP,PU,GA,,Local,3,40,"2,474,327"
Kansas,Eureka,Lt William M Milliken,13K,PU,GA,,Basic,0,14,"8,290,000"
Kansas,Fort Scott,Fort Scott Municipal,FSK,PU,GA,,Local,0,25,"2,310,000"
Kansas,Garden City,Garden City Regional,GCK,PU,P,N,,"27,856",70,"1,647,165"
Kansas,Gardner,Gardner Municipal,K34,PU,GA,,Local,0,76,"850,000"
Kansas,Garnett,Garnett Municipal,K68,PU,GA,,Local,0,16,"7,123,018"
Kansas,Goodland,Renner Field/Goodland Municipal,GLD,PU,GA,,Local,0,30,"8,575,621"
Kansas,Great Bend,Great Bend Municipal,GBD,PU,GA,,Regional,0,40,"12,619,903"
Kansas,Hallowell,Oswego Municipal,K67,PU,GA,,Unclassified,0,4,0
Kansas,Hays,Hays Regional,HYS,PU,P,N,,"10,038",40,"10,488,766"
Kansas,Hill City,Hill City Municipal,HLC,PU,GA,,Basic,0,10,"7,383,002"
Kansas,Hugoton,Hugoton Municipal,HQG,PU,GA,,Basic,0,12,"2,170,000"
Kansas,Hutchinson,Hutchinson Regional,HUT,PU,GA,,Regional,11,31,"1,295,000"
Kansas,Independence,Independence Municipal,IDP,PU,GA,,Basic,15,14,"7,400,000"
Kansas,Iola,Allen County,K88,PU,GA,,Basic,0,12,"2,869,160"
Kansas,Johnson,Stanton County Municipal,JHN,PU,GA,,Local,0,38,"4,435,000"
Kansas,Junction City,Freeman Field,3JC,PU,GA,,Local,0,26,"2,014,960"
Kansas,Kingman,Kingman/Clyde Cessna Field,9K8,PU,GA,,Local,0,33,"1,253,972"
Kansas,Lakin,Kearny County,36K,PU,GA,,Local,0,25,"250,000"
Kansas,Larned,Larned-Pawnee County,LQR,PU,GA,,Local,0,16,"2,840,000"
Kansas,Lawrence,Lawrence Regional,LWC,PU,GA,,Regional,12,64,"7,260,729"
Kansas,Leoti,Mark Hoard Memorial,3K7,PU,GA,,Local,0,15,"2,196,444"
Kansas,Liberal,Liberal Mid-America Regional,LBL,PU,CS,,Regional,"8,267",49,"22,605,000"
Kansas,Lyons,Lyons-Rice County Municipal,LYO,PU,GA,,Basic,0,9,"2,325,322"
Kansas,Manhattan,Manhattan Regional,MHK,PU,P,N,,"51,412",43,"11,821,920"
Kansas,Marysville,Marysville Municipal,MYZ,PU,GA,,Basic,0,11,"875,000"
Kansas,McPherson,McPherson,MPR,PU,GA,,Local,0,26,"892,000"
Kansas,Meade,Meade Municipal,MEJ,PU,GA,,Basic,8,13,"351,111"
Kansas,Medicine Lodge,Medicine Lodge,K51,PU,GA,,Basic,0,0,"862,667"
Kansas,Morris (County),Herington Regional,HRU,PU,GA,,Basic,0,11,0
Kansas,Ness City,Ness City Municipal,48K,PU,GA,,Basic,0,1,"1,865,316"
Kansas,Newton,Newton-City-County,EWK,PU,R,,Regional,0,80,"14,061,553"
Kansas,Norton,Norton Municipal,NRN,PU,GA,,Local,0,15,"1,465,079"
Kansas,Oakley,Oakley Municipal,OEL,PU,GA,,Basic,0,10,"3,786,600"
Kansas,Oberlin,Oberlin Municipal,OIN,PU,GA,,Local,0,16,"1,360,000"
Kansas,Olathe,New Century Aircenter,IXD,PU,R,,National,5,165,"26,589,156"
Kansas,Olathe,Johnson County Exec,OJC,PU,R,,National,46,146,"10,201,000"
Kansas,Osage City,Osage City Municipal,53K,PU,GA,,Basic,0,13,"8,090,611"
Kansas,Ottawa,Ottawa Municipal,OWI,PU,GA,,Local,0,36,"2,976,760"
Kansas,Paola,Miami County,K81,PU,GA,,Local,0,19,"1,615,249"
Kansas,Parsons,Tri-City,PPF,PU,GA,,Basic,0,14,"6,960,768"
Kansas,Phillipsburg,Phillipsburg Municipal,PHG,PU,GA,,Basic,0,10,"2,095,180"
Kansas,Pittsburg,Atkinson Municipal,PTS,PU,GA,,Regional,0,29,"5,644,619"
Kansas,Pratt,Pratt Regional,PTT,PU,GA,,Local,0,21,"2,452,500"
Kansas,Russell,Russell Municipal,RSL,PU,GA,,Basic,0,13,"1,200,000"
Kansas,Sabetha,Sabetha Municipal,K83,PU,GA,,Basic,0,11,"1,244,444"
Kansas,Salina,Salina Regional,SLN,PU,P,N,,"15,080",112,"15,307,954"
Kansas,Satanta,Satanta Municipal,1K9,PU,GA,,Unclassified,0,8,0
Kansas,Scott City,Scott City Municipal,TQK,PU,GA,,Local,0,29,"1,060,711"
Kansas,Smith Center,Smith Center Municipal,K82,PU,GA,,Basic,0,10,"1,225,000"
Kansas,St. Francis,Cheyenne County Municipal,SYF,PU,GA,,Basic,0,11,"1,890,000"
Kansas,Stockton,Rooks County Regional,RCP,PU,GA,,Basic,0,9,"780,000"
Kansas,Syracuse,Syracuse-Hamilton County Municipal,3K3,PU,GA,,Local,0,21,"3,620,000"
Kansas,Topeka,Topeka Regional,FOE,PU,GA,,National,"7,647",23,"8,732,768"
Kansas,Topeka,Philip Billard Municipal,TOP,PU,GA,,Regional,0,77,"16,173,773"
Kansas,Tribune,Tribune Municipal,5K2,PU,GA,,Local,0,17,"700,000"
Kansas,Ulysses,Ulysses,ULS,PU,GA,,Local,0,33,"1,480,000"
Kansas,Wakeeney,Trego Wakeeney,0H1,PU,GA,,Unclassified,0,3,0
Kansas,Wellington,Wellington Municipal,EGT,PU,GA,,Local,0,32,"2,646,000"
Kansas,Wichita,Colonel James Jabara,AAO,PU,R,,National,43,179,"2,250,000"
Kansas,Wichita,Wichita Dwight D Eisenhower Ntl,ICT,PU,P,S,,"843,271",122,"5,019,621"
Kansas,Winfield,Strother Field,WLD,PU,GA,,Local,0,22,"955,318"
Kentucky,Bardstown,Samuels Field,BRY,PU,GA,,Local,9,33,"800,000"
Kentucky,Bowling Green,Bowling Green-Warren County Regional,BWG,PU,GA,,Regional,"1,024",71,"5,538,000"
Kentucky,Cadiz,Lake Barkley State Park,1M9,PU,GA,,Unclassified,0,0,0
Kentucky,Campbellsville,Taylor County,AAS,PU,GA,,Local,5,18,"1,358,050"
Kentucky,Cynthiana,Cynthiana-Harrison County,0I8,PU,GA,,Local,0,31,"3,082,000"
Kentucky,Danville,Stuart Powell Field,DVK,PU,GA,,Regional,46,67,"3,084,210"
Kentucky,Debord,Big Sandy Regional,SJS,PU,GA,,Local,26,17,"1,687,416"
Kentucky,Elizabethtown,Addington Field,EKX,PU,GA,,Local,0,62,"1,063,000"
Kentucky,Falls of Rough,Rough River State Park,2I3,PU,GA,,Unclassified,0,0,0
Kentucky,Falmouth,Gene Snyder,K62,PU,GA,,Local,0,17,"2,110,000"
Kentucky,Flemingsburg,Fleming-Mason,FGX,PU,GA,,Local,0,22,"1,354,500"
Kentucky,Frankfort,Capital City,FFT,PU,GA,,Regional,0,58,"4,300,000"
Kentucky,Fulton,Fulton,1M7,PU,GA,,Local,0,16,"1,275,000"
Kentucky,Georgetown,Georgetown-Scott County Regional,27K,PU,GA,,Regional,17,64,"1,417,778"
Kentucky,Gilbertsville,Kentucky Dam State Park,M34,PU,GA,,Local,0,17,"1,305,000"
Kentucky,Glasgow,Glasgow Municipal,GLW,PU,GA,,Local,0,25,"816,667"
Kentucky,Greenville,Muhlenberg County,M21,PU,GA,,Local,0,18,"11,165,619"
Kentucky,Hardinsburg,Breckinridge County,I93,PU,GA,,Basic,0,10,"3,622,222"
Kentucky,Harlan,Tucker-Guthrie Memorial,I35,PU,GA,,Basic,0,14,"7,620,000"
Kentucky,Hartford,Ohio County,JQD,PU,GA,,Basic,0,13,"3,333,739"
Kentucky,Hazard,Wendell H Ford,CPF,PU,GA,,Local,0,18,"920,457"
Kentucky,Hebron,Cincinnati/Northern Kentucky International,CVG,PU,P,M,,"4,287,722",11,"495,521,108"
Kentucky,Henderson,Henderson City-County,EHR,PU,GA,,Regional,30,16,"7,959,170"
Kentucky,Hopkinsville,Hopkinsville-Christian County,HVC,PU,GA,,Local,20,35,"1,317,333"
Kentucky,Jackson,Julian Carroll,JKL,PU,GA,,Unclassified,0,0,0
Kentucky,Jamestown,Russell County,K24,PU,GA,,Basic,0,10,"1,086,066"
Kentucky,Leitchfield,Leitchfield-Grayson County,M20,PU,GA,,Basic,0,14,"22,682,247"
Kentucky,Lewisport,Hancock County/Ron Lewis Field,KY8,PU,GA,,Local,0,19,"2,400,000"
Kentucky,Lexington,Blue Grass,LEX,PU,P,S,,"665,656",169,"137,187,800"
Kentucky,London,London/Corbin/Magee,LOZ,PU,GA,,Regional,20,39,"850,000"
Kentucky,Louisville,Bowman Field,LOU,PU,R,,Regional,207,230,"3,250,000"
Kentucky,Louisville,Louisville Muhammad Ali International,SDF,PU,P,S,,"2,268,006",23,"346,876,122"
Kentucky,Madisonville,Madisonville Regional,2I0,PU,GA,,Regional,1,27,"2,786,507"
Kentucky,Marion,Marion-Crittenden County James C Johnson Regional,GDA,PU,GA,,Local,0,32,"3,377,778"
Kentucky,Mayfield,Mayfield Graves County,M25,PU,GA,,Local,0,22,"1,111,111"
Kentucky,Middlesboro,Middlesboro/Bell County,1A6,PU,GA,,Local,0,30,"750,000"
Kentucky,Monticello,Wayne County,EKQ,PU,GA,,Basic,0,10,"3,337,967"
Kentucky,Morehead,Morehead-Rowan County Clyde A Thomas Regional,SYM,PU,GA,,Local,5,26,"896,594"
Kentucky,Mount Sterling,Mount Sterling/Montgomery County,IOB,PU,GA,,Regional,0,77,"4,086,075"
Kentucky,Murray,Kyle-Oakley Field,CEY,PU,GA,,Regional,3,46,"1,197,535"
Kentucky,Owensboro,Owensboro/Daviess County Regional,OWB,PU,P,N,,"10,822",64,"55,096,042"
Kentucky,Paducah,Barkley Regional,PAH,PU,P,N,,"13,057",40,"20,721,705"
Kentucky,Pikeville,Pike County/Hatcher Field,PBX,PU,GA,,Local,2,27,"1,160,059"
Kentucky,Pine Knot,McCreary County,18I,PU,GA,,Unclassified,0,4,0
Kentucky,Princeton,Princeton-Caldwell County,2M0,PU,GA,,Basic,0,9,"1,878,889"
Kentucky,Richmond,Central Kentucky Regional,RGA,PU,GA,,Local,2,63,"2,405,656"
Kentucky,Russellville,Russellville-Logan County,4M7,PU,GA,,Local,0,21,"3,717,500"
Kentucky,Somerset,Lake Cumberland Regional,SME,PU,GA,,Regional,29,41,"3,038,889"
Kentucky,Sparta,Gallatin County,8GK,PU,GA,,Basic,0,0,"2,452,911"
Kentucky,Springfield,Lebanon Springfield-George Hoerter Field,6I2,PU,GA,,Local,2,20,"1,629,444"
Kentucky,Stanton,Stanton,I50,PU,GA,,Basic,0,14,"1,246,112"
Kentucky,Sturgis,Sturgis Municipal,TWT,PU,GA,,Basic,0,11,"1,366,667"
Kentucky,Tompkinsville,Tompkinsville/Monroe County,TZV,PU,GA,,Local,0,51,"3,028,709"
Kentucky,West Liberty,West Liberty,9I3,PU,GA,,Basic,0,17,"3,452,385"
Kentucky,Williamsburg,Williamsburg-Whitley County,BYL,PU,GA,,Basic,4,14,"866,667"
Kentucky,Worthington,Ashland Regional,DWU,PU,GA,,Local,0,26,"1,864,131"
Louisiana,Abbeville,Abbeville Chris Crusta Memorial,IYA,PU,GA,,Regional,18,57,"937,778"
Louisiana,Alexandria,Alexandria International,AEX,PU,P,N,,"176,351",55,"81,141,411"
Louisiana,Bastrop,Morehouse Memorial,BQP,PU,GA,,Local,0,20,"905,334"
Louisiana,Baton Rouge,"Baton Rouge Metro, Ryan Field",BTR,PU,P,N,,"377,665",170,"29,339,276"
Louisiana,Bogalusa,George R Carr Memorial Air Field,BXA,PU,GA,,Local,0,18,"1,100,000"
Louisiana,Coushatta,The Red River,0R7,PU,GA,,Unclassified,6,2,0
Louisiana,Covington,St Tammany Regional,L31,PU,GA,,Basic,0,12,"7,243,297"
Louisiana,Crowley,Le Gros Memorial,3R2,PU,GA,,Basic,0,14,"777,617"
Louisiana,DeQuincy,DeQuincy Industrial Airpark,5R8,PU,GA,,Local,0,18,"4,300,000"
Louisiana,DeRidder,Beauregard Regional,DRI,PU,GA,,Local,0,24,"1,172,444"
Louisiana,Eunice,Eunice,4R7,PU,GA,,Local,0,33,"1,543,851"
Louisiana,Farmerville,Union Parish,F87,PU,GA,,Local,0,27,"1,633,333"
Louisiana,Galliano,South Lafourche Leonard Miller Jr,GAO,PU,GA,,Regional,0,45,"5,833,333"
Louisiana,Gonzales,Louisiana Regional,REG,PU,GA,,Regional,0,117,"1,417,237"
Louisiana,Hammond,Hammond Northshore Regional,HDC,PU,GA,,National,17,103,"2,078,295"
Louisiana,Homer,Homer Municipal,5F4,PU,GA,,Unclassified,0,7,0
Louisiana,Houma,Houma-Terrebonne,HUM,PU,GA,,Regional,0,208,"19,600,469"
Louisiana,Jena,Jena,1R1,PU,GA,,Unclassified,0,7,0
Louisiana,Jennings,Jennings,3R7,PU,GA,,Local,0,41,"2,426,700"
Louisiana,Jonesboro,Jonesboro,F88,PU,GA,,Unclassified,0,7,0
Louisiana,Jonesville,Jonesville,L32,PU,GA,,Basic,0,9,"2,142,582"
Louisiana,Kenner,Louis Armstrong New Orleans International,MSY,PU,P,M,,"6,309,199",29,"281,820,751"
Louisiana,Lafayette,Lafayette Regional/Paul Fournet Field,LFT,PU,P,N,,"229,831",116,"47,051,605"
Louisiana,Lake Charles,Chennault International,CWF,PU,GA,,Regional,421,24,"6,133,727"
Louisiana,Lake Charles,Lake Charles Regional,LCH,PU,P,N,,"82,425",42,"22,609,559"
Louisiana,Lake Providence,Byerley,0M8,PU,GA,,Unclassified,0,2,0
Louisiana,Leesville,Leesville,L39,PU,GA,,Local,0,17,"1,976,451"
Louisiana,Mansfield,C E 'Rusty' Williams,3F3,PU,GA,,Local,0,23,"3,128,080"
Louisiana,Many,Hart,3R4,PU,GA,,Basic,0,10,"1,407,224"
Louisiana,Marksville,Marksville Municipal,MKV,PU,GA,,Basic,0,13,"1,805,444"
Louisiana,Minden,Minden,MNE,PU,GA,,Local,0,32,"1,798,334"
Louisiana,Monroe,Monroe Regional,MLU,PU,P,N,,"96,964",63,"12,916,101"
Louisiana,Natchitoches,Natchitoches Regional,IER,PU,GA,,Regional,2,36,"1,046,111"
Louisiana,New Iberia,Acadiana Regional,ARA,PU,GA,,Regional,0,74,"3,079,400"
Louisiana,New Orleans,Lakefront,NEW,PU,R,,National,145,141,"2,353,915"
Louisiana,New Roads,False River Regional,HZR,PU,GA,,Local,0,24,"1,651,706"
Louisiana,Oak Grove,Kelly-Dumas,9M6,PU,GA,,Local,0,19,"2,171,111"
Louisiana,Oakdale,Allen Parish,ACP,PU,GA,,Basic,0,13,"3,695,363"
Louisiana,Opelousas,St Landry Parish,OPL,PU,GA,,Local,0,44,"2,415,520"
Louisiana,Patterson,Harry P Williams Memorial,PTN,PU,GA,,Local,15,20,"1,082,778"
Louisiana,Pineville,Esler Regional,ESF,PU,GA,,Local,0,23,"10,537,269"
Louisiana,Rayville,John H Hooks Jr Memorial,M79,PU,GA,,Local,0,29,"8,143,251"
Louisiana,Reserve,Port of South Louisiana Exec Regional,APS,PU,GA,,Local,0,31,"4,188,723"
Louisiana,Ruston,Ruston Regional,RSN,PU,GA,,Regional,2,33,"3,270,000"
Louisiana,Shreveport,Shreveport Downtown,DTN,PU,GA,,Regional,0,173,"5,300,000"
Louisiana,Shreveport,Shreveport Regional,SHV,PU,P,N,,"308,925",51,"30,179,732"
Louisiana,Slidell,Slidell,ASD,PU,R,,Regional,0,72,"6,574,167"
Louisiana,Springhill,Springhill,SPH,PU,GA,,Basic,0,12,"1,240,835"
Louisiana,Sulphur,Southland Field,UXL,PU,GA,,Local,0,17,"2,587,664"
Louisiana,Tallulah,Vicksburg Tallulah Regional,TVR,PU,GA,,Local,0,22,"2,076,921"
Louisiana,Terrebonne (Parish),Thibodaux Municipal,L83,PU,GA,,Basic,0,11,"4,911,110"
Louisiana,Vidalia,Concordia Parish,0R4,PU,GA,,Local,0,29,"2,687,709"
Louisiana,Vivian,Vivian,3F4,PU,GA,,Basic,0,13,"1,466,667"
Louisiana,Winnfield,David G Joyce,0R5,PU,GA,,Unclassified,0,1,0
Louisiana,Winnsboro,Winnsboro Municipal,F89,PU,GA,,Local,3,22,"3,353,767"
Maine,Auburn,Auburn/Lewiston Municipal,LEW,PU,R,,Regional,50,74,"17,445,673"
Maine,Augusta,Augusta State,AUG,PU,CS,,Regional,"5,354",40,"11,263,667"
Maine,Bangor,Bangor International,BGR,PU,P,N,,"357,290",40,"41,184,449"
Maine,Bar Harbor,Hancock County/Bar Harbor,BHB,PU,P,N,,"10,470",25,"14,202,485"
Maine,Belfast,Belfast Municipal,BST,PU,GA,,Local,48,28,"13,058,025"
Maine,Bethel,Bethel Regional,0B1,PU,GA,,Local,2,16,"4,424,055"
Maine,Biddeford,Biddeford Municipal,B19,PU,GA,,Local,13,29,"6,151,889"
Maine,Brunswick,Brunswick Exec,BXM,PU,GA,,Local,48,51,"26,402,926"
Maine,Caribou,Caribou Municipal,CAR,PU,GA,,Basic,12,12,"2,339,445"
Maine,Carrabassett,Sugarloaf Regional,B21,PU,GA,,Basic,0,14,"2,944,444"
Maine,Dexter,Dexter Regional,1B0,PU,GA,,Local,0,21,"1,861,111"
Maine,Dover-Foxcroft,Charles A Chase Jr Memorial Field,44B,PU,GA,,Unclassified,0,0,0
Maine,Eastport,Eastport Municipal,EPM,PU,GA,,Basic,2,7,"4,166,667"
Maine,Frenchville,Northern Aroostook Regional,FVE,PU,GA,,Basic,5,10,"1,892,076"
Maine,Fryeburg,Eastern Slopes Regional,IZG,PU,GA,,Local,14,39,"13,762,316"
Maine,Greenville,Greenville Municipal,3B1,PU,GA,,Basic,0,13,"7,036,773"
Maine,Houlton,Houlton International,HUL,PU,GA,,Local,0,15,"1,220,277"
Maine,Islesboro,Islesboro,57B,PU,GA,,Unclassified,106,0,0
Maine,Jackman,Newton Field,59B,PU,GA,,Basic,0,8,"5,176,291"
Maine,Lincoln,Lincoln Regional,LRG,PU,GA,,Local,0,28,"2,346,667"
Maine,Machias,Machias Valley,MVM,PU,GA,,Basic,0,3,"7,116,666"
Maine,Millinocket,Millinocket Municipal,MLT,PU,GA,,Local,4,17,"9,041,277"
Maine,Norridgewock,Central Maine/Norridgewock,OWK,PU,GA,,Local,0,18,"3,278,889"
Maine,Old Town,Dewitt Field/Old Town Municipal,OLD,PU,GA,,Local,0,53,"1,384,877"
Maine,Oxford,Oxford County Regional,81B,PU,GA,,Local,0,23,"5,106,791"
Maine,Pittsfield,Pittsfield Municipal,2B7,PU,GA,,Local,0,28,"4,596,694"
Maine,Portland,Portland International Jetport,PWM,PU,P,S,,"1,114,696",35,"110,651,261"
Maine,Presque Isle,Presque Isle International,PQI,PU,P,N,,"19,269",21,"83,458,952"
Maine,Princeton,Princeton Municipal,PNN,PU,GA,,Basic,22,1,"3,338,889"
Maine,Rangeley,Stephen A Bean Municipal,8B0,PU,GA,,Basic,21,5,"1,569,050"
Maine,Rockland,Knox County Regional,RKD,PU,CS,,Regional,"7,018",57,"16,774,615"
Maine,Sanford,Sanford Seacoast Regional,SFM,PU,R,,Regional,34,126,"7,680,005"
Maine,Stonington,Stonington Municipal,93B,PU,GA,,Unclassified,0,2,0
Maine,Waterville,Waterville Robert Lafleur,WVL,PU,GA,,Local,38,21,"2,170,667"
Maine,Wiscasset,Wiscasset,IWI,PU,GA,,Local,46,34,"1,853,870"
Maryland,Cambridge,Cambridge-Dorchester Regional,CGE,PU,GA,,Local,50,39,"10,174,451"
Maryland,College Park,College Park,CGS,PU,GA,,Local,7,34,0
Maryland,Crisfield,Crisfield-Somerset County,W41,PU,GA,,Unclassified,0,0,0
Maryland,Easton,Easton/Newnam Field,ESN,PU,GA,,National,89,161,"31,121,541"
Maryland,Frederick,Frederick Municipal,FDK,PU,R,,National,18,181,"43,374,343"
Maryland,Gaithersburg,Montgomery County Airpark,GAI,PU,R,,Regional,385,155,"9,512,440"
Maryland,Glen Burnie,Baltimore/Washington International Thurgood Marshall,BWI,PU,P,L,,"12,849,659",42,"635,439,726"
Maryland,Hagerstown,Hagerstown Regional/Richard A Henson Field,HGR,PU,P,N,,"32,331",152,"41,721,463"
Maryland,Indian Head,Maryland,2W5,PR,R,,Regional,3,114,0
Maryland,Leonardtown,St Mary's County Regional,2W6,PU,GA,,Regional,0,200,"8,200,000"
Maryland,Middle River,Martin State,MTN,PU,R,,National,167,214,"95,886,455"
Maryland,Oakland,Garrett County,2G4,PU,GA,,Local,0,22,"4,994,589"
Maryland,Ocean City,Ocean City Municipal,OXB,PU,GA,,Local,44,48,"21,913,332"
Maryland,Odenton,Tipton,FME,PU,R,,Regional,55,96,"13,127,261"
Maryland,Salisbury,Salisbury-Ocean City Wicomico Regional,SBY,PU,P,N,,"52,236",116,"10,158,778"
Maryland,Stevensville,Bay Bridge,W29,PU,GA,,Local,2,69,"3,477,778"
Maryland,Westminster,Carroll County Regional/Jack B Poage Field,DMW,PU,R,,Regional,32,103,"33,463,031"
Maryland,Wiley Ford,Greater Cumberland Regional,CBE,PU,GA,,Regional,2,51,"27,374,457"
Massachusetts,Bedford,Laurence G Hanscom Field,BED,PU,GA,,National,"16,595",222,"42,441,521"
Massachusetts,Beverly,Beverly Regional,BVY,PU,R,,Regional,239,99,"17,991,111"
Massachusetts,Boston,General Edward Lawrence Logan International,BOS,PU,P,L,,"19,962,614",0,"906,303,854"
Massachusetts,Chatham,Chatham Municipal,CQX,PU,GA,,Local,283,39,"4,875,000"
Massachusetts,Chicopee,Westover ARB/Metro,CEF,MA,GA,,Regional,620,24,"7,488,889"
Massachusetts,Fitchburg,Fitchburg Municipal,FIT,PU,GA,,Regional,12,108,"8,394,487"
Massachusetts,Gardner,Gardner Municipal,GDM,PU,GA,,Basic,0,9,"750,000"
Massachusetts,Hyannis,Cape Cod Gateway,HYA,PU,P,N,,"17,465",37,"34,556,172"
Massachusetts,Lawrence,Lawrence Municipal,LWM,PU,R,,Regional,40,165,"6,008,928"
Massachusetts,Mansfield,Mansfield Municipal,1B9,PU,GA,,Local,12,80,"10,758,580"
Massachusetts,Marshfield,Marshfield Municipal - George Harlow Field,GHG,PU,GA,,Regional,73,31,"3,331,478"
Massachusetts,Montague,Turners Falls,0B5,PU,GA,,Local,18,35,"5,280,089"
Massachusetts,Nantucket,Nantucket Memorial,ACK,PU,P,N,,"137,664",21,"147,222,950"
Massachusetts,New Bedford,New Bedford Regional,EWB,PU,GA,,Regional,"1,749",103,"32,996,667"
Massachusetts,North Adams,Harriman-And-West,AQW,PU,GA,,Local,26,25,"2,329,470"
Massachusetts,Norwood,Norwood Memorial,OWD,PU,R,,Regional,851,94,"14,981,643"
Massachusetts,Orange,Orange Municipal,ORE,PU,GA,,Local,0,47,"8,643,333"
Massachusetts,Pittsfield,Pittsfield Municipal,PSF,PU,GA,,Regional,85,26,"15,682,917"
Massachusetts,Plymouth,Plymouth Municipal,PYM,PU,GA,,Regional,162,88,"28,011,111"
Massachusetts,Provincetown,Provincetown Municipal,PVC,PU,CS,,Regional,"7,746",2,"36,175,095"
Massachusetts,Southbridge,Southbridge Municipal,3B0,PU,GA,,Local,0,24,"3,773,333"
Massachusetts,Stow,Minute Man Air Field,6B6,PR,GA,,Unclassified,0,53,0
Massachusetts,Taunton,Taunton Municipal - King Field,TAN,PU,GA,,Local,3,89,"15,457,472"
Massachusetts,Vineyard Haven,Martha's Vineyard,MVY,PU,P,N,,"83,603",87,"11,208,025"
Massachusetts,Westfield,Westfield-Barnes Regional,BAF,PU,GA,,Regional,"1,261",103,"14,332,222"
Massachusetts,Worcester,Worcester Regional,ORH,PU,P,N,,"104,747",54,"36,102,903"
Michigan,Adrian,Lenawee County,ADG,PU,GA,,Regional,0,53,"7,612,602"
Michigan,Allegan,Padgham Field,35D,PU,GA,,Local,0,39,"3,276,488"
Michigan,Alma,Gratiot Community,AMN,PU,GA,,Local,0,34,"3,044,000"
Michigan,Alpena,Alpena County Regional,APN,PU,CS,,Regional,"8,034",23,"25,961,500"
Michigan,Ann Arbor,Ann Arbor Municipal,ARB,PU,GA,,Regional,30,160,"22,540,000"
Michigan,Atlanta,Atlanta Municipal,Y93,PU,GA,,Basic,0,11,"5,020,000"
Michigan,Bad Axe,Huron County Memorial,BAX,PU,GA,,Local,0,20,"4,861,000"
Michigan,Battle Creek,Battle Creek Exec at Kellogg Field,BTL,PU,GA,,Regional,0,89,"38,381,111"
Michigan,Bay City,James Clements Municipal,3CM,PU,GA,,Local,0,47,"2,058,000"
Michigan,Beaver Island,Beaver Island,SJX,PU,GA,,Basic,0,1,"11,131,666"
Michigan,Bellaire,Antrim County,ACB,PU,GA,,Local,2,24,"2,972,000"
Michigan,Benton Harbor,Southwest Michigan Regional,BEH,PU,GA,,Regional,25,55,"10,973,000"
Michigan,Big Rapids,Roben-Hood,RQB,PU,GA,,Local,0,22,"5,540,000"
Michigan,Cadillac,Wexford County,CAD,PU,GA,,Local,0,47,"3,093,500"
Michigan,Caro,Tuscola Area,CFS,PU,GA,,Local,0,36,"2,620,000"
Michigan,Charlevoix,Charlevoix Municipal,CVX,PU,GA,,Local,"13,277",16,"1,290,000"
Michigan,Charlotte,Fitch H Beach,FPK,PU,GA,,Local,0,20,"1,268,700"
Michigan,Cheboygan,Cheboygan County,SLH,PU,GA,,Local,0,16,"2,766,000"
Michigan,Clare,Clare Municipal,48D,PU,GA,,Local,0,33,"3,665,000"
Michigan,Clinton (Township of),Capital Region International,LAN,PU,P,N,,"106,939",65,"23,431,418"
Michigan,Coldwater,Branch County Memorial,OEB,PU,GA,,Regional,0,47,"2,865,000"
Michigan,Detroit,Coleman A Young Municipal,DET,PU,GA,,Regional,116,66,"80,260,675"
Michigan,Detroit,Detroit Metro Wayne County,DTW,PU,P,L,,"15,378,559",9,"371,694,229"
Michigan,Detroit,Willow Run,YIP,PU,GA,,National,"3,643",120,"19,150,000"
Michigan,Dowagiac,Dowagiac Municipal,C91,PU,GA,,Local,1,15,"3,304,000"
Michigan,Drummond Island,Drummond Island,DRM,PU,GA,,Basic,0,9,"4,129,200"
Michigan,Escanaba,Delta County,ESC,PU,P,N,,"15,659",0,"8,684,411"
Michigan,Evart,Evart Municipal,9C8,PU,GA,,Unclassified,0,2,0
Michigan,Flint,Bishop International,FNT,PU,P,N,,"281,903",98,"20,911,111"
Michigan,Frankfort,Frankfort Dow Memorial Field,FKS,PU,GA,,Local,24,18,"1,795,000"
Michigan,Fremont,Fremont Municipal,FFX,PU,GA,,Local,0,48,"5,278,000"
Michigan,Gaylord,Gaylord Regional,GLR,PU,GA,,Local,22,20,"2,935,000"
Michigan,Gladwin,Gladwin Zettel Memorial,GDW,PU,GA,,Local,0,20,"4,145,000"
Michigan,Grand Haven,Grand Haven Memorial Airpark,3GM,PU,GA,,Local,0,64,"2,545,243"
Michigan,Grand Ledge,Abrams Municipal,4D0,PU,GA,,Local,0,24,"2,860,000"
Michigan,Grand Rapids,Gerald R Ford International,GRR,PU,P,S,,"1,899,740",90,"78,767,409"
Michigan,Grayling,Grayling AAF,GOV,MR,GA,,Unclassified,3,5,0
Michigan,Greenville,Greenville Municipal,6D6,PU,GA,,Local,0,37,"2,046,278"
Michigan,Grosse Ile (Township of),Grosse Ile Municipal,ONZ,PU,R,,Local,0,76,"11,783,000"
Michigan,Gwinn,Marquette/Sawyer Regional,SAW,PU,P,N,,"42,660",41,"21,492,566"
Michigan,Hancock,Houghton County Memorial,CMX,PU,P,N,,"23,355",22,"13,168,513"
Michigan,Harbor Springs,Harbor Springs,MGN,PU,GA,,Local,36,15,"978,474"
Michigan,Hart,Oceana County,C04,PU,GA,,Local,0,26,"980,000"
Michigan,Hastings,Hastings,9D9,PU,GA,,Local,0,83,"4,076,948"
Michigan,Hillsdale,Hillsdale Municipal,JYM,PU,GA,,Basic,2,11,"6,466,000"
Michigan,Holland,West Michigan Regional,BIV,PU,GA,,National,21,52,"9,184,585"
Michigan,Houghton Lake,Roscommon County/Blodgett Memorial,HTL,PU,GA,,Local,0,22,"2,475,999"
Michigan,Howell,Livingston County Spencer J Hardy,OZW,PU,R,,Regional,1,127,"4,857,500"
Michigan,Ionia,Ionia County,Y70,PU,GA,,Local,0,47,"6,365,000"
Michigan,Iron Mountain,Ford,IMT,PU,P,N,,"17,961",36,"26,988,659"
Michigan,Ironwood,Gogebic/Iron County,IWD,PU,CS,,Local,"7,042",17,"2,160,000"
Michigan,Jackson,Jackson County/Reynolds Field,JXN,PU,GA,,Regional,0,82,"5,899,021"
Michigan,Kalamazoo,Kalamazoo/Battle Creek International,AZO,PU,P,N,,"87,626",128,"43,737,800"
Michigan,Lakeview,Lakeview/Griffith Field,13C,PU,GA,,Local,0,27,"2,299,500"
Michigan,Lambertville,Toledo Suburban,DUH,PR,GA,,Unclassified,0,21,0
Michigan,Lapeer,Dupont/Lapeer,D95,PU,GA,,Local,0,47,"5,315,000"
Michigan,Ludington,Mason County,LDM,PU,GA,,Local,6,24,"3,757,000"
Michigan,Mackinac Island,Mackinac Island,MCD,PU,GA,,Basic,6,1,"2,234,705"
Michigan,Manistee,Manistee County/Blacker,MBL,PU,CS,,Local,"6,039",7,"12,060,756"
Michigan,Manistique,Schoolcraft County,ISQ,PU,GA,,Basic,0,10,"3,405,556"
Michigan,Marlette,Marlette Township,77G,PU,GA,,Local,0,38,"6,242,000"
Michigan,Marshall,Brooks Field,RMY,PU,GA,,Local,0,32,"2,045,000"
Michigan,Mason,Mason Jewett Field,TEW,PU,GA,,Regional,0,82,"9,758,000"
Michigan,Menominee,Menominee Regional,MNM,PU,GA,,Local,0,38,"10,310,666"
Michigan,Midland,Jack Barstow,IKW,PU,GA,,Regional,0,54,"3,448,000"
Michigan,Mio,Oscoda County/Dennis Kauffman Memorial,51M,PU,GA,,Local,0,15,"1,588,000"
Michigan,Monroe,Custer,TTF,PU,GA,,Local,0,30,"4,249,500"
Michigan,Mount Pleasant,Mount Pleasant Municipal,MOP,PU,GA,,Regional,11,18,"8,668,333"
Michigan,Muskegon,Muskegon County,MKG,PU,CS,,Regional,"4,521",84,"3,263,000"
Michigan,New Hudson,Oakland Southwest,Y47,PU,R,,Local,0,45,"9,740,000"
Michigan,Newberry,Luce County,ERY,PU,GA,,Basic,0,9,"1,729,300"
Michigan,Niles,Jerry Tyler Memorial,3TR,PU,GA,,Local,0,25,"5,070,000"
Michigan,Ontonagon,Ontonagon County/Schuster Field,OGM,PU,GA,,Basic,0,5,"2,645,000"
Michigan,Oscoda,Oscoda/Wurtsmith,OSC,PU,GA,,Local,0,47,"8,390,000"
Michigan,Owosso,Owosso Community,RNP,PU,GA,,Regional,0,61,"5,350,000"
Michigan,Pellston,Pellston Regional/Emmet County,PLN,PU,P,N,,"22,261",33,"14,066,811"
Michigan,Plymouth,Canton-Plymouth-Mettetal,1D2,PU,R,,Local,0,79,"1,750,000"
Michigan,Pointe Aux Pins,Bois Blanc Island,6Y1,PU,GA,,Basic,0,3,"996,000"
Michigan,Pontiac,Oakland County International,PTK,PU,R,,National,499,617,"20,444,615"
Michigan,Port Huron,St Clair County International,PHN,PU,R,,Regional,11,72,"8,255,000"
Michigan,Rogers City,Presque Isle County,PZQ,PU,GA,,Unclassified,0,7,0
Michigan,Romeo,Romeo State,D98,PU,R,,Local,0,27,"4,109,890"
Michigan,Saginaw,Saginaw County/H W Browne,HYX,PU,GA,,Regional,3,41,"6,170,000"
Michigan,Saginaw,MBS International,MBS,PU,P,N,,"93,545",18,"19,832,171"
Michigan,Sandusky,Sandusky City,Y83,PU,GA,,Local,0,24,"4,361,000"
Michigan,Sault Ste. Marie,Chippewa County International,CIU,PU,P,N,,"22,166",13,"19,175,254"
Michigan,South Haven,South Haven Area Regional,LWA,PU,GA,,Local,0,45,"6,569,999"
Michigan,Sparta,Paul C Miller/Sparta,8D4,PU,GA,,Regional,0,101,"2,898,650"
Michigan,St. Ignace,Mackinac County,83D,PU,GA,,Basic,18,9,"2,091,000"
Michigan,Sturgis,Kirsch Municipal,IRS,PU,GA,,Local,3,26,"5,030,800"
Michigan,Three Rivers,Three Rivers Municipal/Dr Haines,HAI,PU,GA,,Local,0,33,"8,145,150"
Michigan,Traverse City,Cherry Capital,TVC,PU,P,N,,"347,763",138,"20,124,078"
Michigan,Troy,Oakland/Troy,VLL,PU,R,,Regional,12,113,"2,357,000"
Michigan,West Branch,West Branch Community,Y31,PU,GA,,Local,0,17,"5,040,000"
Michigan,White Cloud,White Cloud,42C,PU,GA,,Local,0,17,"2,436,124"
Minnesota,Aitkin,Aitkin Municipal/Steve Kurtz Field,AIT,PU,GA,,Local,0,17,"4,825,071"
Minnesota,Albert Lea,Albert Lea Municipal,AEL,PU,GA,,Local,0,46,"2,276,688"
Minnesota,Alexandria,Chandler Field,AXN,PU,GA,,Regional,0,79,"10,548,155"
Minnesota,Austin,Austin Municipal,AUM,PU,GA,,Local,0,17,"821,367"
Minnesota,Baudette,Baudette International,BDE,PU,GA,,Local,0,18,"3,400,000"
Minnesota,Bemidji,Bemidji Regional,BJI,PU,P,N,,"25,179",80,"11,586,947"
Minnesota,Benson,Benson Municipal,BBB,PU,GA,,Local,0,31,"3,961,112"
Minnesota,Blaine,Anoka County/Blaine (Janes Field),ANE,PU,R,,National,22,359,"6,545,555"
Minnesota,Blue Earth,Blue Earth Municipal,SBU,PU,GA,,Local,0,29,"2,579,066"
Minnesota,Brainerd,Brainerd Lakes Regional,BRD,PU,P,N,,"16,218",83,"15,510,666"
Minnesota,Buffalo,Buffalo Municipal,CFE,PU,GA,,Local,0,60,"1,084,050"
Minnesota,Caledonia,Houston County,CHU,PU,GA,,Basic,109,12,"2,898,863"
Minnesota,Cambridge,Cambridge Municipal,CBG,PU,GA,,Local,0,37,"1,888,889"
Minnesota,Canby,Myers Field,CNB,PU,GA,,Local,0,28,"1,345,000"
Minnesota,Cloquet,Cloquet/Carlton County,COQ,PU,GA,,Local,0,50,"4,655,205"
Minnesota,Cook,Cook Municipal,CQM,PU,GA,,Local,0,21,"3,461,111"
Minnesota,Crookston,Crookston Municipal/Kirkwood Field,CKN,PU,GA,,Local,0,37,"7,425,444"
Minnesota,Detroit Lakes,Detroit Lakes/Wething Field,DTL,PU,GA,,Local,0,63,"8,920,683"
Minnesota,Dodge Center,Dodge Center,TOB,PU,GA,,Local,0,33,"4,743,611"
Minnesota,Duluth,Duluth International,DLH,PU,P,N,,"128,109",67,"114,378,152"
Minnesota,Duluth,Sky Harbor,DYT,PU,GA,,Local,0,27,"3,059,500"
Minnesota,Elbow Lake,Elbow Lake Municipal/Pride of the Prairie,Y63,PU,GA,,Local,0,22,"2,810,649"
Minnesota,Ely,Ely Municipal,ELO,PU,GA,,Local,1,23,"3,376,069"
Minnesota,Eveleth,Eveleth/Virginia Municipal,EVM,PU,GA,,Local,0,28,"3,531,111"
Minnesota,Fairmont,Fairmont Municipal,FRM,PU,GA,,Local,0,34,"2,392,111"
Minnesota,Faribault,Faribault Municipal-Liz Wall Strohfus Field,FBL,PU,GA,,Local,0,42,"6,111,111"
Minnesota,Fergus Falls,Fergus Falls Municipal/Einar Mickelson Field,FFM,PU,GA,,Regional,0,33,"15,431,922"
Minnesota,Fosston,Fosston Municipal/Anderson Field,FSE,PU,GA,,Basic,0,10,"4,422,535"
Minnesota,Glencoe,Glencoe Municipal,GYL,PU,GA,,Local,0,34,"2,784,815"
Minnesota,Glenwood,Glenwood Municipal,GHW,PU,GA,,Basic,0,10,"2,611,663"
Minnesota,Grand Marais,Grand Marais/Cook County,CKC,PU,GA,,Local,0,24,"11,976,666"
Minnesota,Grand Rapids,Grand Rapids/Itasca County-Gordon Newstrom Field,GPZ,PU,GA,,Regional,2,60,"5,440,000"
Minnesota,Hallock,Hallock Municipal,HCO,PU,GA,,Local,0,20,"6,227,222"
Minnesota,Hawley,Hawley Municipal,04Y,PU,GA,,Local,0,34,"3,270,000"
Minnesota,Hector,Hector Municipal,1D6,PU,GA,,Basic,0,20,"4,466,667"
Minnesota,Hibbing,Range Regional,HIB,PU,P,N,,"11,775",42,"17,805,556"
Minnesota,Hutchinson,Hutchinson Municipal/Butler Field,HCD,PU,GA,,Local,0,47,"3,554,666"
Minnesota,International Falls,Falls International/Einarson Field,INL,PU,P,N,,"13,277",20,"20,153,454"
Minnesota,Jackson,Jackson Municipal,MJQ,PU,GA,,Local,0,22,"1,944,444"
Minnesota,Lake Elmo,Lake Elmo,21D,PU,R,,Regional,0,169,"5,071,112"
Minnesota,Lakeville,Airlake,LVN,PU,R,,Regional,0,91,"12,008,889"
Minnesota,Le Sueur,Le Sueur Municipal,12Y,PU,GA,,Local,0,44,"2,534,776"
Minnesota,Litchfield,Litchfield Municipal,LJF,PU,GA,,Local,0,17,"3,430,472"
Minnesota,Little Falls,Little Falls/Morrison County-Lindbergh Field,LXL,PU,GA,,Local,0,26,"1,391,931"
Minnesota,Long Prairie,Todd Field,14Y,PU,GA,,Local,0,17,"1,847,000"
Minnesota,Longville,Longville Municipal,XVG,PU,GA,,Local,5,16,"6,176,112"
Minnesota,Luverne,Quentin Aanenson Field,LYV,PU,GA,,Local,0,15,"2,906,250"
Minnesota,Madison,Lac qui Parle County,DXX,PU,GA,,Basic,0,9,"3,516,445"
Minnesota,Mahnomen,Mahnomen County,3N8,PU,GA,,Local,0,24,"3,631,718"
Minnesota,Mankato,Mankato Regional,MKT,PU,GA,,Regional,22,103,"43,014,372"
Minnesota,Marshall,Southwest Minnesota Regional Marshall/Ryan Field,MML,PU,GA,,Regional,0,32,"9,516,000"
Minnesota,Minneapolis,Flying Cloud,FCM,PU,R,,National,51,298,"34,719,999"
Minnesota,Minneapolis,Crystal,MIC,PU,R,,Regional,2,102,"5,842,222"
Minnesota,Minneapolis,Minneapolis-St Paul International/Wold-Chamberlain,MSP,PU,P,L,,"17,019,095",162,"653,905,319"
Minnesota,Montevideo,Montevideo-Chippewa County,MVE,PU,GA,,Local,0,22,"1,413,335"
Minnesota,Moorhead,Moorhead Municipal/Florence Klingensmith Field,JKJ,PU,GA,,Local,0,43,"2,934,999"
Minnesota,Moose Lake,Moose Lake Carlton County,MZH,PU,GA,,Local,0,17,"2,761,111"
Minnesota,Mora,Mora Municipal,JMR,PU,GA,,Local,0,28,"3,699,445"
Minnesota,Morris,Morris Municipal/Charlie Schmidt Field,MOX,PU,GA,,Basic,0,12,"1,377,222"
Minnesota,New Ulm,New Ulm Municipal,ULM,PU,GA,,Basic,0,11,"7,672,503"
Minnesota,Orr,Orr Regional,ORB,PU,GA,,Basic,0,11,"1,844,444"
Minnesota,Ortonville,Ortonville Municipal/Martinson Field,VVV,PU,GA,,Unclassified,0,1,0
Minnesota,Owatonna,Owatonna Degner Regional,OWA,PU,GA,,Regional,0,43,"3,513,056"
Minnesota,Park Rapids,Park Rapids Municipal/Konshok Field,PKD,PU,GA,,Local,0,32,"9,060,000"
Minnesota,Paynesville,Paynesville Municipal,PEX,PU,GA,,Local,22,23,"6,154,443"
Minnesota,Pine River,Pine River Regional,PWC,PU,GA,,Local,0,29,"2,982,000"
Minnesota,Pipestone,Pipestone Municipal,PQN,PU,GA,,Local,0,22,"3,238,889"
Minnesota,Preston,Fillmore County,FKA,PU,GA,,Local,0,27,"3,740,088"
Minnesota,Princeton,Princeton Municipal,PNM,PU,GA,,Local,0,31,"2,223,000"
Minnesota,Red Wing,Red Wing Regional,RGK,PU,GA,,Regional,6,68,"10,932,222"
Minnesota,Redwood Falls,Redwood Falls Municipal,RWF,PU,GA,,Local,0,20,"6,327,776"
Minnesota,Rochester,Rochester International,RST,PU,P,N,,"93,487",70,"68,372,619"
Minnesota,Roseau,Roseau Municipal/Rudy Billberg Field,ROX,PU,GA,,Basic,0,13,"8,562,278"
Minnesota,Rush City,Rush City Regional,ROS,PU,GA,,Local,0,47,"3,638,889"
Minnesota,Rushford,Rushford Municipal/Robert W Bunke Field,55Y,PU,GA,,Basic,0,4,"2,891,666"
Minnesota,Sauk Centre,Sauk Centre Municipal,D39,PU,GA,,Local,0,22,"2,904,556"
Minnesota,South St. Paul,South St Paul Municipal/Richard E Fleming Field,SGS,PU,R,,Regional,0,230,"4,149,444"
Minnesota,Springfield,Springfield Municipal,D42,PU,GA,,Basic,0,10,"1,111,111"
Minnesota,St. Cloud,St. Cloud Regional,STC,PU,P,N,,"19,554",92,"12,395,266"
Minnesota,St. James,St James Municipal,JYG,PU,GA,,Basic,0,10,"3,300,888"
Minnesota,St. Paul,St Paul Downtown Holman Field,STP,PU,R,,National,71,52,"17,560,384"
Minnesota,Staples,Staples Municipal,SAZ,PU,GA,,Local,0,19,"3,750,000"
Minnesota,Thief River Falls,Thief River Falls Regional,TVF,PU,CS,,Regional,"8,418",27,"40,347,222"
Minnesota,Tower,Tower Municipal,12D,PU,GA,,Local,0,19,"2,150,000"
Minnesota,Tracy,Tracy Municipal,TKC,PU,GA,,Basic,0,10,"7,128,800"
Minnesota,Two Harbors,Richard B Helgeson,TWM,PU,GA,,Local,0,42,"4,360,000"
Minnesota,Wadena,Wadena Municipal,ADC,PU,GA,,Basic,0,11,"4,697,223"
Minnesota,Walker,Walker Municipal,Y49,PU,GA,,Local,0,20,"4,218,333"
Minnesota,Warroad,Warroad International Memorial,RRT,PU,GA,,Local,0,22,"4,528,843"
Minnesota,Waseca,Waseca Municipal/Maynard Richard Stensrud Field,ACQ,PU,GA,,Local,0,20,"6,180,556"
Minnesota,Wheaton,Wheaton Municipal,ETH,PU,GA,,Basic,0,12,"3,450,000"
Minnesota,Willmar,Willmar Municipal/John L Rice Field,BDH,PU,GA,,Regional,0,46,"10,223,722"
Minnesota,Windom,Windom Municipal,MWM,PU,GA,,Basic,0,14,"2,500,000"
Minnesota,Winona,Winona Municipal-Max Conrad Field,ONA,PU,GA,,Local,36,30,"3,970,000"
Minnesota,Winsted,Winsted Municipal,10D,PU,GA,,Local,0,21,"3,827,299"
Minnesota,Worthington,Worthington Municipal,OTG,PU,GA,,Local,0,21,"2,572,316"
Mississippi,Aberdeen,Monroe County,M40,PU,GA,,Local,0,26,"6,791,902"
Mississippi,Ackerman,Ackerman Choctaw County,9M4,PU,GA,,Unclassified,0,2,0
Mississippi,Batesville,Panola County,PMU,PU,GA,,Local,4,38,"10,280,369"
Mississippi,Bay Springs,Thigpen Field,00M,PU,GA,,Unclassified,0,5,0
Mississippi,Bay St. Louis,Stennis International,HSA,PU,GA,,Regional,18,33,"21,579,311"
Mississippi,Belmont,Tishomingo County,01M,PU,GA,,Basic,0,10,"2,217,000"
Mississippi,Belzoni,Belzoni Municipal,1M2,PU,GA,,Basic,0,11,"1,702,960"
Mississippi,Booneville,Booneville/Baldwyn,8M1,PU,GA,,Local,0,15,"1,106,100"
Mississippi,Brookhaven,Brookhaven-Lincoln County,1R7,PU,GA,,Local,4,23,"5,291,001"
Mississippi,Carroll (County),Greenwood-Leflore,GWO,PU,GA,,Regional,11,45,"17,085,390"
Mississippi,Carthage,Carthage-Leake County,08M,PU,GA,,Local,0,20,"2,124,237"
Mississippi,Charleston,Charleston Municipal,09M,PU,GA,,Unclassified,0,4,0
Mississippi,Clarksdale,Fletcher Field,CKM,PU,GA,,Local,9,22,"9,739,478"
Mississippi,Cleveland,Cleveland Municipal,RNV,PU,GA,,Regional,0,62,"5,058,621"
Mississippi,Columbia,Columbia/Marion County,0R0,PU,GA,,Local,0,29,"3,910,541"
Mississippi,Columbus,Golden Triangle Regional,GTR,PU,P,N,,"42,509",37,"14,072,191"
Mississippi,Columbus,Columbus-Lowndes County,UBS,PU,GA,,Local,0,19,"2,440,889"
Mississippi,Corinth,Roscoe Turner,CRX,PU,GA,,Local,0,23,"6,215,393"
Mississippi,Crosby,Crosby Municipal,C71,PU,GA,,Unclassified,0,0,0
Mississippi,Crystal Springs,Copiah County,M11,PU,GA,,Local,0,19,"7,475,039"
Mississippi,Drew,Ruleville-Drew,M37,PU,GA,,Basic,0,11,"5,219,444"
Mississippi,Eupora,Eupora,06M,PU,GA,,Unclassified,0,0,0
Mississippi,Forest,G V Montgomery,2M4,PU,GA,,Unclassified,0,2,0
Mississippi,Greenville,Greenville Mid-Delta,GLH,PU,CS,,Regional,"7,521",7,"15,079,954"
Mississippi,Grenada,Grenada Municipal,GNF,PU,GA,,Basic,0,14,"2,014,667"
Mississippi,Gulfport,Gulfport-Biloxi International,GPT,PU,P,N,,"376,976",41,"65,062,568"
Mississippi,Hattiesburg,Hattiesburg Bobby L Chain Municipal,HBG,PU,GA,,Local,5,22,"5,211,112"
Mississippi,Hollandale,Hollandale Municipal,14M,PU,GA,,Unclassified,0,3,0
Mississippi,Holly Springs,Holly Springs-Marshall County,M41,PU,GA,,Local,0,33,"7,437,027"
Mississippi,Houston,Houston Municipal,M44,PU,GA,,Basic,0,7,"2,925,560"
Mississippi,Indianola,Indianola Municipal,IDL,PU,GA,,Basic,0,13,"3,596,637"
Mississippi,Iuka,Iuka,15M,PU,GA,,Local,0,16,"3,405,000"
Mississippi,Jackson,Hawkins Field,HKS,PU,GA,,Regional,9,46,"15,020,524"
Mississippi,Jackson,Jackson-Medgar Wiley Evers International,JAN,PU,P,S,,"628,321",26,"64,312,594"
Mississippi,Kosciusko,Kosciusko-Attala County,OSX,PU,GA,,Basic,0,10,"2,016,667"
Mississippi,Laurel,Hesler-Noble Field,LUL,PU,GA,,Regional,101,17,"6,351,772"
Mississippi,Lexington,C A Moore,19M,PU,GA,,Basic,0,13,"9,616,643"
Mississippi,Louisville,Louisville/Winston County,LMS,PU,GA,,Local,0,20,"4,308,491"
Mississippi,Lumberton,I H Bass Jr Memorial,4R1,PU,GA,,Unclassified,0,3,0
Mississippi,Macon,Macon Municipal,20M,PU,GA,,Basic,0,14,"2,548,447"
Mississippi,Madison,Bruce Campbell Field,MBO,PU,GA,,Regional,112,64,"6,970,818"
Mississippi,Magee,Magee Municipal,17M,PU,GA,,Basic,0,9,"2,695,222"
Mississippi,McComb,McComb/Pike County/John E Lewis Field,MCB,PU,GA,,Local,0,18,"5,519,311"
Mississippi,Meridian,Key Field,MEI,PU,P,N,,"15,513",58,"15,018,421"
Mississippi,Moselle,Hattiesburg/Laurel Regional,PIB,PU,P,N,,"13,002",64,"4,818,500"
Mississippi,Natchez,Hardy-Anders Field/Natchez-Adams County,HEZ,PU,GA,,Regional,12,32,"2,211,111"
Mississippi,New Albany,New Albany/Union County,M72,PU,GA,,Basic,0,13,"5,310,719"
Mississippi,Newton,James H Easom Field,M23,PU,GA,,Basic,0,11,"5,457,440"
Mississippi,Okolona,Okolona Municipal/Richard Stovall Field,5A4,PU,GA,,Local,0,15,"5,096,083"
Mississippi,Olive Branch,Olive Branch/Taylor Field,OLV,PU,R,,Regional,0,113,"18,225,782"
Mississippi,Oxford,University-Oxford,UOX,PU,GA,,Regional,133,21,"14,750,345"
Mississippi,Pascagoula,Trent Lott International,PQL,PU,GA,,Regional,0,32,"11,040,977"
Mississippi,Philadelphia,Philadelphia Municipal,MPE,PU,GA,,Basic,0,11,"3,158,911"
Mississippi,Picayune,Picayune Municipal,MJD,PU,GA,,Local,0,16,"3,264,489"
Mississippi,Pittsboro,Calhoun County,04M,PU,GA,,Basic,0,10,"988,444"
Mississippi,Pontotoc,Pontotoc County,22M,PU,GA,,Local,0,19,"2,242,013"
Mississippi,Poplarville,Poplarville/Pearl River County,M13,PU,GA,,Basic,0,12,"1,233,489"
Mississippi,Prentiss,Prentiss-Jefferson Davis County,M43,PU,GA,,Basic,0,13,"1,133,334"
Mississippi,Quitman,Clarke County,23M,PU,GA,,Basic,0,11,"3,377,552"
Mississippi,Raymond,John Bell Williams,JVW,PU,GA,,Regional,15,77,"21,516,117"
Mississippi,Richton,Richton-Perry County,M59,PU,GA,,Unclassified,0,3,0
Mississippi,Ripley,Ripley,25M,PU,GA,,Basic,0,11,"2,281,654"
Mississippi,Starkville,George M Bryan,STF,PU,GA,,Regional,0,47,"22,469,928"
Mississippi,Tunica,Tunica Municipal,UTA,PU,GA,,Regional,0,25,"16,929,649"
Mississippi,Tupelo,Tupelo Regional,TUP,PU,P,N,,"13,526",44,"22,820,998"
Mississippi,Tylertown,Paul Pittman Memorial,T36,PU,GA,,Basic,0,14,"1,469,167"
Mississippi,Vicksburg,Vicksburg Municipal,VKS,PU,GA,,Local,0,15,"1,654,300"
Mississippi,Water Valley,Water Valley Municipal,33M,PU,GA,,Unclassified,0,3,0
Mississippi,Waynesboro,Waynesboro Municipal,2R0,PU,GA,,Basic,0,13,"2,988,971"
Mississippi,West Point,McCharen Field,M83,PU,GA,,Basic,0,11,"4,724,183"
Mississippi,Wiggins,Dean Griffin Memorial,M24,PU,GA,,Basic,0,12,"3,965,708"
Mississippi,Winona,Winona-Montgomery County,5A6,PU,GA,,Local,0,22,"1,930,385"
Mississippi,Yazoo City,Yazoo County,87I,PU,GA,,Basic,0,11,"2,110,966"
Missouri,Aurora,Jerry Sumners Sr Aurora Municipal,2H2,PU,GA,,Local,0,15,"3,710,000"
Missouri,Bolivar,Bolivar Municipal,M17,PU,GA,,Local,0,64,"2,535,000"
Missouri,Boonville,Jesse Viertel Memorial,VER,PU,GA,,Local,0,46,"2,200,000"
Missouri,Bowling Green,Bowling Green Municipal,H19,PU,GA,,Basic,0,10,"1,019,800"
Missouri,Branson,Branson,BBG,PU,CS,,Regional,"2,607",5,"14,550,000"
Missouri,Branson West,Branson West Municipal - Emerson Field,FWB,PU,GA,,Local,0,34,"1,370,000"
Missouri,Brookfield,North Central Missouri Regional,MO8,PU,GA,,Basic,0,10,"1,560,000"
Missouri,Butler,Butler Memorial,BUM,PU,GA,,Local,0,20,"2,484,000"
Missouri,Cabool,Cabool Memorial,TVB,PU,GA,,Basic,0,12,"1,531,667"
Missouri,Camdenton,Camdenton Memorial-Lake Regional,OZS,PU,GA,,Local,2,32,"1,720,000"
Missouri,Cameron,Cameron Memorial,EZZ,PU,GA,,Local,0,25,"1,920,000"
Missouri,Cape Girardeau,Cape Girardeau Regional,CGI,PU,CS,,Regional,"7,563",77,"32,686,213"
Missouri,Caruthersville,Caruthersville Memorial,M05,PU,GA,,Basic,0,13,"1,202,778"
Missouri,Cassville,Cassville Municipal,94K,PU,GA,,Basic,0,12,"5,756,700"
Missouri,Chesterfield,Spirit of St. Louis,SUS,PU,R,,National,"1,329",293,"24,210,556"
Missouri,Chillicothe,Chillicothe Municipal,CHT,PU,GA,,Local,0,21,"4,726,667"
Missouri,Clinton,Clinton Regional,GLY,PU,GA,,Local,0,30,"4,621,667"
Missouri,Columbia,Columbia Regional,COU,PU,P,N,,"97,779",45,"19,620,270"
Missouri,Cuba,Cuba Municipal,UBX,PU,GA,,Local,0,23,"2,100,000"
Missouri,Dexter,Dexter Municipal,DXE,PU,GA,,Local,0,21,"1,020,000"
Missouri,Eldon,Eldon Model Airpark,H79,PU,GA,,Local,0,16,"2,530,000"
Missouri,Farmington,Farmington Regional,FAM,PU,GA,,Regional,0,35,"2,400,000"
Missouri,Fort Leonard Wood (U.S. Army),Waynesville-St Robert Regional Forney Field,TBN,MR,P,N,,"11,853",12,"4,531,579"
Missouri,Fredericktown,A Paul Vance Fredericktown Regional,H88,PU,GA,,Local,0,20,"2,032,387"
Missouri,Fulton,Elton Hensley Memorial,FTT,PU,GA,,Local,0,52,"2,132,000"
Missouri,Hannibal,Hannibal Regional,HAE,PU,GA,,Local,38,16,"6,675,000"
Missouri,Harrisonville,Lawrence Smith Memorial,LRY,PU,GA,,Local,0,37,"1,775,189"
Missouri,Higginsville,Higginsville Industrial Municipal,HIG,PU,GA,,Local,0,17,"5,650,000"
Missouri,Houston,Houston Memorial,M48,PU,GA,,Basic,0,10,"2,050,000"
Missouri,Jefferson City,Jefferson City Memorial,JEF,PU,GA,,National,50,77,"5,095,000"
Missouri,Joplin,Joplin Regional,JLN,PU,P,N,,"14,420",128,"21,020,000"
Missouri,Kaiser,Lee C Fine Memorial,AIZ,PU,GA,,Basic,29,7,"8,921,111"
Missouri,Kansas City,Kansas City International,MCI,PU,P,M,,"5,654,068",2,"227,147,166"
Missouri,Kansas City,Charles B Wheeler Downtown,MKC,PU,R,,National,"4,779",186,"20,000,000"
Missouri,Kennett,Kennett Memorial,TKX,PU,GA,,Local,0,28,"2,536,444"
Missouri,Kirksville,Kirksville Regional,IRK,PU,CS,,Regional,"4,281",17,"1,700,000"
Missouri,Lamar,Lamar Municipal,LLU,PU,GA,,Local,0,20,"3,400,000"
Missouri,Lebanon,Floyd W Jones Lebanon,LBO,PU,GA,,Regional,0,38,"2,463,300"
Missouri,Lee's Summit,Lee's Summit Municipal,LXT,PU,R,,Regional,3,143,"11,050,000"
Missouri,Linn,State Technical College of Missouri,1H3,PU,GA,,Local,0,16,"1,140,000"
Missouri,Macon,Macon-Fower Memorial,K89,PU,GA,,Basic,0,14,"2,142,000"
Missouri,Malden,Malden Regional,MAW,PU,GA,,Local,0,18,"5,430,000"
Missouri,Marshall,Marshall Memorial Municipal,MHL,PU,GA,,Local,0,20,"2,245,000"
Missouri,Maryville,Northwest Missouri Regional,EVU,PU,GA,,Local,0,23,"6,515,555"
Missouri,Memphis,Memphis Memorial,03D,PU,GA,,Basic,0,9,"3,702,000"
Missouri,Mexico,Mexico Memorial,MYJ,PU,GA,,Local,0,27,"4,590,111"
Missouri,Moberly,Omar N Bradley,MBY,PU,GA,,Local,0,33,"2,915,200"
Missouri,Monett,Monett Regional,HFJ,PU,GA,,Local,0,30,"2,040,000"
Missouri,Monticello,Lewis County Regional,6M6,PU,GA,,Basic,0,10,0
Missouri,Mosby,Midwest Ntl Air Center,GPH,PU,GA,,Regional,0,74,"4,220,000"
Missouri,Mountain Grove,Mountain Grove Memorial,1MO,PU,GA,,Basic,0,13,"1,010,000"
Missouri,Mountain View,Mountain View,MNF,PU,GA,,Basic,0,14,"5,450,000"
Missouri,Neosho,Neosho Hugh Robinson,EOS,PU,GA,,Local,0,25,"3,660,000"
Missouri,Nevada,Nevada Municipal,NVD,PU,GA,,Local,0,18,"2,960,000"
Missouri,New Madrid,County Memorial,EIW,PU,GA,,Unclassified,0,6,0
Missouri,Osage Beach,Grand Glaize-Osage Beach,K15,PU,GA,,Basic,2,12,"2,550,000"
Missouri,Perryville,Perryville Regional,PCD,PU,GA,,Local,0,15,"4,210,000"
Missouri,Piedmont,Piedmont Municipal,PYN,PU,GA,,Basic,0,7,"1,660,000"
Missouri,Poplar Bluff,Poplar Bluff Regional Business,POF,PU,GA,,Local,0,34,"3,117,000"
Missouri,Potosi,Washington County,8WC,PU,GA,,Basic,0,10,"8,050,000"
Missouri,Salem,Salem Memorial,K33,PU,GA,,Basic,0,9,"2,850,750"
Missouri,Sedalia,Sedalia Regional,DMO,PU,GA,,Local,2,21,"2,774,333"
Missouri,Sikeston,Sikeston Memorial Municipal,SIK,PU,GA,,Regional,8,20,"3,410,000"
Missouri,Springfield,Springfield-Branson Ntl,SGF,PU,P,S,,"632,699",115,"81,697,222"
Missouri,St. Charles,St Charles County Regional/Smartt Field,SET,PU,R,,Regional,0,119,"1,190,000"
Missouri,St. Joseph,Rosecrans Memorial,STJ,PU,GA,,Regional,0,50,"11,540,220"
Missouri,St. Louis,Creve Coeur,1H0,PR,R,,Regional,0,139,"6,880,000"
Missouri,St. Louis,St Louis Lambert International,STL,PU,P,M,,"7,307,544",23,"1,639,905,443"
Missouri,Sullivan,Sullivan Regional,UUV,PU,GA,,Local,0,39,"3,730,000"
Missouri,Tarkio,Gould Peterson Municipal,K57,PU,GA,,Local,0,17,"1,930,000"
Missouri,Trenton,Trenton Municipal,TRX,PU,GA,,Basic,0,13,"10,160,000"
Missouri,Vichy,Rolla Ntl,VIH,PU,GA,,Local,9,65,"7,768,729"
Missouri,Warrensburg,Skyhaven,RCM,PU,GA,,Local,0,55,"7,030,000"
Missouri,Warsaw,Warsaw Municipal,RAW,PU,GA,,Local,1,20,"4,110,000"
Missouri,Washington,Washington Regional,FYG,PU,GA,,Local,0,33,"6,083,333"
Missouri,West Plains,West Plains Regional,UNO,PU,GA,,Local,0,25,"5,870,000"
Montana,Anaconda,Bowman Field,3U3,PU,GA,,Basic,2,14,"2,001,112"
Montana,Baker,Baker Municipal,BHK,PU,GA,,Local,0,31,"2,765,389"
Montana,Big Sandy,Big Sandy,3U8,PU,GA,,Local,0,15,"2,486,666"
Montana,Big Timber,Big Timber at Howard Field,6S0,PU,GA,,Local,0,18,"1,468,889"
Montana,Billings,Billings Logan International,BIL,PU,P,N,,"428,868",197,"43,180,266"
Montana,Bozeman,Bozeman Yellowstone International,BZN,PU,P,S,,"1,230,046",394,"63,855,342"
Montana,Broadus,Broadus,00F,PU,GA,,Basic,0,0,"1,021,333"
Montana,Butte,Bert Mooney,BTM,PU,P,N,,"16,027",42,"14,621,434"
Montana,Chester,Liberty County,LTY,PU,GA,,Basic,0,11,"7,349,066"
Montana,Chinook,Edgar G Obie,S71,PU,GA,,Basic,0,12,"1,993,225"
Montana,Choteau,Choteau,CII,PU,GA,,Local,0,22,"3,013,888"
Montana,Circle,Circle Town County,4U6,PU,GA,,Basic,0,2,"1,441,677"
Montana,Colstrip,Colstrip,M46,PU,GA,,Basic,0,10,"1,203,333"
Montana,Columbus,Woltermann Memorial,6S3,PU,GA,,Local,0,28,"1,708,377"
Montana,Conrad,Conrad,S01,PU,GA,,Basic,0,14,"2,986,466"
Montana,Culbertson,Big Sky Field,S85,PU,GA,,Basic,0,8,"1,743,223"
Montana,Cut Bank,Cut Bank International,CTB,PU,GA,,Local,0,18,"3,333,333"
Montana,Deer Lodge,Deer Lodge-City-County,38S,PU,GA,,Local,1,19,"12,292,422"
Montana,Dillon,Dillon,DLN,PU,GA,,Local,1,18,"4,527,777"
Montana,Ekalaka,Ekalaka,97M,PU,GA,,Basic,0,5,"1,144,000"
Montana,Ennis,Ennis Big Sky,EKS,PU,GA,,Local,20,37,"15,051,222"
Montana,Eureka,Eureka,88M,PU,GA,,Local,0,16,"3,858,889"
Montana,Forsyth,Tillitt Field,1S3,PU,GA,,Local,0,20,"5,924,444"
Montana,Fort Benton,Fort Benton,79S,PU,GA,,Local,0,31,"6,405,554"
Montana,Gardiner,Gardiner,29S,PU,GA,,Basic,0,1,0
Montana,Geraldine,Geraldine,5U8,PU,GA,,Basic,0,9,"3,194,444"
Montana,Glasgow,Wokal Field/Glasgow-Valley County,GGW,PU,CS,,Local,"2,892",43,"5,060,455"
Montana,Glendive,Dawson Community,GDV,PU,GA,,Local,"2,177",20,"4,578,000"
Montana,Great Falls,Great Falls International,GTF,PU,P,N,,"177,290",76,"31,944,443"
Montana,Hamilton,Ravalli County,HRF,PU,GA,,Local,28,92,"10,181,316"
Montana,Hardin,Big Horn County,00U,PU,GA,,Basic,0,12,"3,500,000"
Montana,Harlem,Harlem,48S,PU,GA,,Basic,0,1,"1,027,778"
Montana,Harlowton,Wheatland County at Harlowton,HWQ,PU,GA,,Basic,6,14,"2,718,666"
Montana,Havre,Havre City-County,HVR,PU,CS,,Local,"2,964",26,"2,287,409"
Montana,Helena,Helena Regional,HLN,PU,P,N,,"88,319",233,"41,845,380"
Montana,Jordan,Jordan,JDN,PU,GA,,Basic,0,9,"4,754,874"
Montana,Kalispell,Glacier Park International,GPI,PU,P,N,,"456,284",159,"68,429,296"
Montana,Kalispell,Kalispell City,S27,PU,GA,,Local,0,29,0
Montana,Laurel,Laurel Municipal,6S8,PU,GA,,Local,0,102,"3,788,889"
Montana,Lewistown,Lewistown Municipal,LWT,PU,GA,,Local,1,61,"5,827,778"
Montana,Libby,Libby,S59,PU,GA,,Basic,0,11,"2,000,000"
Montana,Lincoln,Lincoln,S69,PU,GA,,Basic,0,13,"3,245,000"
Montana,Livingston,Mission Field,LVM,PU,GA,,Basic,3,10,"3,999,583"
Montana,Malta,Malta,M75,PU,GA,,Basic,0,13,"3,773,333"
Montana,Miles City,Frank Wiley Field,MLS,PU,GA,,Local,0,20,"6,248,739"
Montana,Missoula,Missoula Montana,MSO,PU,P,N,,"458,416",174,"51,863,695"
Montana,Philipsburg,Riddick Field,U05,PU,GA,,Basic,0,14,"7,066,667"
Montana,Plains,Plains,S34,PU,GA,,Local,0,16,"2,266,988"
Montana,Plentywood,Sher-Wood,PWD,PU,GA,,Local,0,15,"3,358,890"
Montana,Polson,Polson,8S1,PU,GA,,Local,0,41,"7,050,000"
Montana,Poplar,Poplar Municipal,PO1,PU,GA,,Basic,0,10,"1,704,445"
Montana,Red Lodge,Red Lodge,RED,PU,GA,,Local,5,26,"1,718,889"
Montana,Ronan,Ronan,7S0,PU,GA,,Local,2,37,"4,184,442"
Montana,Roundup,Roundup,RPX,PU,GA,,Local,0,17,"2,411,111"
Montana,Scobey,Scobey,9S2,PU,GA,,Basic,0,11,"3,027,777"
Montana,Shelby,Shelby,SBX,PU,GA,,Local,0,22,"8,905,557"
Montana,Sidney,Sidney-Richland Regional,SDY,PU,CS,,Local,"8,020",28,"11,273,182"
Montana,Stanford,Stanford/Biggerstaff Field,S64,PU,GA,,Basic,0,8,"3,111,969"
Montana,Stevensville,Stevensville,32S,PU,GA,,Local,0,41,"4,055,389"
Montana,Superior,Mineral County,9S4,PU,GA,,Basic,0,13,"1,770,000"
Montana,Terry,Terry,8U6,PU,GA,,Basic,0,2,"1,303,334"
Montana,Thompson Falls,Thompson Falls,THM,PU,GA,,Basic,0,13,"2,787,557"
Montana,Three Forks,Three Forks,9S5,PU,GA,,Local,0,28,"1,838,293"
Montana,Townsend,Townsend,8U8,PU,GA,,Local,0,21,"2,833,333"
Montana,Turner,Turner,9U0,PU,GA,,Basic,0,16,"2,527,776"
Montana,Twin Bridges,Ruby Valley Field,RVF,PU,GA,,Basic,2,14,"3,556,666"
Montana,Valier,Valier,7S7,PU,GA,,Unclassified,0,0,0
Montana,West Yellowstone,Yellowstone,WYS,PU,CS,,Regional,"8,750",4,"19,115,527"
Montana,White Sulphur Springs,White Sulphur Springs,7S6,PU,GA,,Basic,0,9,"3,620,000"
Montana,Winifred,Winifred,9S7,PU,GA,,Basic,0,0,0
Montana,Wolf Point,L M Clayton,OLF,PU,CS,,Local,"3,153",3,"1,836,843"
Nebraska,Ainsworth,Ainsworth Regional,ANW,PU,GA,,Basic,10,10,"2,040,000"
Nebraska,Albion,Albion Municipal,BVN,PU,GA,,Basic,0,10,"1,500,000"
Nebraska,Alliance,Alliance Municipal,AIA,PU,CS,,Local,"4,328",54,"7,320,000"
Nebraska,Alma,Alma Municipal,4D9,PU,GA,,Basic,0,13,"1,245,000"
Nebraska,Atkinson,Stuart-Atkinson Municipal,8V2,PU,GA,,Basic,0,11,"2,510,000"
Nebraska,Auburn,Farington Field,K01,PU,GA,,Basic,0,11,"1,305,000"
Nebraska,Aurora,Aurora Municipal - Al Potter Field,AUH,PU,GA,,Local,0,20,"1,650,000"
Nebraska,Bassett,Rock County,RBE,PU,GA,,Basic,0,11,"1,560,000"
Nebraska,Beatrice,Beatrice Municipal,BIE,PU,GA,,Local,0,29,"1,468,244"
Nebraska,Blair,Blair Exec,BTA,PU,GA,,Regional,0,65,"10,587,095"
Nebraska,Broken Bow,Broken Bow Municipal/Keith Glaze Field,BBW,PU,GA,,Local,0,21,"1,569,000"
Nebraska,Burwell,Cram Field,BUB,PU,GA,,Basic,0,14,"3,329,333"
Nebraska,Cambridge,Cambridge Municipal,CSB,PU,GA,,Local,0,17,"2,075,000"
Nebraska,Central City,Central City Municipal/Larry Reineke Field,07K,PU,GA,,Local,0,23,"600,000"
Nebraska,Chadron,Chadron Municipal,CDR,PU,GA,,Local,"2,424",12,"4,740,000"
Nebraska,Chappell,Billy G Ray Field,CNP,PU,GA,,Unclassified,0,6,0
Nebraska,Columbus,Columbus Municipal,OLU,PU,GA,,Regional,0,40,"1,416,000"
Nebraska,Cozad,Cozad Municipal,CZD,PU,GA,,Local,0,19,"1,944,778"
Nebraska,Creighton,Creighton Municipal,6K3,PU,GA,,Basic,0,10,"920,000"
Nebraska,Crete,Crete Municipal,CEK,PU,GA,,Local,0,48,"3,625,000"
Nebraska,Curtis,Curtis Municipal,47V,PU,GA,,Basic,0,2,"990,000"
Nebraska,David City,David City Municipal,93Y,PU,GA,,Basic,0,9,"850,000"
Nebraska,Fairbury,Fairbury Municipal,FBY,PU,GA,,Local,0,20,"3,285,244"
Nebraska,Fairmont,Fairmont State,FMZ,PU,GA,,Local,0,18,"3,674,340"
Nebraska,Falls City,Brenner Field,FNB,PU,GA,,Local,0,18,"944,444"
Nebraska,Fremont,Fremont Municipal,FET,PU,GA,,Local,3,36,"8,221,422"
Nebraska,Gordon,Gordon Municipal,GRN,PU,GA,,Basic,0,11,"1,722,889"
Nebraska,Grand Island,Central Nebraska Regional,GRI,PU,P,N,,"65,092",27,"16,853,250"
Nebraska,Grant,Grant Municipal,GGF,PU,GA,,Local,0,21,"3,590,383"
Nebraska,Hartington,Hartington Municipal/ Bud Becker Field,0B4,PU,GA,,Local,0,15,"1,326,000"
Nebraska,Harvard,Harvard State,08K,PU,GA,,Basic,0,11,"2,650,000"
Nebraska,Hastings,Hastings Municipal,HSI,PU,GA,,Local,0,33,"2,155,000"
Nebraska,Hebron,Hebron Municipal,HJH,PU,GA,,Basic,0,10,"1,901,984"
Nebraska,Holdrege,Brewster Field,HDE,PU,GA,,Local,0,33,"2,117,782"
Nebraska,Hyannis,Grant County,1V2,PU,GA,,Basic,0,5,"1,000,000"
Nebraska,Imperial,Imperial Municipal,IML,PU,GA,,Local,0,15,"910,000"
Nebraska,Kearney,Kearney Regional,EAR,PU,P,N,,"14,684",33,"33,693,863"
Nebraska,Kimball,Kimball Municipal/Robert E Arraj Field,IBM,PU,GA,,Basic,0,12,"5,924,313"
Nebraska,Lexington,Jim Kelly Field,LXN,PU,GA,,Local,2,23,"1,136,000"
Nebraska,Lincoln,Lincoln,LNK,PU,P,N,,"131,882",152,"79,389,003"
Nebraska,Loup City,Loup City Municipal,0F4,PU,GA,,Basic,0,11,"1,048,000"
Nebraska,McCook,McCook Ben Nelson Regional,MCK,PU,GA,,Local,"2,329",28,"1,756,112"
Nebraska,Minden,Pioneer Village Field,0V3,PU,GA,,Basic,0,13,"610,000"
Nebraska,Nebraska City,Nebraska City Municipal,AFK,PU,GA,,Basic,0,13,"1,490,850"
Nebraska,Neligh,Antelope County,4V9,PU,GA,,Local,7,16,"806,000"
Nebraska,Norfolk,Norfolk Regional/Karl Stefan Memorial Field,OFK,PU,GA,,Regional,2,47,"23,631,535"
Nebraska,North Platte,North Platte Regional/Lee Bird Field,LBF,PU,P,N,,"14,371",37,"8,221,720"
Nebraska,Ogallala,Searle Field,OGA,PU,GA,,Local,0,15,"8,686,667"
Nebraska,Omaha,Millard,MLE,PU,R,,Regional,7,129,"11,105,052"
Nebraska,Omaha,Eppley Airfield,OMA,PU,P,M,,"2,464,416",113,"130,763,713"
Nebraska,O'Neill,The O'Neill Municipal-John L Baker Field,ONL,PU,GA,,Basic,0,14,"1,645,607"
Nebraska,Ord,Evelyn Sharp Field,ODX,PU,GA,,Basic,0,14,"3,249,151"
Nebraska,Oshkosh,Garden County/King Rhiley Field,OKS,PU,GA,,Basic,0,9,"1,575,000"
Nebraska,Pawnee City,Pawnee City Municipal,50K,PU,GA,,Basic,0,12,"3,810,000"
Nebraska,Pender,Pender Municipal,0C4,PU,GA,,Local,0,15,"761,667"
Nebraska,Plattsmouth,Plattsmouth Municipal/Douglas V Duey Field,PMV,PU,GA,,Local,3,26,"3,316,132"
Nebraska,Red Cloud,Red Cloud Municipal,7V7,PU,GA,,Basic,0,10,"1,472,222"
Nebraska,Rushville,Modisett,9V5,PU,GA,,Basic,0,9,"1,157,185"
Nebraska,Sargent,Sargent Municipal,09K,PU,GA,,Unclassified,0,2,0
Nebraska,Scottsbluff,Western Nebraska Regional/William B Heilig Field,BFF,PU,P,N,,"12,052",32,"16,764,040"
Nebraska,Scribner,Scribner State,SCB,PU,GA,,Basic,0,10,"2,300,000"
Nebraska,Seward,Seward Municipal,SWT,PU,GA,,Local,0,49,"2,231,278"
Nebraska,Sidney,Sidney Municipal/Lloyd W Carr Field,SNY,PU,GA,,Local,2,24,"3,887,378"
Nebraska,Superior,Superior Municipal,12K,PU,GA,,Basic,0,12,"1,120,000"
Nebraska,Tecumseh,Tecumseh Municipal,0G3,PU,GA,,Basic,0,12,"1,075,000"
Nebraska,Tekamah,Tekamah Municipal,TQE,PU,GA,,Local,0,16,"3,721,000"
Nebraska,Thedford,Thomas County,TIF,PU,GA,,Basic,0,11,"1,492,718"
Nebraska,Valentine,Miller Field,VTN,PU,GA,,Local,12,30,"3,152,580"
Nebraska,Wahoo,Wahoo Municipal,AHQ,PU,GA,,Local,0,36,"1,701,667"
Nebraska,Wallace,Wallace Municipal,64V,PU,GA,,Basic,0,13,"766,667"
Nebraska,Wayne,Wayne Municipal/Stan Morris Field,LCG,PU,GA,,Basic,0,14,"500,000"
Nebraska,York,York Municipal,JYR,PU,GA,,Local,12,26,"7,365,410"
Nevada,Alamo,Alamo Landing Field,L92,PU,GA,,Basic,8,1,"919,335"
Nevada,Austin,Austin,TMT,PU,GA,,Basic,0,4,"660,938"
Nevada,Battle Mountain,Battle Mountain,BAM,PU,GA,,Basic,8,10,"806,667"
Nevada,Beatty,Beatty,BTY,PU,GA,,Basic,0,5,"1,353,778"
Nevada,Boulder City,Boulder City Municipal,BVU,PU,P,N,,"49,841",252,"19,557,000"
Nevada,Carson City,Carson City,CXP,PU,R,,Regional,23,417,"26,181,666"
Nevada,Elko,Elko Regional,EKO,PU,P,N,,"10,723",0,"11,184,355"
Nevada,Ely,Ely/Yelland Field,ELY,PU,GA,,Basic,3,12,"234,667"
Nevada,Eureka,Eureka,05U,PU,GA,,Basic,8,6,"1,122,605"
Nevada,Fallon,Fallon Municipal,FLX,PU,GA,,Local,0,75,"1,573,331"
Nevada,Gabbs,Gabbs,GAB,PU,GA,,Basic,0,1,"384,000"
Nevada,Hawthorne,Hawthorne Industrial,HTH,PU,GA,,Basic,0,7,"1,241,448"
Nevada,Jackpot,Jackpot/Hayden Field,06U,PU,GA,,Basic,0,0,"2,371,003"
Nevada,Jean,Jean,0L7,PU,GA,,Basic,11,11,"1,132,000"
Nevada,Las Vegas,Henderson Exec,HND,PU,R,,National,613,267,"17,595,854"
Nevada,Las Vegas,Harry Reid International,LAS,PU,P,L,,"27,896,039",188,"135,766,667"
Nevada,Las Vegas,North Las Vegas,VGT,PU,R,,National,"1,785",494,"27,162,455"
Nevada,Lovelock,Derby Field,LOL,PU,GA,,Basic,0,2,"2,800,000"
Nevada,Mesquite,Mesquite,67L,PU,GA,,Local,62,15,"1,750,000"
Nevada,Minden,Minden-Tahoe,MEV,PU,GA,,Regional,77,168,"474,667"
Nevada,Overton,Perkins Field,U08,PU,GA,,Local,0,21,"2,481,333"
Nevada,Owyhee,Owyhee,10U,NA,GA,,Basic,0,0,"1,896,667"
Nevada,Panaca,Lincoln County,1L1,PU,GA,,Basic,0,0,"560,000"
Nevada,Reno,Reno/Tahoe International,RNO,PU,P,S,,"2,251,815",160,"23,052,533"
Nevada,Reno,Reno/Stead,RTS,PU,R,,Regional,33,185,"25,742,368"
Nevada,Silver Springs,Silver Springs,SPZ,PU,GA,,Local,0,16,"2,947,688"
Nevada,Tonopah,Tonopah,TPH,PU,GA,,Basic,0,8,"1,541,650"
Nevada,Wells,Wells Municipal/Harriet Field,LWL,PU,GA,,Basic,0,5,"1,784,322"
Nevada,Winnemucca,Winnemucca Municipal,WMC,PU,GA,,Basic,6,8,"2,280,002"
Nevada,Yerington,Yerington Municipal,O43,PU,GA,,Local,0,17,"100,196"
New Hampshire,Berlin,Berlin Regional,BML,PU,GA,,Basic,0,10,"2,888,889"
New Hampshire,Claremont,Claremont Municipal,CNH,PU,GA,,Local,0,17,"5,319,999"
New Hampshire,Concord,Concord Municipal,CON,PU,GA,,Local,53,68,"9,705,556"
New Hampshire,Haverhill,Dean Memorial,5B9,PU,GA,,Basic,0,11,"6,814,443"
New Hampshire,Jaffrey,Jaffrey Airfield Silver Ranch,AFN,PR,GA,,Unclassified,0,21,0
New Hampshire,Keene,Dillant/Hopkins,EEN,PU,GA,,Regional,42,48,"13,710,467"
New Hampshire,Laconia,Laconia Municipal,LCI,PU,GA,,Regional,317,121,"17,806,978"
New Hampshire,Lebanon,Lebanon Municipal,LEB,PU,P,N,,"10,861",0,"16,817,330"
New Hampshire,Manchester,Manchester Boston Regional,MHT,PU,P,S,,"645,148",97,"71,538,108"
New Hampshire,Nashua,Boire Field,ASH,PU,R,,Regional,14,210,"11,100,000"
New Hampshire,Newport,Parlin Field,2B3,PU,GA,,Local,0,22,"806,333"
New Hampshire,Plymouth,Plymouth Municipal,1P1,PU,GA,,Unclassified,0,7,0
New Hampshire,Portsmouth,Portsmouth International at Pease,PSM,PU,P,N,,"57,438",162,"24,158,157"
New Hampshire,Rochester,Skyhaven,DAW,PU,GA,,Local,0,42,"5,258,779"
New Hampshire,Whitefield,Mount Washington Regional,HIE,PU,GA,,Local,12,21,"2,833,334"
New Jersey,Atlantic City,Atlantic City International,ACY,PU,P,N,,"437,812",28,"40,330,042"
New Jersey,Bedminster,Somerset,SMQ,PR,R,,Regional,38,91,"3,719,702"
New Jersey,Belmar,Monmouth Exec,BLM,PR,R,,Unclassified,354,32,0
New Jersey,Caldwell,Essex County,CDW,PU,R,,Regional,122,224,"7,360,000"
New Jersey,Hammonton,Hammonton Municipal,N81,PU,GA,,Local,1,30,"5,708,889"
New Jersey,Lakewood,Lakewood,N12,PU,GA,,Local,1,55,"2,606,678"
New Jersey,Lincoln Park,Lincoln Park,N07,PR,R,,Regional,0,118,"4,778,889"
New Jersey,Linden,Linden,LDJ,PU,R,,Local,7,19,0
New Jersey,Manville,Central Jersey Regional,47N,PR,R,,Unclassified,2,88,0
New Jersey,Millville,Millville Municipal,MIV,PU,GA,,Regional,24,38,"10,059,222"
New Jersey,Morristown,Morristown Municipal,MMU,PU,R,,National,"1,232",169,"39,106,626"
New Jersey,Mount Holly,South Jersey Regional,VAY,PU,R,,Local,11,77,"7,486,644"
New Jersey,Newark,Newark Liberty International,EWR,PU,P,L,,"24,575,292",2,"94,400,000"
New Jersey,Ocean City,Ocean City Municipal,26N,PU,GA,,Local,13,15,"2,791,111"
New Jersey,Readington,Solberg/Hunterdon,N51,PR,R,,Unclassified,21,52,0
New Jersey,Robbinsville,Trenton-Robbinsville,N87,PR,R,,Unclassified,0,40,0
New Jersey,Rocky Hill,Princeton*,39N,PR,R,,Local,121,31,0
New Jersey,Sussex,Sussex,FWN,PR,R,,Unclassified,10,22,0
New Jersey,Teterboro,Teterboro,TEB,PU,R,,National,"13,052",113,"16,840,889"
New Jersey,Toms River,Ocean County,MJX,PU,GA,,Regional,13,59,"5,982,444"
New Jersey,Trenton,Trenton Mercer,TTN,PU,P,N,,"326,249",149,"58,021,674"
New Jersey,West Milford,Greenwood Lake,4N1,PU,GA,,Local,0,42,"2,564,345"
New Jersey,Wildwood,Cape May County,WWD,PU,GA,,Local,25,40,"6,110,173"
New Jersey,Woodbine,Woodbine Municipal,OBI,PU,GA,,Local,2,41,"3,137,609"
New Mexico,Alamogordo,Alamogordo-White Sands Regional,ALM,PU,GA,,Regional,0,74,"11,432,956"
New Mexico,Albuquerque,Albuquerque International Sunport,ABQ,PU,P,M,,"2,605,163",166,"50,402,686"
New Mexico,Albuquerque,Double Eagle II,AEG,PU,R,,Regional,2,94,"3,700,314"
New Mexico,Angel Fire,Angel Fire,AXX,PU,GA,,Basic,2,4,"7,836,142"
New Mexico,Artesia,Artesia Municipal,ATS,PU,GA,,Regional,3,25,"5,497,797"
New Mexico,Aztec,Aztec Municipal,N19,PU,GA,,Basic,0,13,"2,965,336"
New Mexico,Belen,Belen Regional,BRG,PU,GA,,Local,0,50,"1,416,667"
New Mexico,Carlsbad,Cavern City Air Terminal,CNM,PU,CS,,Regional,"5,028",28,"2,605,015"
New Mexico,Carrizozo,Carrizozo Municipal,F37,PU,GA,,Basic,0,6,"5,600,000"
New Mexico,Clayton,Clayton Municipal Airpark,CAO,PU,GA,,Basic,0,10,"3,594,063"
New Mexico,Clovis,Clovis Regional,CVN,PU,P,N,,"13,623",67,"18,910,000"
New Mexico,Conchas Dam,Conchas Lake,E89,PU,GA,,Basic,0,1,"1,707,722"
New Mexico,Crownpoint,Crownpoint,0E8,NA,GA,,Basic,0,0,"8,444,666"
New Mexico,Deming,Deming Municipal,DMN,PU,GA,,Regional,5,15,"13,021,347"
New Mexico,Dulce,Jicarilla Apache Nation,24N,NA,GA,,Basic,0,0,"1,330,000"
New Mexico,Espanola,Ohkay Owingeh,E14,PU,GA,,Basic,0,7,"1,875,000"
New Mexico,Farmington,Four Corners Regional,FMN,PU,GA,,Regional,17,123,"17,957,823"
New Mexico,Fort Sumner,Fort Sumner Municipal,FSU,PU,GA,,Basic,0,5,"3,289,221"
New Mexico,Gallup,Gallup Municipal,GUP,PU,GA,,Local,"2,184",18,"4,249,000"
New Mexico,Glenwood,Glenwood,E94,PU,GA,,Unclassified,0,0,0
New Mexico,Grants,Grants-Milan Municipal,GNT,PU,GA,,Basic,0,7,"2,440,000"
New Mexico,Hatch,Hatch Municipal,E05,PU,GA,,Basic,0,0,"2,929,439"
New Mexico,Hobbs,Lea County Regional,HOB,PU,P,N,,"22,187",57,"30,706,817"
New Mexico,Jal,Lea County/Jal,E26,PU,GA,,Unclassified,0,7,0
New Mexico,Las Cruces,Las Cruces International,LRU,PU,GA,,Regional,"1,593",95,"19,459,481"
New Mexico,Las Vegas,Las Vegas Municipal,LVS,PU,GA,,Regional,0,4,"2,098,000"
New Mexico,Lordsburg,Lordsburg Municipal,LSB,PU,GA,,Basic,0,0,"2,563,889"
New Mexico,Los Alamos,Los Alamos,LAM,PU,GA,,Local,0,50,"12,818,189"
New Mexico,Lovington,Lea County/Zip Franklin Memorial,E06,PU,GA,,Basic,0,12,"4,883,028"
New Mexico,Magdalena,Magdalena,N29,PU,GA,,Unclassified,0,3,0
New Mexico,Moriarty,Moriarty Municipal,0E0,PU,GA,,Local,0,98,"1,544,111"
New Mexico,Navajo Dam,Navajo Lake,1V0,PU,GA,,Unclassified,0,0,0
New Mexico,Portales,Portales Municipal,PRZ,PU,GA,,Local,0,23,"1,500,833"
New Mexico,Questa,Questa Municipal Nr 2,N24,PU,GA,,Unclassified,0,0,0
New Mexico,Raton,Raton Municipal/Crews Field,RTN,PU,GA,,Local,1,16,"5,970,760"
New Mexico,Reserve,Reserve,T16,PU,GA,,Basic,0,0,"3,028,000"
New Mexico,Roswell,Roswell Air Center,ROW,PU,P,N,,"44,943",38,"22,913,457"
New Mexico,Ruidoso,Sierra Blanca Regional,SRR,PU,GA,,Regional,2,19,"2,600,000"
New Mexico,Santa Fe,Santa Fe Regional,SAF,PU,P,N,,"140,245",179,"5,002,749"
New Mexico,Santa Rosa,Santa Rosa Route 66,SXU,PU,GA,,Basic,0,1,"2,483,465"
New Mexico,Santa Teresa,Dona Ana County International Jetport,DNA,PU,GA,,Regional,0,168,"3,450,017"
New Mexico,Shiprock,Shiprock Airstrip,5V5,NA,GA,,Basic,0,0,"4,618,000"
New Mexico,Silver City,Grant County,SVC,PU,CS,,Regional,"6,973",29,"6,363,427"
New Mexico,Socorro,Socorro Municipal,ONM,PU,GA,,Basic,0,14,"2,557,235"
New Mexico,Springer,Springer Municipal,S42,PU,GA,,Basic,0,0,"1,390,000"
New Mexico,Taos,Taos Regional,SKX,PU,GA,,Regional,"7,033",26,"16,980,571"
New Mexico,Truth or Consequences,Truth Or Consequences Municipal,TCS,PU,GA,,Local,0,24,"5,565,889"
New Mexico,Tucumcari,Tucumcari Municipal,TCC,PU,GA,,Basic,0,12,"1,471,778"
New Mexico,Vaughn,Vaughn Municipal,N17,PU,GA,,Basic,0,0,"1,009,063"
New Mexico,Zuni,Andrew Othole Memorial,XNI,PU,GA,,Basic,0,0,"7,136,111"
New York,Akron,Akron/Jesson Field*,9G3,PR,R,,Local,0,65,"2,500,000"
New York,Albany,Albany International,ALB,PU,P,S,,"1,376,492",80,"6,898,201"
New York,Batavia,Genesee County,GVQ,PU,R,,Regional,0,31,"6,145,977"
New York,Bayport,Bayport Aerodrome,23N,PU,GA,,Local,0,40,"1,018,498"
New York,Binghamton,Greater Binghamton/Edwin A Link Field,BGM,PU,P,N,,"36,643",39,"6,127,163"
New York,Brockport,Ledgedale Airpark,7G0,PR,R,,Unclassified,0,23,0
New York,Buffalo,Buffalo Airfield,9G0,PR,R,,Unclassified,0,18,0
New York,Buffalo,Buffalo Niagara International,BUF,PU,P,S,,"2,291,964",28,"32,923,575"
New York,Canandaigua,Canandaigua,IUA,PU,R,,Regional,19,69,"4,720,120"
New York,Corning,Corning-Painted Post,7N1,PU,GA,,Local,0,28,"4,615,412"
New York,Cortland,Cortland County/Chase Field,N03,PU,GA,,Local,0,36,"5,539,984"
New York,Dansville,Dansville Municipal,DSV,PU,GA,,Local,0,20,"6,176,800"
New York,Dunkirk,Chautauqua County/Dunkirk,DKK,PU,GA,,Local,0,28,"4,891,167"
New York,Ellenville,Joseph Y Resnick,N89,PU,GA,,Local,0,17,"1,436,277"
New York,Elmira,Elmira/Corning Regional,ELM,PU,P,N,,"85,034",37,"22,012,112"
New York,Endicott,Tri-Cities,CZG,PU,GA,,Local,2,17,"2,702,902"
New York,Fishers Island,Elizabeth Field,0B8,PU,GA,,Basic,239,2,"3,868,647"
New York,Fulton,Oswego County,FZY,PU,GA,,Regional,2,89,"14,930,167"
New York,Gasport,Royalton,9G5,PR,GA,,Unclassified,0,30,0
New York,Glens Falls,Floyd Bennett Memorial,GFL,PU,GA,,Regional,71,45,"5,581,111"
New York,Hamilton,Hamilton Municipal,VGC,PU,GA,,Regional,38,36,"2,976,111"
New York,Hornell,Hornell Municipal,HTF,PU,GA,,Basic,0,9,"643,000"
New York,Hudson,Columbia County,1B1,PU,GA,,Regional,37,19,"5,418,936"
New York,Islip,Long Island MacArthur,ISP,PU,P,S,,"641,413",264,"13,357,360"
New York,Ithaca,Ithaca Tompkins International,ITH,PU,P,N,,"60,848",54,"24,076,834"
New York,Jamestown,Chautauqua County/Jamestown,JHW,PU,GA,,Local,67,20,"14,388,959"
New York,Johnstown,Fulton County,NY0,PU,GA,,Local,3,27,"3,676,667"
New York,Kingston,Kingston-Ulster*,20N,PR,R,,Local,19,29,"4,100,000"
New York,Lake Placid,Lake Placid,LKP,PU,GA,,Local,72,16,"3,631,644"
New York,Lancaster,Buffalo-Lancaster Regional*,BQR,PR,R,,Local,0,76,"1,600,000"
New York,Le Roy,Le Roy*,5G0,PR,R,,Local,0,29,"993,000"
New York,Malone,Malone-Dufort,MAL,PU,GA,,Basic,2,14,"4,663,622"
New York,Massena,Massena International-Richards Field,MSS,PU,CS,,Regional,"4,958",9,"12,025,600"
New York,Middletown,Randall,06N,PR,R,,Unclassified,0,12,0
New York,Millbrook,Sky Acres,44N,PR,R,,Unclassified,33,46,0
New York,Montauk,Montauk,MTP,PR,GA,,Unclassified,276,5,0
New York,Montgomery,Orange County,MGJ,PU,GA,,Regional,0,156,"13,162,599"
New York,Monticello,Sullivan County International,MSV,PU,GA,,Local,55,30,"12,967,685"
New York,New York,East 34th Street,6N5,PU,GA,,Unclassified,0,0,0
New York,New York,New York Skyports Inc,6N7,PU,GA,,Unclassified,0,0,0
New York,New York,John F Kennedy International,JFK,PU,P,L,,"30,804,261",0,"257,289,334"
New York,New York,West 30th St,JRA,PU,GA,,Unclassified,0,0,0
New York,New York,Downtown Manhattan/Wall St,JRB,PU,GA,,Unclassified,0,0,0
New York,New York,Laguardia,LGA,PU,P,L,,"16,173,072",0,"110,066,871"
New York,Newburgh,New York Stewart International,SWF,PU,P,N,,"129,604",49,"61,048,889"
New York,Niagara Falls,Niagara Falls International,IAG,PU,P,N,,"52,616",80,"43,048,001"
New York,North Babylon,Republic,FRG,PU,R,,National,"10,046",420,"23,656,184"
New York,Norwich,Lt Warren Eaton,OIC,PU,GA,,Local,4,20,"2,084,783"
New York,Ogdensburg,Ogdensburg International,OGS,PU,CS,,Regional,"5,801",0,"11,738,143"
New York,Olean,Cattaraugus County-Olean,OLE,PU,GA,,Local,3,17,"5,268,294"
New York,Oneonta,Albert S Nader Regional,N66,PU,GA,,Local,11,16,"14,910,352"
New York,Penn Yan,Penn Yan/Yates City,PEO,PU,GA,,Regional,36,55,"14,759,968"
New York,Perry,Perry-Warsaw,01G,PU,GA,,Local,0,26,"3,047,805"
New York,Piseco,Piseco,K09,PU,GA,,Basic,0,2,"2,731,320"
New York,Plattsburgh,Plattsburgh International,PBG,PU,P,N,,"72,150",37,"33,633,528"
New York,Potsdam,Potsdam Municipal/Damon Field,PTD,PU,GA,,Local,30,18,"5,330,248"
New York,Poughkeepsie,Hudson Valley Regional,POU,PU,GA,,Regional,48,110,"26,537,341"
New York,Rochester,Frederick Douglass/Greater Rochester International,ROC,PU,P,S,,"1,325,336",86,"28,915,736"
New York,Rome,Griffiss International,RME,PU,GA,,Regional,38,64,"10,469,708"
New York,Saranac Lake,Adirondack Regional,SLK,PU,CS,,Regional,"4,944",15,"7,031,210"
New York,Saratoga Springs,Saratoga County,5B2,PU,GA,,Regional,101,49,"15,022,334"
New York,Schenectady,Schenectady County,SCH,PU,R,,Regional,54,90,"6,797,102"
New York,Schroon Lake,Schroon Lake,4B7,PU,GA,,Unclassified,0,1,0
New York,Seneca Falls,Finger Lakes Regional,0G7,PU,GA,,Local,0,19,"5,435,431"
New York,Shirley,Brookhaven,HWV,PU,R,,Regional,0,171,"1,277,778"
New York,Sidney,Sidney Municipal,N23,PU,GA,,Local,0,18,"2,186,667"
New York,Sodus,Williamson/Sodus*,SDC,PR,R,,Local,0,51,"3,700,000"
New York,South Bethlehem,South Albany,4B0,PR,GA,,Unclassified,0,44,0
New York,Syracuse,Syracuse Hancock International,SYR,PU,P,S,,"1,412,838",49,"62,343,401"
New York,Ticonderoga,Ticonderoga Municipal,4B6,PU,GA,,Basic,0,10,"7,089,100"
New York,Warwick,Warwick Municipal,N72,PU,GA,,Local,0,44,0
New York,Watertown,Watertown International,ART,PU,P,N,,"21,524",35,"32,792,450"
New York,Weedsport,Whitfords,B16,PR,R,,Unclassified,0,16,0
New York,Wellsville,Wellsville Municipal/Tarantine Field,ELZ,PU,GA,,Basic,0,14,"3,255,759"
New York,Westhampton Beach,Francis S Gabreski,FOK,PU,GA,,Regional,879,74,"8,573,241"
New York,White Plains,Westchester County,HPN,PU,P,S,,"1,156,329",284,"33,614,034"
New York,Wurtsboro,Wurtsboro/Sullivan County,N82,PR,R,,Unclassified,0,12,0
North Carolina,Ahoskie,Tri-County at Henry Joyner Field,ASJ,PU,GA,,Basic,0,11,"7,142,005"
North Carolina,Albemarle,Stanly County,VUJ,PU,GA,,Local,0,45,"9,641,500"
North Carolina,Andrews,Western Carolina Regional,RHP,PU,GA,,Local,2,44,"14,147,000"
North Carolina,Asheboro,Asheboro Regional,HBI,PU,GA,,Local,6,43,"4,511,500"
North Carolina,Asheville,Asheville Regional,AVL,PU,P,S,,"1,125,935",132,"98,548,965"
North Carolina,Beaufort,Michael J Smith Field,MRH,PU,GA,,Regional,35,63,"47,911,000"
North Carolina,Burlington,Burlington/Alamance Regional,BUY,PU,GA,,Regional,15,86,"68,882,000"
North Carolina,Charlotte,Charlotte/Douglas International,CLT,PU,P,L,,"25,896,201",84,"1,034,776,873"
North Carolina,Clinton,Clinton-Sampson County,CTZ,PU,GA,,Local,0,19,"15,457,000"
North Carolina,Concord,Concord-Padgett Regional,JQF,PU,P,N,,"119,069",245,"60,388,142"
North Carolina,Currituck,Currituck County Regional,ONX,PU,GA,,Local,0,58,"27,724,175"
North Carolina,Edenton,Northeastern Regional,EDE,PU,GA,,Local,6,19,"23,490,244"
North Carolina,Elizabeth City,Elizabeth City CG Air Station/Regional,ECG,MC,GA,,Local,0,29,"29,800,165"
North Carolina,Elizabethtown,Curtis L Brown Jr Field,EYF,PU,GA,,Local,0,16,"21,430,778"
North Carolina,Elkin,Elkin Municipal,ZEF,PU,GA,,Local,2,16,"16,380,000"
North Carolina,Engelhard,Hyde County,7W6,PU,GA,,Basic,0,0,"12,559,870"
North Carolina,Erwin,Harnett Regional Jetport,HRJ,PU,GA,,Regional,0,39,"66,718,300"
North Carolina,Fayetteville,Fayetteville Regional/Grannis Field,FAY,PU,P,N,,"167,572",73,"14,154,325"
North Carolina,Franklin,Macon County,1A5,PU,GA,,Local,41,27,"15,300,500"
North Carolina,Gastonia,Gastonia Municipal,AKH,PU,GA,,Regional,0,49,"7,245,550"
North Carolina,Goldsboro,Wayne Exec Jetport,GWW,PU,GA,,Regional,0,53,"25,921,000"
North Carolina,Greensboro,Piedmont Triad International,GSO,PU,P,S,,"903,742",107,"190,942,091"
North Carolina,Greenville,Pitt-Greenville,PGV,PU,P,N,,"34,824",65,"41,922,222"
North Carolina,Hatteras,Billy Mitchell,HSE,PU,GA,,Basic,1,0,"3,950,000"
North Carolina,Hickory,Hickory Regional,HKY,PU,GA,,National,932,87,"33,264,989"
North Carolina,Jacksonville,Albert J Ellis,OAJ,PU,P,N,,"133,839",26,"7,942,334"
North Carolina,Jefferson,Ashe County,GEV,PU,GA,,Local,9,25,"57,909,025"
North Carolina,Kenansville,Duplin County,DPL,PU,GA,,Local,0,40,"24,644,000"
North Carolina,Kill Devil Hills,First Flight,FFA,PU,GA,,Basic,5,0,"4,325,000"
North Carolina,Kinston,Kinston Regional Jetport at Stallings Field,ISO,PU,GA,,National,2,70,"51,443,000"
North Carolina,Lenoir,Foothills Regional,MRN,PU,GA,,Local,22,59,"25,341,890"
North Carolina,Lexington,Davidson County Exec,EXX,PU,GA,,Regional,5,73,"26,455,620"
North Carolina,Lincolnton,Lincolnton-Lincoln County Regional,IPJ,PU,GA,,Regional,0,82,"5,425,200"
North Carolina,Louisburg,Triangle North Exec,LHZ,PU,GA,,Regional,4,101,"19,075,555"
North Carolina,Lumberton,Lumberton Regional,LBT,PU,GA,,Local,2,36,"15,415,000"
North Carolina,Manteo,Dare County Regional,MQI,PU,GA,,Local,39,47,"24,281,000"
North Carolina,Maxton,Laurinburg/Maxton,MEB,PU,GA,,Local,0,33,"14,943,800"
North Carolina,Monroe,Charlotte/Monroe Exec,EQY,PU,R,,Regional,35,115,"37,116,897"
North Carolina,Mount Airy,Mount Airy/Surry County,MWK,PU,GA,,Regional,16,31,"49,017,758"
North Carolina,Mount Olive,Mount Olive Municipal,W40,PU,GA,,Local,0,16,"15,399,152"
North Carolina,New Bern,Coastal Carolina Regional,EWN,PU,P,N,,"59,159",90,"54,627,549"
North Carolina,North Wilkesboro,Wilkes County,UKF,PU,GA,,Regional,0,34,"13,468,000"
North Carolina,Ocean Isle Beach,Odell Williamson Municipal,60J,PU,GA,,Local,3,26,"17,322,500"
North Carolina,Ocracoke,Ocracoke Island,W95,PU,GA,,Basic,17,0,"3,950,000"
North Carolina,Oxford,Henderson/Oxford,HNZ,PU,GA,,Local,0,37,"18,041,750"
North Carolina,Plymouth,Plymouth Municipal,PMZ,PU,GA,,Basic,0,11,"11,390,000"
North Carolina,Raleigh,Raleigh-Durham International,RDU,PU,P,M,,"7,118,995",152,"384,556,600"
North Carolina,Reidsville,Rockingham County Nc Shiloh,SIF,PU,GA,,Regional,0,45,"13,852,250"
North Carolina,Roanoke Rapids,Halifax/Northampton Regional,IXA,PU,GA,,Local,4,26,"10,374,500"
North Carolina,Rockingham,Richmond County,RCZ,PU,GA,,Basic,2,9,"11,070,741"
North Carolina,Rocky Mount,Rocky Mount/Wilson Regional,RWI,PU,GA,,Regional,11,36,"53,976,900"
North Carolina,Roxboro,Raleigh Regional at Person County,TDF,PU,GA,,Local,0,33,"26,673,600"
North Carolina,Rutherfordton,Rutherford County/Marchman Field,FQD,PU,GA,,Regional,1,55,"42,181,000"
North Carolina,Salisbury,Mid-Carolina Regional,RUQ,PU,GA,,Regional,0,88,"39,919,685"
North Carolina,Sanford,Raleigh Exec Jetport at Sanford-Lee County,TTA,PU,R,,National,15,214,"8,221,111"
North Carolina,Shelby,Shelby-Cleveland County Regional,EHO,PU,GA,,Regional,3,73,"12,370,000"
North Carolina,Siler City,Siler City Municipal,SCR,PU,GA,,Local,2,19,"16,350,700"
North Carolina,Smithfield,Johnston Regional,JNX,PU,GA,,Regional,3,126,"25,866,000"
North Carolina,Southern Pines,Moore County,SOP,PU,GA,,Regional,110,88,"29,077,600"
North Carolina,Southport,Cape Fear Regional Jetport/Howie Franklin Field,SUT,PU,GA,,Regional,21,76,"16,805,024"
North Carolina,Spruce Pine,Avery County/Morrison Field,7A8,PU,GA,,Local,0,17,"16,292,931"
North Carolina,Star,Montgomery County,43A,PU,GA,,Basic,2,11,"22,104,580"
North Carolina,Statesville,Statesville Regional,SVH,PU,GA,,National,2,86,"19,982,750"
North Carolina,Sylva,Jackson County,24A,PU,GA,,Basic,3,10,"7,770,000"
North Carolina,Tarboro,Tarboro-Edgecombe,ETC,PU,GA,,Unclassified,0,6,0
North Carolina,Wadesboro,Anson County/Jeff Cloud Field,AFP,PU,GA,,Local,0,25,"12,427,650"
North Carolina,Wallace,Wallace-Pender,ACZ,PU,GA,,Local,0,27,"23,317,090"
North Carolina,Washington,Washington-Warren,OCW,PU,GA,,Local,13,26,"8,926,300"
North Carolina,Whiteville,Columbus County Municipal,CPC,PU,GA,,Local,0,33,"21,688,628"
North Carolina,Williamston,Martin County,MCZ,PU,GA,,Local,0,15,"7,266,000"
North Carolina,Wilmington,Wilmington International,ILM,PU,P,S,,"655,857",107,"85,276,363"
North Carolina,Winston-Salem,Smith Reynolds,INT,PU,GA,,Regional,863,72,"60,866,378"
North Dakota,Ashley,Ashley Municipal,ASY,PU,GA,,Local,0,15,"1,527,778"
North Dakota,Beach,Beach,20U,PU,GA,,Basic,0,12,"4,912,739"
North Dakota,Bismarck,Bismarck Municipal,BIS,PU,P,N,,"258,780",90,"138,753,916"
North Dakota,Bottineau,Bottineau Municipal,D09,PU,GA,,Local,0,19,"5,269,761"
North Dakota,Bowman,Bowman Regional,BWW,PU,GA,,Local,0,22,"4,235,557"
North Dakota,Cando,Cando Municipal,9D7,PU,GA,,Basic,0,12,"2,903,332"
North Dakota,Carrington,Carrington Municipal,46D,PU,GA,,Basic,0,12,"1,592,222"
North Dakota,Casselton,Casselton Robert Miller Regional,5N8,PU,GA,,Local,0,45,"24,230,903"
North Dakota,Cavalier,Cavalier Municipal,2C8,PU,GA,,Local,0,19,"4,169,444"
North Dakota,Cooperstown,Cooperstown Municipal,S32,PU,GA,,Local,0,16,"2,584,445"
North Dakota,Crosby,Crosby Municipal,D50,PU,GA,,Local,0,18,"3,329,778"
North Dakota,Devils Lake,Devils Lake Regional,DVL,PU,CS,,Local,"8,051",38,"20,866,578"
North Dakota,Dickinson,Dickinson/Theodore Roosevelt Regional,DIK,PU,P,N,,"24,123",35,"16,976,370"
North Dakota,Dunseith,International Peace Garden,S28,PU,GA,,Basic,0,0,"3,777,779"
North Dakota,Edgeley,Edgeley Municipal,51D,PU,GA,,Basic,0,12,"2,461,111"
North Dakota,Ellendale,Ellendale Municipal,4E7,PU,GA,,Basic,0,13,"2,382,164"
North Dakota,Fargo,Hector International,FAR,PU,P,S,,"522,976",206,"71,429,578"
North Dakota,Fort Yates,Standing Rock,Y27,NA,GA,,Basic,0,0,"3,537,386"
North Dakota,Garrison,Garrison Municipal,D05,PU,GA,,Local,0,16,"2,684,619"
North Dakota,Glen Ullin,Glen Ullin Regional,D57,PU,GA,,Basic,0,10,"3,814,775"
North Dakota,Grafton,Hutson Field,GAF,PU,GA,,Local,0,17,"2,458,198"
North Dakota,Grand Forks,Grand Forks International,GFK,PU,P,N,,"93,877",143,"53,740,047"
North Dakota,Gwinner,Gwinner-Roger Melroe Field,GWR,PU,GA,,Basic,0,11,"3,886,053"
North Dakota,Harvey,Harvey Municipal,5H4,PU,GA,,Basic,0,12,"6,241,866"
North Dakota,Hazen,Mercer County Regional,HZE,PU,GA,,Local,0,18,"3,343,334"
North Dakota,Hettinger,Hettinger/Jb Lindquist Regional,HEI,PU,GA,,Local,0,32,"3,984,567"
North Dakota,Hillsboro,Hillsboro Municipal,3H4,PU,GA,,Local,0,35,"4,275,000"
North Dakota,Jamestown,Jamestown Regional,JMS,PU,P,N,,"10,590",36,"13,563,889"
North Dakota,Kenmare,Kenmare Municipal,7K5,PU,GA,,Local,0,28,"3,108,627"
North Dakota,Kindred,Robert Odegaard Field,K74,PU,GA,,Local,0,29,"4,390,887"
North Dakota,Lakota,Lakota Municipal,5L0,PU,GA,,Basic,0,12,"2,640,555"
North Dakota,LaMoure,LaMoure Rott Municipal,4F9,PR,GA,,Unclassified,0,3,0
North Dakota,Langdon,Robertson Field,D55,PU,GA,,Local,0,16,"5,860,220"
North Dakota,Linton,Linton Municipal,7L2,PU,GA,,Local,0,20,"1,740,901"
North Dakota,Lisbon,Lisbon Municipal,6L3,PU,GA,,Basic,0,12,"4,798,890"
North Dakota,Mandan,Mandan Regional/Lawler Field,Y19,PU,GA,,Local,0,100,"5,961,695"
North Dakota,Minot,Minot International,MOT,PU,P,N,,"146,862",128,"53,427,359"
North Dakota,Mohall,Mohall Municipal,HBC,PU,GA,,Local,0,29,"2,944,445"
North Dakota,Mott,Mott Municipal,3P3,PU,GA,,Basic,0,12,"7,670,594"
North Dakota,Northwood,Northwood Municipal/Vince Field,4V4,PU,GA,,Local,0,20,"1,930,888"
North Dakota,Oakes,Oakes Municipal,2D5,PU,GA,,Local,0,15,"3,047,729"
North Dakota,Park River,Park River - W C Skjerven Field,Y37,PU,GA,,Basic,0,10,"1,938,888"
North Dakota,Parshall,Parshall-Hankins,Y74,PU,GA,,Basic,0,10,"5,656,896"
North Dakota,Pembina,Pembina Municipal,PMB,PU,GA,,Basic,0,13,"2,100,000"
North Dakota,Rolla,Rolla Municipal/Leonard Krech Field,06D,PU,GA,,Basic,0,11,"4,125,906"
North Dakota,Rugby,Rugby Municipal,RUG,PU,GA,,Basic,0,12,"3,465,802"
North Dakota,Stanley,Stanley Municipal,08D,PU,GA,,Local,0,28,"3,170,333"
North Dakota,Tioga,Tioga Municipal,D60,PU,GA,,Local,0,41,"9,049,722"
North Dakota,Valley City,Barnes County Municipal,BAC,PU,GA,,Local,0,24,"7,513,333"
North Dakota,Wahpeton,Harry Stern,BWP,PU,GA,,Local,0,32,"8,381,388"
North Dakota,Walhalla,Walhalla Municipal,96D,PU,GA,,Basic,0,12,"3,374,000"
North Dakota,Washburn,Washburn Municipal,5C8,PU,GA,,Local,0,15,"3,030,779"
North Dakota,Watford City,Watford City Municipal,S25,PU,GA,,Local,7,32,"1,500,000"
North Dakota,Williston,Williston Basin International,XWA,PU,P,N,,"82,258",32,"17,466,667"
Ohio,Akron,Akron Fulton International,AKR,PU,GA,,Regional,17,97,"8,935,167"
Ohio,Akron,Akron-Canton Regional,CAK,PU,P,N,,"343,980",141,"42,747,007"
Ohio,Ashland,Ashland County,3G4,PU,GA,,Local,0,37,"2,872,594"
Ohio,Ashtabula,Northeast Ohio Regional,HZY,PU,GA,,Local,6,24,"419,450"
Ohio,Athens,Ohio University,UNI,PU,GA,,Regional,29,38,"4,841,780"
Ohio,Barnesville,Barnesville-Bradfield,6G5,PU,GA,,Basic,0,10,"4,026,161"
Ohio,Batavia,Clermont County,I69,PU,GA,,Regional,0,122,"4,387,050"
Ohio,Bellefontaine,Bellefontaine Regional,EDJ,PU,GA,,Regional,0,27,"4,262,449"
Ohio,Bluffton,Bluffton,5G7,PU,GA,,Local,0,18,"1,836,066"
Ohio,Bowling Green,Wood County,1G0,PU,GA,,Local,7,45,"1,788,889"
Ohio,Bryan,Williams County,0G6,PU,GA,,Local,0,23,"361,033"
Ohio,Bucyrus,Port Bucyrus/Crawford County,17G,PU,GA,,Local,0,29,"2,056,111"
Ohio,Cadiz,Harrison County,8G6,PU,GA,,Local,0,22,"1,500,832"
Ohio,Cambridge,Cambridge Municipal,CDI,PU,GA,,Basic,0,12,"4,206,666"
Ohio,Carrollton,Carroll County-Tolson,TSO,PU,GA,,Local,0,31,"1,371,667"
Ohio,Celina,Lakefield,CQA,PU,GA,,Local,0,21,"4,110,230"
Ohio,Chesapeake,Lawrence County Airpark,HTW,PU,GA,,Local,0,21,"1,743,650"
Ohio,Chillicothe,Ross County,RZT,PU,GA,,Local,0,29,"4,739,344"
Ohio,Cincinnati,Cincinnati Municipal/Lunken Field,LUK,PU,GA,,National,"2,305",176,"18,710,778"
Ohio,Circleville,Pickaway County Memorial,CYO,PU,GA,,Local,0,26,"3,003,878"
Ohio,Cleveland,Burke Lakefront,BKL,PU,GA,,Regional,"1,533",14,"9,938,888"
Ohio,Cleveland,Cuyahoga County,CGF,PU,R,,National,74,233,"23,086,213"
Ohio,Cleveland,Cleveland-Hopkins International,CLE,PU,P,M,,"4,803,808",43,"215,122,803"
Ohio,Columbus,John Glenn Columbus International,CMH,PU,P,M,,"4,095,181",66,"250,756,089"
Ohio,Columbus,Rickenbacker International,LCK,PU,P,N,,"149,363",18,"105,881,644"
Ohio,Columbus,Ohio State University,OSU,PU,R,,National,49,129,"6,139,445"
Ohio,Columbus,Bolton Field,TZR,PU,R,,Local,0,80,"11,770,633"
Ohio,Coshocton,Richard Downing,I40,PU,GA,,Local,0,16,"1,928,000"
Ohio,Crestline,Galion Municipal,GQQ,PU,GA,,Basic,0,11,"1,097,800"
Ohio,Dayton,James M Cox Dayton International,DAY,PU,P,S,,"594,174",39,"115,975,188"
Ohio,Dayton,Dayton/Wright Brothers,MGY,PU,R,,Regional,62,80,"4,512,333"
Ohio,Defiance,Defiance Memorial,DFI,PU,GA,,Local,0,18,"6,195,000"
Ohio,Delaware,Delaware Municipal/Jim Moore Field,DLZ,PU,GA,,Regional,8,90,"4,526,023"
Ohio,East Liverpool,Columbiana County,02G,PU,GA,,Local,0,34,"2,270,667"
Ohio,Findlay,Findlay,FDY,PU,GA,,Regional,8,23,"10,733,400"
Ohio,Fostoria,Fostoria Metro,FZI,PU,GA,,Basic,0,12,"2,075,000"
Ohio,Fremont,Sandusky County Regional,S24,PU,GA,,Local,0,16,"1,151,667"
Ohio,Gallipolis,Gallia-Meigs Regional,GAS,PU,GA,,Local,0,21,"4,144,211"
Ohio,Georgetown,Brown County,GEO,PU,GA,,Unclassified,0,4,0
Ohio,Hamilton,Butler County Regional/Hogan Field,HAO,PU,R,,Regional,13,144,"1,420,037"
Ohio,Harrison,Cincinnati West,I67,PU,GA,,Local,0,46,"4,900,000"
Ohio,Hillsboro,Highland County,HOC,PU,GA,,Local,0,20,"1,851,640"
Ohio,Jackson,James A Rhodes,JRO,PU,GA,,Basic,0,21,"2,273,173"
Ohio,Kelleys Island,Kelleys Island Land Field,89D,PU,GA,,Basic,0,2,"2,119,222"
Ohio,Kenton,Hardin County,I95,PU,GA,,Local,0,16,"3,768,527"
Ohio,Lancaster,Fairfield County,LHQ,PU,GA,,Local,0,92,"6,090,000"
Ohio,Lebanon,Warren County/John Lane Field,I68,PU,GA,,Regional,3,98,"8,240,000"
Ohio,Lima,Lima Allen County,AOH,PU,GA,,Regional,0,44,"1,000,000"
Ohio,London,Madison County,UYF,PU,GA,,Local,0,46,"1,419,428"
Ohio,Lorain,Lorain County Regional,LPR,PU,R,,Regional,19,90,"2,657,446"
Ohio,Mansfield,Mansfield Lahm Regional,MFD,PU,GA,,Regional,21,66,"11,867,500"
Ohio,Marion,Marion Municipal,MNN,PU,GA,,Local,3,21,"2,606,111"
Ohio,Marysville,Union County,MRT,PU,GA,,Local,0,58,"10,181,786"
Ohio,McArthur,Vinton County,22I,PU,GA,,Basic,0,9,"3,500,778"
Ohio,Medina,Medina Municipal,1G5,R,R,,Local,0,61,"4,778,000"
Ohio,Middle Bass,Middle Bass Island,3T7,PU,GA,,Basic,0,3,"1,214,420"
Ohio,Middlefield,Geauga County,7G8,PU,GA,,Local,0,43,"1,080,985"
Ohio,Middletown,Middletown Regional/Hook Field,MWO,PU,GA,,Local,0,82,"3,545,000"
Ohio,Millersburg,Holmes County,10G,PU,GA,,Local,0,17,"1,981,864"
Ohio,Mount Gilead,Morrow County,4I9,PU,GA,,Local,0,20,"1,187,900"
Ohio,Mount Vernon,Knox County,4I3,PU,GA,,Regional,4,76,"4,906,444"
Ohio,Napoleon,Henry County,7W5,PU,GA,,Local,0,18,"2,696,000"
Ohio,New Lexington,Perry County,I86,PU,GA,,Basic,0,10,"1,508,902"
Ohio,New Philadelphia,Harry Clever Field,PHD,PU,GA,,Local,0,47,"1,179,444"
Ohio,Newark,Newark-Heath,VTA,PU,GA,,Regional,0,70,"972,000"
Ohio,North Bass Island,North Bass Island,3X5,PU,GA,,Basic,0,1,"915,000"
Ohio,Norwalk,Norwalk-Huron County,5A1,PU,GA,,Local,0,21,"3,796,801"
Ohio,Ottawa,Putnam County,OWX,PU,GA,,Local,0,23,"1,918,777"
Ohio,Oxford,Miami University,OXD,PU,GA,,Local,0,17,"7,182,568"
Ohio,Port Clinton,Erie-Ottawa International,PCW,PU,GA,,Regional,10,95,"17,054,101"
Ohio,Portsmouth,Greater Portsmouth Regional,PMH,PU,GA,,Local,0,26,"3,583,652"
Ohio,Put-in-Bay,Put-in-Bay,3W2,PU,GA,,Basic,0,12,"700,000"
Ohio,Ravenna,Portage County,POV,PU,GA,,Local,0,68,"6,589,222"
Ohio,Sidney,Sidney Municipal,SCA,PU,GA,,Local,0,30,"1,535,000"
Ohio,Springfield,Springfield/Beckley Municipal,SGH,PU,GA,,Regional,3,33,"14,667,203"
Ohio,Steubenville,Geary A Bates/Jefferson County Airpark,2G2,PU,GA,,Local,0,36,"2,802,222"
Ohio,Stow,Kent State University,1G3,PU,GA,,Local,0,42,"18,115,944"
Ohio,Tiffin,Seneca County,16G,PU,GA,,Regional,0,30,"795,805"
Ohio,Toledo,Eugene F Kranz Toledo Express,TOL,PU,P,N,,"70,339",59,"30,344,828"
Ohio,Upper Sandusky,Wyandot County,56D,PU,GA,,Basic,0,10,"1,902,900"
Ohio,Urbana,Grimes Field,I74,PU,GA,,Local,0,47,"3,867,090"
Ohio,Van Wert,Van Wert County,VNW,PU,GA,,Local,1,22,"2,615,000"
Ohio,Versailles,Darke County,VES,PU,GA,,Local,0,29,"2,465,000"
Ohio,Wadsworth,Wadsworth Municipal,3G3,PU,GA,,Local,0,90,"2,722,281"
Ohio,Walbridge,Toledo Exec,TDZ,PU,GA,,Regional,0,34,"5,275,000"
Ohio,Wapakoneta,Neil Armstrong,AXV,PU,GA,,Regional,0,33,"6,828,317"
Ohio,Washington Court House,Fayette County,I23,PU,GA,,Local,0,31,"5,343,750"
Ohio,Wauseon,Fulton County,USE,PU,GA,,Local,0,22,"3,372,000"
Ohio,Waverly,Pike County,EOP,PU,GA,,Basic,0,9,"3,974,889"
Ohio,West Union,Alexander Salamon,AMT,PU,GA,,Local,0,16,"2,325,778"
Ohio,Willoughby,Lake County Exec,LNN,PU,R,,Regional,7,80,"4,381,247"
Ohio,Wilmington,Clinton Field,I66,PU,GA,,Local,0,26,"1,460,000"
Ohio,Woodsfield,Monroe County,4G5,PU,GA,,Basic,0,14,"2,152,403"
Ohio,Wooster,Wayne County,BJJ,PU,GA,,Regional,5,52,"8,012,006"
Ohio,Xenia,Greene County/Lewis A Jackson Regional,GDK,PU,GA,,Local,0,75,"2,030,000"
Ohio,Youngstown,Youngstown/Warren Regional,YNG,PU,GA,,Regional,728,29,"32,398,133"
Ohio,Zanesville,Zanesville Municipal,ZZV,PU,GA,,Regional,5,27,"4,840,657"
Oklahoma,Ada,Ada Regional,ADH,PU,GA,,Regional,0,52,"4,064,561"
Oklahoma,Altus,Altus/Quartz Mountain Regional,AXS,PU,GA,,Local,0,30,"4,490,233"
Oklahoma,Alva,Alva Regional,AVK,PU,GA,,Local,0,36,"3,827,160"
Oklahoma,Antlers,Antlers Municipal,80F,PU,GA,,Basic,0,13,"2,440,926"
Oklahoma,Ardmore,Ardmore Downtown Exec,1F0,PU,GA,,Regional,0,33,"3,188,611"
Oklahoma,Ardmore,Ardmore Municipal,ADM,PU,GA,,Regional,4,15,"31,318,567"
Oklahoma,Atoka,Atoka Municipal,AQR,PU,GA,,Basic,0,10,"3,335,110"
Oklahoma,Bartlesville,Bartlesville Municipal,BVO,PU,GA,,Regional,5,47,"4,675,209"
Oklahoma,Beaver,Beaver Municipal,K44,PU,GA,,Basic,0,4,"1,141,634"
Oklahoma,Blackwell,Blackwell-Tonkawa Municipal,BKN,PU,GA,,Basic,0,11,"4,056,533"
Oklahoma,Boise City,Boise City,17K,PU,GA,,Basic,0,9,"1,236,667"
Oklahoma,Bristow,Jones Memorial,3F7,PU,GA,,Basic,0,13,"1,382,350"
Oklahoma,Buffalo,Buffalo Municipal,BFK,PU,GA,,Basic,1,5,"797,304"
Oklahoma,Burns Flat,Clinton/Sherman,CSM,PU,GA,,Basic,0,9,"2,798,000"
Oklahoma,Canadian,Carlton Landing Field,91F,PU,GA,,Basic,0,11,"1,997,778"
Oklahoma,Carnegie,Carnegie Municipal,86F,PU,GA,,Basic,0,11,"983,333"
Oklahoma,Chandler,Chandler Regional,CQB,PU,GA,,Basic,0,13,"1,226,820"
Oklahoma,Cherokee,Cherokee Municipal,4O5,PU,GA,,Basic,0,11,"1,016,666"
Oklahoma,Cheyenne,Mignon Laird Municipal,93F,PU,GA,,Unclassified,0,2,0
Oklahoma,Chickasha,Chickasha Municipal,CHK,PU,GA,,Local,0,25,"3,399,799"
Oklahoma,Claremore,Claremore Regional,GCM,PU,GA,,Regional,0,87,"3,844,783"
Oklahoma,Cleveland,Cleveland Municipal,95F,PU,GA,,Unclassified,0,4,0
Oklahoma,Clinton,Clinton Regional,CLK,PU,GA,,Local,0,18,"1,321,794"
Oklahoma,Cordell,Cordell Municipal,F36,PU,GA,,Unclassified,0,2,0
Oklahoma,Cushing,Cushing Municipal,CUH,PU,GA,,Local,0,28,"7,508,756"
Oklahoma,Duncan,Halliburton Field,DUC,PU,GA,,Regional,0,38,"6,829,151"
Oklahoma,Durant,Durant Regional/Eaker Field,DUA,PU,GA,,Regional,3,75,"5,273,850"
Oklahoma,El Reno,El Reno Regional,RQO,PU,GA,,Local,0,56,"6,998,417"
Oklahoma,Elk City,Elk City Regional Business,ELK,PU,GA,,Local,0,25,"2,662,721"
Oklahoma,Enid,Enid Woodring Regional,WDG,PU,GA,,Regional,29,78,"4,851,568"
Oklahoma,Eufaula,Fountainhead Lodge Airpark,0F7,PU,GA,,Unclassified,0,0,0
Oklahoma,Eufaula,Eufaula Municipal,F08,PU,GA,,Unclassified,0,8,0
Oklahoma,Fairview,Fairview Municipal,6K4,PU,GA,,Basic,0,13,"1,535,555"
Oklahoma,Frederick,Frederick Regional,FDR,PU,GA,,Basic,0,13,"1,027,778"
Oklahoma,Gage,Gage,GAG,PU,GA,,Unclassified,0,4,0
Oklahoma,Goldsby,David Jay Perry,1K4,PU,GA,,Local,0,41,"2,176,289"
Oklahoma,Grandfield,Grandfield Municipal,1O1,PU,GA,,Basic,0,14,0
Oklahoma,Grove,Grove Regional,GMJ,PU,GA,,Local,0,28,"5,563,110"
Oklahoma,Guthrie,Guthrie/Edmond Regional,GOK,PU,GA,,Regional,5,106,"1,220,000"
Oklahoma,Guymon,Guymon Municipal,GUY,PU,GA,,Regional,0,34,"3,522,144"
Oklahoma,Healdton,Healdton Municipal,F32,PU,GA,,Unclassified,0,0,0
Oklahoma,Henryetta,Henryetta Municipal,F10,PU,GA,,Unclassified,0,3,0
Oklahoma,Hinton,Hinton Municipal,2O8,PU,GA,,Basic,0,13,"3,964,934"
Oklahoma,Hobart,Hobart Regional,HBR,PU,GA,,Basic,0,9,"1,755,770"
Oklahoma,Holdenville,Holdenville Municipal,F99,PU,GA,,Basic,0,12,"2,126,933"
Oklahoma,Hollis,Hollis Municipal,O35,PU,GA,,Unclassified,0,8,0
Oklahoma,Hominy,Hominy Municipal,H92,PU,GA,,Basic,0,11,"2,802,395"
Oklahoma,Hooker,Hooker Municipal,O45,PU,GA,,Basic,0,10,"1,355,555"
Oklahoma,Hugo,Stan Stamper Municipal,HHW,PU,GA,,Local,0,19,"1,430,294"
Oklahoma,Idabel,McCurtain County Regional,4O4,PU,GA,,Local,0,17,"1,360,333"
Oklahoma,Ketchum,South Grand Lake Regional,1K8,PU,GA,,Local,0,18,"12,870,030"
Oklahoma,Latimer (County),Talihina Municipal,6F1,PU,GA,,Unclassified,0,1,0
Oklahoma,Lawton,Lawton-Fort Sill Regional,LAW,PU,P,N,,"45,716",53,"7,377,800"
Oklahoma,Lindsay,Lindsay Municipal,1K2,PU,GA,,Unclassified,0,4,0
Oklahoma,Madill,Madill Municipal,1F4,PU,GA,,Local,0,16,"11,306,667"
Oklahoma,Mangum,Scott Field,2K4,PU,GA,,Unclassified,0,7,0
Oklahoma,McAlester,McAlester Regional,MLC,PU,GA,,Local,4,31,"3,791,033"
Oklahoma,Medford,Medford Municipal,O53,PU,GA,,Unclassified,0,5,0
Oklahoma,Miami,Miami Regional,MIO,PU,GA,,Local,8,22,"9,921,158"
Oklahoma,Mooreland,Mooreland Municipal,MDF,PU,GA,,Unclassified,0,7,0
Oklahoma,Muskogee,Muskogee-Davis Regional,MKO,PU,GA,,Regional,0,82,"11,550,335"
Oklahoma,Norman,University of Oklahoma Westheimer,OUN,PU,R,,Regional,37,109,"1,666,278"
Oklahoma,Okeene,Christman Airfield,O65,PU,GA,,Unclassified,0,4,0
Oklahoma,Okemah,Okemah Municipal,F81,PU,GA,,Unclassified,0,0,0
Oklahoma,Oklahoma City,Will Rogers World,OKC,PU,P,S,,"2,135,106",69,"82,373,876"
Oklahoma,Oklahoma City,Wiley Post,PWA,PU,R,,National,48,372,"7,268,931"
Oklahoma,Oklahoma City,Clarence E Page Municipal,RCE,PU,GA,,Local,0,68,"6,989,935"
Oklahoma,Okmulgee,Okmulgee Regional/Paul and Betty Abbott Field,OKM,PU,GA,,Local,0,18,"2,280,000"
Oklahoma,Pauls Valley,Pauls Valley Municipal,PVJ,PU,GA,,Regional,0,37,"13,748,149"
Oklahoma,Perry,Perry Municipal,F22,PU,GA,,Local,0,22,"3,883,068"
Oklahoma,Ponca City,Ponca City Regional,PNC,PU,GA,,Regional,0,40,"3,518,671"
Oklahoma,Poteau,Robert S Kerr,RKR,PU,GA,,Local,1,15,"13,683,006"
Oklahoma,Prague,Prague Municipal,O47,PU,GA,,Local,0,15,"1,977,221"
Oklahoma,Pryor,Mid-America Industrial,H71,PU,GA,,Local,0,15,"4,881,501"
Oklahoma,Purcell,Purcell Municipal - Steven E Shephard Field,3O3,PU,GA,,Basic,0,9,"2,664,599"
Oklahoma,Sallisaw,Sallisaw Municipal,JSV,PU,GA,,Local,0,15,"5,478,090"
Oklahoma,Sand Springs,William R Pogue Municipal,OWP,PU,GA,,Local,0,49,"6,371,581"
Oklahoma,Sayre,Sayre Municipal,3O4,PU,GA,,Basic,0,10,"978,290"
Oklahoma,Seminole,Seminole Municipal,SRE,PU,GA,,Local,0,38,"5,571,968"
Oklahoma,Shawnee,Shawnee Regional,SNL,PU,GA,,Local,2,27,"8,786,574"
Oklahoma,Skiatook,Skiatook Municipal,2F6,PU,GA,,Local,0,25,"2,866,666"
Oklahoma,Stigler,Stigler Regional,GZL,PU,GA,,Basic,0,12,"4,551,214"
Oklahoma,Stillwater,Stillwater Regional,SWO,PU,P,N,,"35,358",90,"26,125,715"
Oklahoma,Stroud,Stroud Municipal,SUD,PU,GA,,Basic,0,9,"2,158,423"
Oklahoma,Sulphur,Sulphur Municipal,F30,PU,GA,,Basic,0,9,"1,218,314"
Oklahoma,Tahlequah,Tahlequah Municipal,TQH,PU,GA,,Local,0,39,"2,267,667"
Oklahoma,Thomas,Thomas Municipal,1O4,PU,GA,,Basic,0,12,"1,211,666"
Oklahoma,Tishomingo,Tishomingo Airpark,0F9,PU,GA,,Unclassified,0,0,0
Oklahoma,Tulsa,Tulsa Riverside,RVS,PU,R,,National,28,246,"3,267,778"
Oklahoma,Tulsa,Tulsa International,TUL,PU,P,S,,"1,571,600",111,"71,140,950"
Oklahoma,Vinita,Vinita Municipal,H04,PU,GA,,Local,0,29,"5,065,000"
Oklahoma,Wagoner,Hefner-Easley,H68,PU,GA,,Local,0,29,"2,018,889"
Oklahoma,Walters,Walters Municipal,3O5,PU,GA,,Unclassified,0,3,0
Oklahoma,Watonga,Watonga Regional,JWG,PU,GA,,Local,0,19,"3,508,399"
Oklahoma,Waynoka,Waynoka Municipal,1K5,PU,GA,,Unclassified,0,0,0
Oklahoma,Weatherford,Weatherford Stafford,OJA,PU,GA,,Local,0,29,"4,287,524"
Oklahoma,Wilburton,Wilburton Municipal,H05,PU,GA,,Basic,0,9,0
Oklahoma,Woodward,West Woodward,WWR,PU,GA,,Regional,0,27,"2,266,667"
Oregon,Albany,Albany Municipal,S12,PU,GA,,Local,0,68,"3,187,778"
Oregon,Ashland,Ashland Municipal/Sumner Parker Field,S03,PU,GA,,Local,0,51,"5,154,443"
Oregon,Astoria,Astoria Regional,AST,PU,GA,,Local,6,38,"9,891,112"
Oregon,Aurora,Aurora State,UAO,PU,GA,,National,7,278,"14,661,474"
Oregon,Baker City,Baker City Municipal,BKE,PU,GA,,Local,1,42,"2,686,666"
Oregon,Bandon,Bandon State,S05,PU,GA,,Local,27,31,"1,833,244"
Oregon,Bend,Bend Municipal,BDN,PU,GA,,Regional,25,226,"17,082,476"
Oregon,Boardman,Boardman,M50,PU,GA,,Unclassified,0,0,0
Oregon,Brookings,Brookings,BOK,PU,GA,,Basic,0,14,"4,108,419"
Oregon,Burns,Burns Municipal,BNO,PU,GA,,Local,0,21,"1,444,444"
Oregon,Cave Junction,Illinois Valley,3S4,PU,GA,,Local,0,25,"7,533,334"
Oregon,Chiloquin,Chiloquin State,2S7,PU,GA,,Basic,0,7,"1,950,089"
Oregon,Christmas Valley,Christmas Valley,62S,PU,GA,,Basic,0,0,"7,550,000"
Oregon,Condon,Condon State Pauling Field,3S9,PU,GA,,Basic,5,14,"1,735,380"
Oregon,Corvallis,Corvallis Municipal,CVO,PU,GA,,Regional,78,118,"7,236,666"
Oregon,Cottage Grove,Cottage Grove State,61S,PU,GA,,Local,0,46,"1,757,778"
Oregon,Creswell,Hobby Field,77S,PU,GA,,Local,0,92,"5,085,556"
Oregon,Dallesport,Columbia Gorge Regional/The Dalles Municipal,DLS,PU,GA,,Local,2,62,"2,345,000"
Oregon,Eugene,Mahlon Sweet Field,EUG,PU,P,S,,"841,919",119,"73,708,950"
Oregon,Florence,Florence Municipal,6S2,PU,GA,,Local,0,33,"1,855,338"
Oregon,Gleneden Beach,Siletz Bay State,S45,PU,GA,,Basic,0,11,"1,045,000"
Oregon,Gold Beach,Gold Beach Municipal,4S1,PU,GA,,Basic,3,11,"2,940,000"
Oregon,Grants Pass,Grants Pass,3S8,PU,GA,,Regional,0,164,"5,958,889"
Oregon,Hermiston,Hermiston Municipal,HRI,PU,GA,,Local,0,47,"6,598,889"
Oregon,Hood River,Ken Jernstedt Airfield,4S2,PU,GA,,Local,0,260,"3,341,111"
Oregon,Independence,Independence State,7S5,PU,GA,,Local,0,167,"4,458,237"
Oregon,John Day,Grant County Regional/Ogilvie Field,GCD,PU,GA,,Basic,0,14,"10,927,777"
Oregon,Joseph,Joseph State,JSY,PU,GA,,Local,0,16,"2,546,112"
Oregon,Klamath Falls,Crater Lake/Klamath Regional,LMT,PU,GA,,Regional,31,80,"14,381,600"
Oregon,La Grande,La Grande/Union County,LGD,PU,GA,,Local,0,78,"10,762,778"
Oregon,Lakeview,Lake County,LKV,PU,GA,,Local,0,17,"1,822,222"
Oregon,Lebanon,Lebanon State,S30,PU,GA,,Local,0,41,"5,125,784"
Oregon,Lexington,Lexington,9S9,PU,GA,,Basic,0,10,"2,210,000"
Oregon,Madras,Madras Municipal,S33,PU,GA,,Local,0,85,"1,385,000"
Oregon,McDermitt,McDermitt State,26U,PU,GA,,Basic,0,1,"3,384,680"
Oregon,McMinnville,McMinnville Municipal,MMV,PU,GA,,Regional,27,150,"6,000,001"
Oregon,Medford,Rogue Valley International - Medford,MFR,PU,P,S,,"478,121",212,"28,271,255"
Oregon,Mulino,Mulino State,4S9,PU,GA,,Local,0,56,"5,333,780"
Oregon,Myrtle Creek,Myrtle Creek Municipal,16S,PU,GA,,Basic,0,9,"1,494,444"
Oregon,Newport,Newport Municipal,ONP,PU,GA,,Local,0,34,"7,576,744"
Oregon,North Bend,Southwest Oregon Regional,OTH,PU,P,N,,"19,590",51,"7,338,478"
Oregon,Ontario,Ontario Municipal,ONO,PU,GA,,Local,0,91,"1,738,890"
Oregon,Pendleton,Eastern Oregon Regional at Pendleton,PDT,PU,CS,,Regional,"5,544",74,"11,906,922"
Oregon,Portland,Portland-Hillsboro,HIO,PU,R,,National,46,276,"44,000,000"
Oregon,Portland,Portland International,PDX,PU,P,M,,"8,123,036",69,"247,709,640"
Oregon,Portland,Portland-Troutdale,TTD,PU,R,,Local,0,74,"30,520,000"
Oregon,Prineville,Prineville,S39,PU,GA,,Local,0,130,"4,677,666"
Oregon,Redmond,Roberts Field,RDM,PU,P,S,,"558,804",110,"25,330,137"
Oregon,Roseburg,Roseburg Regional,RBG,PU,GA,,Regional,0,65,"8,906,778"
Oregon,Salem,McNary Field,SLE,PU,CS,,Regional,"6,993",163,"25,598,889"
Oregon,Scappoose,Scappoose,SPB,PU,GA,,Regional,0,111,"5,294,166"
Oregon,Seaside,Seaside Municipal,56S,PU,GA,,Unclassified,0,6,0
Oregon,Tillamook,Tillamook,TMK,PU,GA,,Local,7,19,"996,445"
Oregon,Wasco,Wasco State,35S,PU,GA,,Unclassified,0,7,0
Pennsylvania,Allentown,Lehigh Valley International,ABE,PU,P,N,,"419,604",128,"121,052,862"
Pennsylvania,Allentown,Allentown Queen City Municipal,XLL,PU,GA,,Regional,5,50,"6,703,334"
Pennsylvania,Altoona,Altoona/Blair County,AOO,PU,CS,,Regional,"3,231",26,"8,845,009"
Pennsylvania,Ambler,Wings Field,LOM,PR,R,,Regional,576,93,"9,242,231"
Pennsylvania,Avoca,Wilkes-Barre/Scranton International,AVP,PU,P,N,,"174,061",33,"19,959,666"
Pennsylvania,Beaver Falls,Beaver County,BVI,PU,R,,Regional,0,125,"2,085,555"
Pennsylvania,Beaver Falls,Zelienople Municipal,PJC,PU,GA,,Regional,1,52,"3,121,666"
Pennsylvania,Bedford,Bedford County,HMZ,PU,GA,,Local,22,21,"2,659,056"
Pennsylvania,Bloomsburg,Bloomsburg Municipal,N13,PU,GA,,Local,4,19,"2,001,112"
Pennsylvania,Bradford,Bradford Regional,BFD,PU,CS,,Regional,"3,897",17,"5,222,910"
Pennsylvania,Brookville,Dubois Regional,DUJ,PU,CS,,Local,"5,568",15,"2,452,631"
Pennsylvania,Butler,Pittsburgh/Butler Regional,BTP,PU,R,,Regional,33,115,"1,332,222"
Pennsylvania,Chambersburg,Franklin County Regional,N68,PU,GA,,Local,0,21,"4,846,111"
Pennsylvania,Clarion,Clarion County,AXQ,PU,GA,,Basic,5,13,"1,844,445"
Pennsylvania,Clearfield,Clearfield-Lawrence,FIG,PU,GA,,Local,0,16,"1,333,334"
Pennsylvania,Coatesville,Chester County G O Carlson,MQS,PU,R,,National,68,94,"5,021,110"
Pennsylvania,Connellsville,Joseph A Hardy Connellsville,VVS,PU,GA,,Local,2,34,"5,895,556"
Pennsylvania,Corry,Corry-Lawrence,8G2,PU,GA,,Basic,0,11,"2,210,000"
Pennsylvania,Doylestown,Doylestown,DYL,PU,R,,Regional,19,145,"2,844,444"
Pennsylvania,Ebensburg,Ebensburg,9G8,PU,GA,,Basic,0,10,"1,084,444"
Pennsylvania,Erie,Erie International/Tom Ridge Field,ERI,PU,P,N,,"47,206",51,"20,508,987"
Pennsylvania,Franklin,Venango Regional,FKL,PU,GA,,Local,0,26,"2,120,434"
Pennsylvania,Gettysburg,Gettysburg Regional,W05,PU,GA,,Local,1,26,"5,474,238"
Pennsylvania,Greenville,Greenville Municipal,4G1,PU,GA,,Local,0,17,"2,005,679"
Pennsylvania,Grove City,Grove City,29D,PU,GA,,Regional,1,29,"4,833,334"
Pennsylvania,Harrisburg,Harrisburg International,MDT,PU,P,S,,"654,789",23,"34,187,083"
Pennsylvania,Hazleton,Hazleton Regional,HZL,PU,GA,,Regional,0,62,"5,074,444"
Pennsylvania,Indiana,Indiana County/Jimmy Stewart Field,IDI,PU,GA,,Local,0,53,"7,647,111"
Pennsylvania,Johnstown,John Murtha Johnstown/Cambria County,JST,PU,P,N,,"14,253",26,"3,394,736"
Pennsylvania,Latrobe,Arnold Palmer Regional,LBE,PU,P,N,,"76,923",138,"17,380,486"
Pennsylvania,Lehighton,Jake Arner Memorial,22N,PU,GA,,Local,0,34,"1,758,778"
Pennsylvania,Lititz,Lancaster,LNS,PU,CS,,National,"6,260",122,"18,602,389"
Pennsylvania,Lock Haven,William T Piper Memorial,LHV,PU,GA,,Local,0,40,"1,424,444"
Pennsylvania,Meadville,Port Meadville,GKJ,PU,GA,,Regional,3,26,"1,373,085"
Pennsylvania,Mount Pocono,Pocono Mountains Regional,MPO,PU,GA,,Regional,34,51,"5,996,945"
Pennsylvania,New Castle,New Castle Municipal,UCP,PU,GA,,Local,0,56,"2,097,667"
Pennsylvania,New Cumberland Army Depot,Capital City,CXY,PU,R,,Regional,44,112,"14,758,292"
Pennsylvania,Philadelphia,Philadelphia International,PHL,PU,P,L,,"13,658,669",24,"377,310,630"
Pennsylvania,Philadelphia,Northeast Philadelphia,PNE,PU,R,,National,179,141,"19,175,333"
Pennsylvania,Philipsburg,Mid-State,PSB,PU,GA,,Unclassified,0,3,0
Pennsylvania,Pittsburgh,Pittsburgh International,PIT,PU,P,M,,"4,493,011",23,"109,344,597"
Pennsylvania,Pottstown,Pottstown Municipal,N47,PU,GA,,Local,0,32,"1,920,065"
Pennsylvania,Pottstown,Heritage Field,PTW,PR,R,,Regional,0,112,"3,395,556"
Pennsylvania,Pottsville,Schuylkill County/Joe Zerbey,ZER,PU,GA,,Local,0,16,"4,376,667"
Pennsylvania,Punxsutawney,Punxsutawney Municipal,N35,PU,GA,,Basic,0,11,"1,668,889"
Pennsylvania,Quakertown,Quakertown,UKT,PU,GA,,Local,0,82,"2,071,112"
Pennsylvania,Reading,Reading Regional/Carl A Spaatz Field,RDG,PU,GA,,National,103,132,"10,291,110"
Pennsylvania,Reedsville,Mifflin County,RVL,PU,GA,,Local,0,37,"2,167,778"
Pennsylvania,Selinsgrove,Penn Valley,SEG,PU,GA,,Regional,3,30,"2,317,500"
Pennsylvania,Shamokin,Northumberland County,N79,PU,GA,,Local,0,21,"2,069,444"
Pennsylvania,Somerset,Somerset County,2G9,PU,GA,,Local,0,24,"1,322,221"
Pennsylvania,St. Marys,St Marys Municipal,OYM,PU,GA,,Basic,0,14,"1,716,112"
Pennsylvania,State College,State College Regional,UNV,PU,P,N,,"138,860",52,"15,875,049"
Pennsylvania,Titusville,Titusville,6G1,PU,GA,,Basic,0,11,"1,676,666"
Pennsylvania,Toughkenamon,New Garden,N57,PU,R,,Regional,0,122,"2,176,112"
Pennsylvania,Towanda,Bradford County,N27,PU,GA,,Local,13,38,"1,755,445"
Pennsylvania,Washington,Washington County,AFJ,PU,GA,,Regional,38,62,"8,025,555"
Pennsylvania,Wellsboro,Grand Canyon Regional,N38,PU,GA,,Local,0,16,"986,667"
Pennsylvania,West Chester,Brandywine Regional,OQN,PR,R,,Regional,98,120,"3,763,889"
Pennsylvania,West Mifflin,Allegheny County,AGC,PU,R,,National,344,70,"41,831,605"
Pennsylvania,West Newton,Rostraver,FWQ,PU,R,,Local,0,44,"2,356,666"
Pennsylvania,Wilkes-Barre,Wilkes-Barre Wyoming Valley,WBW,PU,GA,,Local,3,55,"1,317,778"
Pennsylvania,Williamsport,Williamsport Regional,IPT,PU,GA,,Regional,173,31,"4,661,111"
Rhode Island,Block Island,Block Island State,BID,PU,P,N,,"15,194",4,"2,611,111"
Rhode Island,Newport,Newport State,UUU,PU,GA,,Basic,754,9,"17,916,667"
Rhode Island,North Kingstown,Quonset State,OQU,PU,R,,Regional,155,10,"20,348,975"
Rhode Island,Pawtucket,North Central State,SFZ,PU,R,,Local,11,26,"70,668,853"
Rhode Island,Warwick,Rhode Island Tf Green International,PVD,PU,P,S,,"1,732,909",37,"93,280,987"
Rhode Island,Westerly,Westerly State,WST,PU,P,N,,"12,328",28,"11,816,695"
South Carolina,Aiken,Aiken Regional,AIK,PU,GA,,Regional,113,46,"8,139,238"
South Carolina,Allendale,Allendale County,AQX,PU,GA,,Basic,0,11,"3,937,550"
South Carolina,Anderson,Anderson Regional,AND,PU,GA,,Regional,0,73,"7,365,898"
South Carolina,Andrews,Robert F Swinnie,PHH,PU,GA,,Basic,0,9,"1,246,485"
South Carolina,Bamberg,Bamberg County,99N,PU,GA,,Unclassified,0,3,0
South Carolina,Barnwell,Barnwell Regional,BNL,PU,GA,,Local,0,35,"2,577,172"
South Carolina,Beaufort,Beaufort Exec,ARW,PU,GA,,Local,646,51,"3,814,544"
South Carolina,Bennettsville,Marlboro County Jetport - H E Avent Field,BBP,PU,GA,,Basic,0,12,"5,201,122"
South Carolina,Bishopville,Lee County/Butters Field,52J,PU,GA,,Basic,0,10,"3,572,222"
South Carolina,Camden,Woodward Field,CDN,PU,GA,,Regional,2,22,"15,574,403"
South Carolina,Charleston,Charleston AFB/International,CHS,MA,P,M,,"3,032,751",75,"36,516,492"
South Carolina,Charleston,Charleston Exec,JZI,PU,GA,,Regional,428,49,"4,396,410"
South Carolina,Cheraw,Cheraw Municipal/Lynch Bellinger Field,CQW,PU,GA,,Local,0,17,"2,829,635"
South Carolina,Chester,Chester Catawba Regional,DCM,PU,GA,,Local,0,29,"794,444"
South Carolina,Columbia,Columbia Metro,CAE,PU,P,S,,"593,561",76,"40,157,809"
South Carolina,Columbia,Jim Hamilton L B Owens,CUB,PU,R,,Regional,15,102,"7,700,527"
South Carolina,Conway,Conway-Horry County,HYW,PU,GA,,Regional,4,24,"2,500,000"
South Carolina,Darlington,Darlington County,UDG,PU,GA,,Regional,0,11,"3,922,233"
South Carolina,Florence,Florence Regional,FLO,PU,P,N,,"22,732",47,"8,858,508"
South Carolina,Georgetown,Georgetown County,GGE,PU,GA,,Regional,83,47,"1,911,034"
South Carolina,Greenville,Greenville Downtown,GMU,PU,GA,,National,127,204,"14,351,000"
South Carolina,Greenville,Donaldson Field,GYH,PU,GA,,Regional,0,35,"2,960,000"
South Carolina,Greenwood,Greenwood County,GRD,PU,GA,,Local,5,54,"3,647,505"
South Carolina,Greer,Greenville Spartanburg International,GSP,PU,P,S,,"1,258,715",33,"68,490,704"
South Carolina,Hartsville,Hartsville Regional,HVS,PU,GA,,Local,0,17,"2,194,319"
South Carolina,Hilton Head Island,Hilton Head,HXD,PU,P,N,,"103,963",88,"8,568,579"
South Carolina,Kingstree,Williamsburg Regional,CKI,PU,GA,,Local,2,20,"3,506,017"
South Carolina,Lancaster,Lancaster County-Mc Whirter Field,LKR,PU,GA,,Local,2,40,"1,476,708"
South Carolina,Laurens,Laurens County,LUX,PU,GA,,Local,5,18,"1,643,055"
South Carolina,Loris,Twin City,5J9,PU,GA,,Unclassified,0,4,0
South Carolina,Manning,Santee Cooper Regional,MNI,PU,GA,,Basic,0,14,"4,493,622"
South Carolina,Marion,Marion County,MAO,PU,GA,,Basic,0,12,"9,795,261"
South Carolina,Moncks Corner,Berkeley County,MKS,PU,GA,,Local,3,42,"5,821,391"
South Carolina,Mount Pleasant,Mt Pleasant Regional-Faison Field,LRO,PU,GA,,Local,86,71,"1,178,066"
South Carolina,Myrtle Beach,Myrtle Beach International,MYR,PU,P,S,,"1,658,984",54,"144,089,802"
South Carolina,Newberry,Newberry County,EOE,PU,GA,,Local,0,15,"3,162,020"
South Carolina,North Myrtle Beach,Grand Strand,CRE,PU,GA,,Regional,36,32,"4,000,000"
South Carolina,Orangeburg,Orangeburg Municipal,OGB,PU,GA,,Regional,12,37,"6,527,400"
South Carolina,Pageland,Pageland,PYG,PU,GA,,Local,0,24,"5,689,971"
South Carolina,Pelion,Lexington County,6J0,PU,GA,,Local,0,33,"7,045,200"
South Carolina,Pickens,Pickens County,LQK,PU,GA,,Local,14,46,"4,157,333"
South Carolina,Ridgeland,Ridgeland-Claude Dean,3J1,PU,GA,,Local,45,46,"2,309,958"
South Carolina,Rock Hill,Rock Hill/York County/Bryant Field,UZA,PU,R,,Regional,71,169,"5,456,659"
South Carolina,Saluda,Saluda County,6J4,PU,GA,,Basic,0,12,"3,223,902"
South Carolina,Seneca,Oconee County Regional,CEU,PU,GA,,Regional,80,58,"2,049,685"
South Carolina,Spartanburg,Spartanburg Downtown Memorial/Simpson Field,SPA,PU,GA,,Regional,18,75,"7,700,000"
South Carolina,St. George,St George,6J2,PU,GA,,Unclassified,0,3,0
South Carolina,Summerville,Summerville,DYB,PU,GA,,Local,2,65,"2,140,471"
South Carolina,Sumter,Sumter,SMS,PU,GA,,Regional,29,33,"7,439,417"
South Carolina,Union,"Union County, Troy Shelton Field",35A,PU,GA,,Basic,0,10,"5,582,929"
South Carolina,Walterboro,Lowcountry Regional,RBW,PU,GA,,Local,67,42,"1,186,666"
South Carolina,Winnsboro,Fairfield County,FDW,PU,GA,,Local,2,37,"1,054,522"
South Dakota,- Rosebud,Rosebud Sioux Tribal,SUO,NA,GA,,Basic,0,0,"2,898,332"
South Dakota,Aberdeen,Aberdeen Regional,ABR,PU,P,N,,"22,112",66,"31,732,842"
South Dakota,Belle Fourche,Belle Fourche Municipal,EFC,PU,GA,,Basic,0,11,"8,509,338"
South Dakota,Bison,Bison Municipal,6V5,PU,GA,,Basic,0,6,"3,018,894"
South Dakota,Britton,Britton Municipal,BTN,PU,GA,,Basic,0,13,"6,878,666"
South Dakota,Brookings,Brookings Regional,BKX,PU,GA,,Regional,2,59,"5,363,889"
South Dakota,Buffalo,Harding County,9D2,PU,GA,,Basic,0,5,"1,622,222"
South Dakota,Canton,Canton Municipal,7G9,PU,GA,,Local,0,28,"2,017,666"
South Dakota,Chamberlain,Chamberlain Municipal,9V9,PU,GA,,Basic,6,12,"16,525,222"
South Dakota,Clark,Clark County,8D7,PU,GA,,Local,0,23,"2,937,555"
South Dakota,Custer,Custer County,CUT,PU,GA,,Local,0,21,"22,328,624"
South Dakota,De Smet,Wilder,6E5,PU,GA,,Basic,0,12,"3,155,208"
South Dakota,Eagle Butte,Cheyenne Eagle Butte,84D,NA,GA,,Basic,0,2,"2,109,444"
South Dakota,Edgemont,Edgemont Municipal,6V0,PU,GA,,Unclassified,0,3,0
South Dakota,Eureka,Eureka Municipal,3W8,PU,GA,,Basic,0,10,"1,177,777"
South Dakota,Faith,Faith Municipal,D07,PU,GA,,Basic,0,7,"2,947,222"
South Dakota,Faulkton,Faulkton Municipal,3FU,PU,GA,,Local,0,15,"5,484,096"
South Dakota,Flandreau,Flandreau Municipal,4P3,PU,GA,,Basic,0,12,"6,183,467"
South Dakota,Gettysburg,Gettysburg Municipal,0D8,PU,GA,,Basic,10,11,"1,998,167"
South Dakota,Gregory,Gregory Municipal - Flynn Field,9D1,PU,GA,,Basic,0,13,"3,010,555"
South Dakota,Highmore,Highmore Municipal,9D0,PU,GA,,Basic,0,13,"6,636,777"
South Dakota,Hot Springs,Hot Springs Municipal,HSR,PU,GA,,Local,0,24,"6,227,028"
South Dakota,Howard,Howard Municipal,8D9,PU,GA,,Unclassified,0,6,0
South Dakota,Huron,Huron Regional,HON,PU,GA,,Local,0,25,"4,050,833"
South Dakota,Kadoka,Kadoka Municipal,5V8,PU,GA,,Unclassified,0,2,0
South Dakota,Lemmon,Lemmon Municipal,LEM,PU,GA,,Local,0,18,"2,120,001"
South Dakota,Lowry,Hoven Municipal,9F8,PU,GA,,Basic,0,12,"3,410,793"
South Dakota,Madison,Madison Municipal,MDS,PU,GA,,Local,0,56,"2,841,113"
South Dakota,Martin,Martin Municipal,9V6,PU,GA,,Basic,0,4,"3,703,334"
South Dakota,McLaughlin,Mc Laughlin Municipal,5P2,PU,GA,,Basic,0,9,"20,118,888"
South Dakota,Milbank,Milbank Municipal,1D1,PU,GA,,Basic,0,11,"5,095,334"
South Dakota,Miller,Miller Municipal,MKA,PU,GA,,Basic,0,12,"4,444,555"
South Dakota,Mitchell,Mitchell Municipal,MHE,PU,GA,,Regional,32,33,"10,624,445"
South Dakota,Mobridge,Mobridge Municipal,MBG,PU,GA,,Basic,0,14,"5,967,222"
South Dakota,Murdo,Murdo Municipal,8F6,PU,GA,,Basic,0,3,"15,403,800"
South Dakota,Onida,Onida Municipal,98D,PU,GA,,Local,0,16,"1,686,111"
South Dakota,Parkston,Parkston Municipal,8V3,PU,GA,,Basic,0,12,"4,398,887"
South Dakota,Philip,Philip,PHP,PU,GA,,Basic,0,12,"6,371,647"
South Dakota,Pierre,Pierre Regional,PIR,PU,P,N,,"15,877",65,"22,706,680"
South Dakota,Pine Ridge,Pine Ridge,IEN,NA,GA,,Basic,0,0,"2,336,481"
South Dakota,Platte,Platte Municipal,1D3,PU,GA,,Basic,0,11,"6,262,000"
South Dakota,Presho,Presho Municipal,5P5,PU,GA,,Basic,0,17,"6,000,000"
South Dakota,Rapid City,Rapid City Regional,RAP,PU,P,N,,"345,526",78,"63,341,369"
South Dakota,Redfield,Redfield Municipal,1D8,PU,GA,,Basic,0,12,"2,931,111"
South Dakota,Sioux Falls,Joe Foss Field,FSD,PU,P,S,,"655,505",93,"122,904,328"
South Dakota,Sisseton,Sisseton Municipal,8D3,PU,GA,,Basic,0,9,"2,412,573"
South Dakota,Spearfish,Black Hills-Clyde Ice Field,SPF,PU,GA,,Regional,1,80,"20,535,667"
South Dakota,Springfield,Springfield Municipal,Y03,PU,GA,,Basic,0,10,"1,266,667"
South Dakota,Sturgis,Sturgis Municipal,49B,PU,GA,,Local,0,94,"3,656,666"
South Dakota,Tea,Marv Skie-Lincoln County,Y14,PU,GA,,Local,0,69,"6,193,888"
South Dakota,Vermillion,Harold Davidson Field,VMR,PU,GA,,Local,0,15,"4,103,667"
South Dakota,Wagner,Wagner Municipal,AGZ,PU,GA,,Basic,0,12,"2,184,499"
South Dakota,Wall,Wall Municipal,6V4,PU,GA,,Basic,0,11,"5,681,666"
South Dakota,Watertown,Watertown Regional,ATY,PU,P,N,,"15,532",50,"10,007,942"
South Dakota,Webster,The Sigurd Anderson,1D7,PU,GA,,Basic,0,8,"4,510,001"
South Dakota,Wessington Springs,Wessington Springs,4X4,PU,GA,,Basic,0,5,"2,113,001"
South Dakota,Winner,Winner Regional,ICR,PU,GA,,Local,2,17,"2,343,514"
South Dakota,Yankton,Chan Gurney Municipal,YKN,PU,GA,,Local,0,26,"2,542,709"
Tennessee,Alcoa,McGhee Tyson,TYS,PU,P,S,,"1,382,189",164,"90,277,778"
Tennessee,Athens,McMinn County,MMI,PU,GA,,Regional,0,41,"9,340,000"
Tennessee,Bolivar,William L Whitehurst Field,M08,PU,GA,,Basic,5,14,"3,765,000"
Tennessee,Bristol/Johnson/Kingsport,Tri-Cities,TRI,PU,P,N,,"220,977",53,"12,304,224"
Tennessee,Camden,Benton County,0M4,PU,GA,,Local,4,29,"910,000"
Tennessee,Centerville (CCD),Centerville Municipal,GHM,PU,GA,,Local,0,18,"7,580,000"
Tennessee,Chattanooga,Lovell Field,CHA,PU,P,S,,"488,021",100,"20,564,398"
Tennessee,Clarksville,Outlaw Field,CKV,PU,GA,,Regional,8,87,"6,918,948"
Tennessee,Cleveland,Cleveland Regional Jetport,RZR,PU,GA,,Regional,0,69,"920,000"
Tennessee,Clifton,Hassell Field,M29,PU,GA,,Basic,0,10,"964,334"
Tennessee,Columbia/Mount Pleasant,Maury County Regional,MRC,PU,GA,,Regional,4,29,"800,000"
Tennessee,Copperhill,Martin Campbell Field,1A3,PU,GA,,Local,0,24,"1,125,900"
Tennessee,Covington,Covington Municipal,M04,PU,GA,,Local,0,39,"3,995,000"
Tennessee,Crossville,Crossville Memorial-Whitson Field,CSV,PU,GA,,Local,5,40,"1,515,570"
Tennessee,Darden,Beech River Regional,PVE,PU,GA,,Local,0,20,"585,000"
Tennessee,Dayton,Mark Anton,2A0,PU,GA,,Local,0,40,"1,825,000"
Tennessee,Dickson,Dickson Municipal,M02,PU,GA,,Local,1,31,"3,691,000"
Tennessee,Dyersburg,Dyersburg Regional,DYR,PU,GA,,Regional,6,24,"3,188,000"
Tennessee,Elizabethton,Elizabethton Municipal,0A9,PU,GA,,Regional,41,53,"994,000"
Tennessee,Fayetteville,Fayetteville Municipal,FYM,PU,GA,,Local,0,34,"1,090,000"
Tennessee,Gainesboro,Jackson County,1A7,PU,GA,,Local,0,17,"1,650,000"
Tennessee,Gallatin,Music City Exec,XNX,PU,GA,,National,9,96,"14,668,464"
Tennessee,Greeneville,Greeneville Municipal,GCY,PU,GA,,Local,4,78,"12,499,286"
Tennessee,Humboldt,Humboldt Municipal,M53,PU,GA,,Basic,0,13,"6,035,000"
Tennessee,Huntingdon,Carroll County,HZD,PU,GA,,Local,0,22,"1,515,000"
Tennessee,Jacksboro,Colonel Tommy C Stiner Airfield,JAU,PU,GA,,Basic,0,11,"2,280,000"
Tennessee,Jackson,McKellar-Sipes Regional,MKL,PU,CS,,Regional,"3,264",53,"1,435,895"
Tennessee,Jamestown,Jamestown Municipal,2A1,PU,GA,,Basic,0,12,"1,585,000"
Tennessee,Jasper,Marion County/Brown Field,APT,PU,GA,,Local,0,24,"1,515,000"
Tennessee,Knoxville,Knoxville Downtown Island,DKX,PU,R,,Regional,12,163,"5,450,000"
Tennessee,Lafayette,Lafayette Municipal,3M7,PU,GA,,Local,0,27,"2,070,000"
Tennessee,Lawrenceburg,Lawrenceburg-Lawrence County,2M2,PU,GA,,Local,0,32,"11,136,900"
Tennessee,Lebanon,Lebanon Municipal,M54,PU,GA,,Regional,1,184,"7,385,000"
Tennessee,Lewisburg,Ellington,LUG,PU,GA,,Regional,2,50,"1,171,000"
Tennessee,Linden,James Tucker,M15,PU,GA,,Basic,0,10,"900,000"
Tennessee,Livingston,Livingston Municipal,8A3,PU,GA,,Local,0,16,"4,310,000"
Tennessee,Madisonville,Monroe County,MNV,PU,GA,,Local,0,40,"1,646,715"
Tennessee,McMinnville,Warren County Memorial,RNC,PU,GA,,Regional,0,43,"7,670,000"
Tennessee,Memphis,General Dewitt Spain,M01,PU,R,,Regional,0,77,"27,044,444"
Tennessee,Memphis,Memphis International,MEM,PU,P,M,,"2,399,857",65,"182,789,359"
Tennessee,Millington,Charles W Baker,2M8,PU,R,,Regional,0,99,"5,105,000"
Tennessee,Millington,Millington/Memphis,NQA,PU,GA,,Regional,0,64,"1,894,500"
Tennessee,Morristown,Moore-Murrell,MOR,PU,GA,,Regional,0,53,"9,910,898"
Tennessee,Mountain City,Johnson County,6A4,PU,GA,,Local,6,26,"2,975,000"
Tennessee,Murfreesboro,Murfreesboro Municipal,MBT,PU,GA,,Regional,0,123,"5,665,000"
Tennessee,Nashville,Nashville International,BNA,PU,P,L,,"11,227,196",103,"1,394,034,035"
Tennessee,Nashville,John C Tune,JWN,PU,R,,National,530,189,"4,270,000"
Tennessee,Oneida,Scott Municipal,SCX,PU,GA,,Local,0,37,"6,925,555"
Tennessee,Paris,Henry County,PHT,PU,GA,,Local,0,17,"4,217,000"
Tennessee,Portland,Douglas Hunter Field,1M5,PU,GA,,Local,36,22,"7,402,233"
Tennessee,Pulaski,Abernathy Field,GZS,PU,GA,,Local,0,23,"9,597,000"
Tennessee,Ridgewood,Rockwood Municipal,RKW,PU,GA,,Local,0,16,"1,805,000"
Tennessee,Rogersville,Hawkins County,RVN,PU,GA,,Local,0,20,"5,920,000"
Tennessee,Savannah,Savannah-Hardin County,SNH,PU,GA,,Local,0,16,"1,410,000"
Tennessee,Selmer,Robert Sibley,SZY,PU,GA,,Local,0,28,"1,830,015"
Tennessee,Sevierville,Gatlinburg-Pigeon Forge,GKT,PU,GA,,Regional,42,88,"1,768,333"
Tennessee,Sewanee,Franklin County,UOS,PU,GA,,Local,0,15,"6,775,000"
Tennessee,Shelbyville,Bomar Field/Shelbyville Municipal,SYI,PU,GA,,Regional,0,57,"2,747,500"
Tennessee,Smithville,Smithville Municipal,0A3,PU,GA,,Local,0,17,"5,710,000"
Tennessee,Smyrna,Smyrna,MQY,PU,R,,National,"1,364",198,"25,563,298"
Tennessee,Somerville,Fayette County,FYE,PU,GA,,Local,4,53,"6,217,000"
Tennessee,Sparta,Upper Cumberland Regional,SRB,PU,GA,,Local,36,108,"4,933,218"
Tennessee,Springfield,Springfield Robertson County,M91,PU,GA,,Local,31,64,"2,385,000"
Tennessee,Tazewell,New Tazewell Municipal,3A2,PU,GA,,Local,0,16,"1,362,500"
Tennessee,Trenton,Gibson County,TGC,PU,GA,,Local,0,27,"4,285,000"
Tennessee,Tullahoma,Tullahoma Regional/Wm Northern Field,THA,PU,GA,,Regional,6,118,"1,396,000"
Tennessee,Union City,Everett-Stewart Regional,UCY,PU,GA,,Local,8,51,"10,515,000"
Tennessee,Waverly,Humphreys County,0M5,PU,GA,,Local,0,17,"1,917,500"
Tennessee,Winchester,Winchester Municipal,BGF,PU,GA,,Local,30,29,"3,810,000"
Texas,Abilene,Abilene Regional,ABI,PU,P,N,,"79,831",105,"2,222,222"
Texas,Alice,Alice International,ALI,PU,GA,,Basic,34,12,"3,500,000"
Texas,Alpine,Alpine-Casparis Municipal,E38,PU,GA,,Local,2,43,"925,000"
Texas,Amarillo,Rick Husband Amarillo International,AMA,PU,P,N,,"397,983",29,"24,212,556"
Texas,Anahuac,Chambers County,T00,PU,GA,,Local,0,21,"1,500,000"
Texas,Andrews,Andrews County,E11,PU,GA,,Local,0,19,"15,250,000"
Texas,Angleton,Texas Gulf Coast Regional,LBX,PU,R,,Regional,0,99,"4,945,662"
Texas,Arlington,Arlington Municipal,GKY,PU,R,,National,58,197,"12,920,000"
Texas,Aspermont,Stonewall County,T60,PU,GA,,Basic,0,0,"888,889"
Texas,Athens,Athens Municipal,F44,PU,GA,,Local,17,23,"2,935,000"
Texas,Atlanta,Hall-Miller Municipal,ATA,PU,GA,,Local,0,25,"4,917,553"
Texas,Austin,Austin-Bergstrom International,AUS,PU,P,L,,"10,833,443",152,"1,047,269,147"
Texas,Bay City,Bay City Regional,BYY,PU,GA,,Local,0,24,"9,833,333"
Texas,Beaumont,Beaumont Municipal,BMT,PU,GA,,Regional,0,52,"1,125,000"
Texas,Beaumont,Jack Brooks Regional,BPT,PU,P,N,,"32,150",65,"26,374,821"
Texas,Beeville,Beeville Municipal,BEA,PU,GA,,Local,0,20,"888,889"
Texas,Big Spring,Big Spring McMahon-Wrinkle,BPG,PU,GA,,Local,0,33,"3,566,000"
Texas,Bonham,Jones Field,F00,PU,GA,,Local,0,22,"3,885,000"
Texas,Borger,Hutchinson County,BGD,PU,GA,,Local,1,17,"1,700,000"
Texas,Bowie,Bowie Municipal,0F2,PU,GA,,Local,0,28,"1,500,000"
Texas,Brady,Curtis Field,BBD,PU,GA,,Local,2,22,"4,625,000"
Texas,Breckenridge,Stephens County,BKD,PU,GA,,Local,4,16,"2,500,667"
Texas,Brenham,Brenham Municipal,11R,PU,GA,,Regional,0,56,"10,241,553"
Texas,Bridgeport,Bridgeport Municipal,XBP,PU,GA,,Local,0,34,"1,900,000"
Texas,Brownfield,Terry County,BFE,PU,GA,,Local,0,15,"1,090,000"
Texas,Brownsville,Brownsville/South Padre Island International,BRO,PU,P,N,,"176,056",45,"39,507,164"
Texas,Brownwood,Brownwood Regional,BWD,PU,GA,,Regional,4,43,"4,428,800"
Texas,Bryan,Coulter Field,CFD,PU,GA,,Regional,0,77,"37,200,000"
Texas,Burnet,Burnet Municipal/Kate Craddock Field,BMQ,PU,GA,,Local,0,53,"6,100,000"
Texas,Caddo Mills,Caddo Mills Municipal,7F3,PU,GA,,Local,0,27,"10,150,000"
Texas,Cameron,Cameron Municipal Airpark,T35,PU,GA,,Local,0,17,0
Texas,Canadian,Hemphill County,HHF,PU,GA,,Local,0,18,"1,600,000"
Texas,Carrizo Springs,Dimmit County,CZT,PU,GA,,Basic,3,11,"1,760,000"
Texas,Carthage,Panola County-Sharpe Field,4F2,PU,GA,,Local,0,20,"5,780,000"
Texas,Castroville,Castroville Municipal,CVB,PU,GA,,Regional,0,79,"4,280,000"
Texas,Center,Center Municipal,F17,PU,GA,,Local,10,35,"800,000"
Texas,Clarksville,Clarksville/Red River County-J D Trissell Field,LBR,PU,GA,,Local,0,18,"950,000"
Texas,Cleburne,Cleburne Regional,CPT,PU,GA,,Regional,0,117,"12,788,074"
Texas,Cleveland,Cleveland Municipal,6R3,PU,GA,,Local,0,19,"800,000"
Texas,Clifton,Clifton Municipal/Isenhower Field,7F7,PU,GA,,Local,0,15,"888,889"
Texas,Coleman,Coleman Municipal,COM,PU,GA,,Local,0,23,"3,925,000"
Texas,College Station,Easterwood Field,CLL,PU,P,N,,"60,072",41,"10,372,058"
Texas,Comanche,Comanche County-City,MKN,PU,GA,,Local,0,16,"3,547,867"
Texas,Commerce,Commerce Municipal,2F7,PU,GA,,Local,0,16,"888,889"
Texas,Conroe,Conroe/North Houston Regional,CXO,PU,R,,National,54,211,"1,675,000"
Texas,Corpus Christi,Corpus Christi International,CRP,PU,P,N,,"352,215",48,"19,126,740"
Texas,Corsicana,C David Campbell Field-Corsicana Municipal,CRS,PU,GA,,Local,0,60,"3,950,000"
Texas,Cotulla,Cotulla-La Salle County,COT,PU,GA,,Basic,0,11,"2,316,667"
Texas,Crockett,Houston County,DKR,PU,GA,,Local,0,19,"888,889"
Texas,Cuero,Cuero Municipal,T71,PU,GA,,Unclassified,0,1,0
Texas,Dalhart,Dalhart Municipal,DHT,PU,GA,,Local,8,44,"6,888,889"
Texas,Dallas,Dallas Cbd,49T,PU,GA,,Unclassified,0,0,0
Texas,Dallas,Addison,ADS,PU,R,,National,127,576,"46,803,070"
Texas,Dallas,Dallas Love Field,DAL,PU,P,M,,"8,559,029",307,"152,345,517"
Texas,Dallas,Dallas Exec,RBD,PU,R,,National,3,383,"33,402,380"
Texas,Decatur,Decatur Municipal,LUD,PU,GA,,Local,0,36,"4,850,000"
Texas,Del Rio,Del Rio International,DRT,PU,CS,,Regional,"5,320",32,"2,956,189"
Texas,Denton,Denton Enterprise,DTO,PU,R,,National,22,421,"18,510,376"
Texas,Devine,Devine Municipal,23R,PU,GA,,Basic,0,13,"4,266,667"
Texas,Dimmitt,Dimmitt Municipal,T55,PU,GA,,Unclassified,0,2,0
Texas,Dumas,Moore County,DUX,PU,GA,,Basic,0,14,"3,025,000"
Texas,Eagle Lake,Eagle Lake,ELA,PU,GA,,Local,0,17,"1,300,000"
Texas,Eagle Pass,Maverick County Memorial International,5T9,PU,GA,,Basic,0,1,"13,230,000"
Texas,Eastland,Eastland Municipal,ETN,PU,GA,,Local,0,21,"11,426,500"
Texas,Edinburg,South Texas International at Edinburg,EBG,PU,GA,,Local,0,24,"1,750,000"
Texas,Edna,Jackson County,26R,PU,GA,,Local,0,22,"1,666,666"
Texas,El Paso,El Paso International,ELP,PU,P,S,,"2,018,134",199,"91,290,316"
Texas,Ennis,Ennis Municipal,F41,PU,GA,,Basic,0,10,"6,050,000"
Texas,Fabens,Fabens,E35,PU,GA,,Unclassified,0,2,0
Texas,Falfurrias,Brooks County,BKS,PU,GA,,Unclassified,68,2,0
Texas,Floydada,Floydada Municipal,41F,PU,GA,,Local,0,19,"1,994,444"
Texas,Fort Stockton,Fort Stockton-Pecos County,FST,PU,GA,,Local,0,18,"1,446,667"
Texas,Fort Worth,Perot Field/Fort Worth Alliance,AFW,PU,R,,National,"3,020",17,"10,796,676"
Texas,Fort Worth,Dallas-Fort Worth International,DFW,PU,P,L,,"39,246,196",0,"2,343,113,489"
Texas,Fort Worth,Fort Worth Meacham International,FTW,PU,R,,National,"1,812",297,"32,005,334"
Texas,Fort Worth,Fort Worth Spinks,FWS,PU,R,,National,21,279,"7,351,000"
Texas,Fredericksburg,Gillespie County,T82,PU,GA,,Regional,5,104,"4,550,000"
Texas,Gainesville,Gainesville Municipal,GLE,PU,GA,,Regional,0,114,"4,326,100"
Texas,Galveston,Scholes International at Galveston,GLS,PU,R,,Regional,6,120,"7,592,779"
Texas,Garland,Garland/DFW Heloplex,T57,PU,GA,,Basic,0,7,"944,444"
Texas,Gatesville,Gatesville Municipal,GOP,PU,GA,,Local,0,22,"983,333"
Texas,Georgetown,Georgetown Exec,GTU,PU,R,,National,0,328,"4,506,667"
Texas,Giddings,Giddings-Lee County,GYB,PU,GA,,Local,0,33,"2,000,000"
Texas,Gilmer,Fox Stephens Field / Gilmer Municipal,JXI,PU,GA,,Local,0,33,"1,936,667"
Texas,Gladewater,Gladewater Municipal,07F,PU,GA,,Local,0,57,"4,293,000"
Texas,Graham,Graham Municipal,RPH,PU,GA,,Local,0,46,"1,189,272"
Texas,Granbury,Granbury Regional,GDJ,PU,GA,,Local,2,79,"1,245,695"
Texas,Grand Prairie,Grand Prairie Municipal,GPM,PU,R,,Regional,0,294,"6,675,650"
Texas,Grayson (County),North Texas Regional/Perrin Field,GYI,PU,GA,,Regional,4,158,"2,600,000"
Texas,Greenville,Majors,GVT,PU,GA,,Regional,1,43,"54,800,000"
Texas,Gruver,Gruver Municipal,E19,PU,GA,,Basic,0,13,"1,000,000"
Texas,Hamilton,Hamilton Municipal,MNZ,PU,GA,,Basic,0,14,"4,380,000"
Texas,Harlingen,Valley International,HRL,PU,P,S,,"536,510",56,"213,911,111"
Texas,Haskell,Haskell Municipal,15F,PU,GA,,Unclassified,0,5,0
Texas,Hearne,Hearne Municipal,LHB,PU,GA,,Basic,0,9,"2,200,000"
Texas,Hebbronville,Jim Hogg County,HBV,PU,GA,,Basic,2,2,"944,444"
Texas,Henderson,Rusk County,RFI,PU,GA,,Local,0,42,"2,210,000"
Texas,Hereford,Hereford Municipal,HRX,PU,GA,,Local,0,27,"4,595,767"
Texas,Hillsboro,Hillsboro Municipal,INJ,PU,GA,,Local,0,27,"13,521,667"
Texas,Hondo,South Texas Regional at Hondo,HDO,PU,GA,,Local,0,80,"4,548,071"
Texas,Houston,Houston/Southwest,AXH,PR,R,,Regional,0,122,"852,778"
Texas,Houston,David Wayne Hooks Memorial,DWH,PR,R,,Regional,12,92,"3,900,000"
Texas,Houston,Ellington,EFD,PU,R,,National,157,165,"37,460,200"
Texas,Houston,William P Hobby,HOU,PU,P,M,,"6,800,284",207,"307,491,696"
Texas,Houston,George Bush Intcntl/Houston,IAH,PU,P,L,,"22,228,829",48,"51,718,665"
Texas,Houston,West Houston,IWS,PR,R,,Regional,68,270,"1,080,996"
Texas,Houston,Sugar Land Regional,SGR,PU,R,,National,183,158,"34,666,667"
Texas,Huntsville,Huntsville Municipal,UTS,PU,GA,,Regional,0,61,"7,202,778"
Texas,Ingleside,McCampbell-Porter,TFP,PU,GA,,Regional,0,29,"2,200,000"
Texas,Jacksboro,Jacksboro Municipal,21F,PU,GA,,Basic,0,14,"888,889"
Texas,Jacksonville,Cherokee County,JSO,PU,GA,,Regional,0,49,"2,800,000"
Texas,Jasper,Jasper County/Bell Field,JAS,PU,GA,,Basic,0,14,"944,444"
Texas,Junction,Kimble County,JCT,PU,GA,,Local,0,17,"2,846,667"
Texas,Kenedy,Kenedy Regional,2R9,PU,GA,,Basic,0,13,"3,866,666"
Texas,Kerrville,Kerrville Municipal/Louis Schreiner Field,ERV,PU,GA,,National,31,78,"5,850,000"
Texas,Killeen,Robert Gray AAF,GRK,MR,P,N,,"113,701",7,"15,650,615"
Texas,Killeen,Skylark Field,ILE,PU,GA,,Local,2,60,"6,730,000"
Texas,Kingsville,Kleberg County,IKG,PU,GA,,Basic,0,12,"1,800,000"
Texas,Kountze,Hawthorne Field,45R,PU,GA,,Local,0,23,"2,170,000"
Texas,La Grange,Fayette Regional Air Center,3T5,PU,GA,,Local,0,26,"2,083,332"
Texas,La Porte,La Porte Municipal,T41,PU,R,,Local,0,75,"2,780,000"
Texas,Lago Vista,Lago Vista Tx/Rusty Allen,RYW,PU,GA,,Local,0,41,"1,800,000"
Texas,Lamesa,Lamesa Municipal,LUV,PU,GA,,Local,0,31,"4,056,870"
Texas,Lampasas,Lampasas,LZZ,PU,GA,,Local,0,18,"1,666,666"
Texas,Lancaster,Lancaster Regional,LNC,PU,R,,Local,0,66,"10,715,556"
Texas,Laredo,Laredo International,LRD,PU,P,N,,"151,114",62,"823,546"
Texas,Levelland,Levelland Municipal,LLN,PU,GA,,Local,0,31,"2,236,111"
Texas,Liberty,Liberty Municipal,T78,PU,GA,,Local,0,23,"1,000,000"
Texas,Littlefield,Littlefield Taylor Brown Municipal,LIU,PU,GA,,Local,0,17,"13,100,000"
Texas,Livingston,Livingston Municipal,00R,PU,GA,,Basic,0,11,"944,444"
Texas,Llano,Llano Municipal,AQO,PU,GA,,Local,315,33,"4,600,000"
Texas,Lockhart,Lockhart Municipal,50R,PU,GA,,Local,0,34,"1,400,000"
Texas,Longview,East Texas Regional,GGG,PU,P,N,,"32,613",112,"1,000,000"
Texas,Lubbock,Lubbock Preston Smith International,LBB,PU,P,S,,"543,363",156,"74,927,745"
Texas,Lufkin,Angelina County,LFK,PU,GA,,Regional,0,62,"7,324,000"
Texas,Marfa,Marfa Municipal,MRF,PU,GA,,Local,15,24,"5,614,105"
Texas,Marshall,Harrison County,ASL,PU,GA,,Regional,0,44,"1,586,667"
Texas,McAllen,McAllen International,MFE,PU,P,S,,"513,770",125,"101,560,604"
Texas,McKinney,McKinney Ntl,TKI,PU,R,,National,42,210,"227,187,300"
Texas,Memphis,Memphis Municipal,F21,PU,GA,,Unclassified,0,1,0
Texas,Mesquite,Mesquite Metro,HQZ,PU,R,,Regional,5,188,"2,632,500"
Texas,Mexia,Mexia-Limestone County,LXY,PU,GA,,Basic,0,10,"2,790,000"
Texas,Midland,Midland International Air And Space Port,MAF,PU,P,S,,"684,416",98,"26,884,529"
Texas,Midland,Midland Airpark,MDD,PU,GA,,Regional,29,93,"1,880,000"
Texas,Midlothian,Mid-Way Regional,JWY,PU,GA,,Regional,0,88,"9,855,556"
Texas,Mineral Wells,Mineral Wells Regional,MWL,PU,GA,,Local,14,86,"944,444"
Texas,Monahans,Roy Hurd Memorial,E01,PU,GA,,Local,0,25,"7,120,000"
Texas,Morton,Cochran County,F85,PU,GA,,Unclassified,0,2,0
Texas,Mount Pleasant,Mount Pleasant Regional,OSA,PU,GA,,Regional,0,131,"4,575,000"
Texas,Mount Vernon,Franklin County,F53,PU,GA,,Basic,0,13,"1,812,222"
Texas,Muleshoe,Muleshoe Municipal,2T1,PU,GA,,Basic,0,10,"1,880,000"
Texas,Nacogdoches,Nacogdoches A L Mangham Jr Regional,OCH,PU,GA,,Regional,0,57,"37,921,000"
Texas,New Braunfels,New Braunfels Ntl,BAZ,PU,GA,,National,64,156,"9,525,000"
Texas,Odessa,Odessa-Schlemeyer Field,ODO,PU,GA,,Regional,4,133,"3,116,667"
Texas,Olney,Olney Municipal,ONY,PU,GA,,Basic,0,11,"5,611,111"
Texas,Orange,Orange County,ORG,PU,GA,,Local,0,24,"1,350,000"
Texas,Ozona,Ozona Municipal,OZA,PU,GA,,Local,0,18,"3,280,000"
Texas,Palacios,Palacios Municipal,PSX,PU,GA,,Basic,0,13,"1,546,666"
Texas,Palestine,Palestine Municipal,PSN,PU,GA,,Regional,0,34,"7,825,580"
Texas,Pampa,Perry Lefors Field,PPA,PU,GA,,Regional,0,46,"1,866,667"
Texas,Paris,Cox Field,PRX,PU,GA,,Regional,0,65,"2,950,000"
Texas,Pearland,Pearland Regional,LVJ,PR,R,,Regional,3,244,"3,000,000"
Texas,Pecos,Pecos Municipal,PEQ,PU,GA,,Regional,0,14,0
Texas,Perryton,Perryton Ochiltree County,PYX,PU,GA,,Local,0,29,"1,700,000"
Texas,Plainview,Hale County,PVW,PU,GA,,Regional,0,43,"3,000,000"
Texas,Pleasanton,Pleasanton Municipal,PEZ,PU,GA,,Local,0,19,"1,620,000"
Texas,Port Isabel,Port Isabel-Cameron County,PIL,PU,GA,,Local,0,24,"3,391,666"
Texas,Port Lavaca,Calhoun County,PKV,PU,GA,,Local,0,28,"1,600,000"
Texas,Post,Post-Garza County Municipal,5F1,PU,GA,,Local,17,18,"5,077,500"
Texas,Quanah,Quanah Municipal,F01,PU,GA,,Basic,0,13,"1,080,000"
Texas,Refugio,Rooke Field,RFG,PU,GA,,Basic,0,14,"1,625,000"
Texas,Robstown,Nueces County,RBO,PU,GA,,Local,0,35,"2,000,000"
Texas,Rockport,Aransas County,RKP,PU,GA,,Regional,0,46,"1,400,000"
Texas,Rockwall,Ralph M Hall/Rockwall Municipal,F46,PU,GA,,Local,0,66,"5,025,000"
Texas,San Angelo,San Angelo Regional/Mathis Field,SJT,PU,P,N,,"51,865",152,"6,551,961"
Texas,San Antonio,San Antonio International,SAT,PU,P,M,,"5,336,680",233,"502,211,804"
Texas,San Antonio,Kelly Field,SKF,MA,GA,,Regional,757,14,"37,265,926"
Texas,San Antonio,Stinson Municipal,SSF,PU,R,,Local,0,80,"10,814,283"
Texas,San Marcos,San Marcos Regional,HYI,PU,R,,National,0,264,"1,400,000"
Texas,Seminole,Gaines County,GNC,PU,GA,,Basic,0,10,"5,416,500"
Texas,Seymour,Seymour Municipal,60F,PU,GA,,Basic,0,10,"2,657,778"
Texas,Slaton,City of Slaton/Larry T Neal Memorial,F49,PU,GA,,Local,4,47,"2,017,000"
Texas,Smithville,Smithville Crawford Municipal,84R,PU,GA,,Local,0,34,"4,500,000"
Texas,Snyder,Winston Field,SNK,PU,GA,,Local,0,21,"1,641,667"
Texas,Spearman,Major Samuel B Cornelius Field,E42,PU,GA,,Basic,0,14,"2,124,666"
Texas,Stamford,Arledge Field,F56,PU,GA,,Local,0,15,"1,111,111"
Texas,Stephenville,Stephenville Clark Regional,SEP,PU,GA,,Regional,0,34,"3,600,000"
Texas,Sulphur Springs,Sulphur Springs Municipal,SLR,PU,GA,,Regional,0,73,"3,590,000"
Texas,Sweetwater,Avenger Field,SWW,PU,GA,,Local,0,16,"1,866,667"
Texas,Taylor,Taylor Municipal,T74,PU,GA,,Local,0,85,"6,000,000"
Texas,Temple,Draughon-Miller Central Texas Regional,TPL,PU,GA,,Regional,8,122,"3,100,000"
Texas,Terrell,Terrell Municipal,TRL,PU,GA,,Local,1,84,"6,180,000"
Texas,Tulia,City of Tulia/Swisher County Municipal,I06,PU,GA,,Basic,0,7,"1,500,000"
Texas,Tyler,Tyler Pounds Regional,TYR,PU,P,N,,"50,155",111,"35,720,000"
Texas,Uvalde,Garner Field,UVA,PU,GA,,Regional,28,43,"2,045,000"
Texas,Van Horn,Culberson County,VHN,PU,GA,,Basic,0,0,"3,250,000"
Texas,Vega,Oldham County,E52,PU,GA,,Basic,0,11,"3,366,667"
Texas,Vernon,Wilbarger County,F05,PU,GA,,Local,0,29,"944,444"
Texas,Victoria,Victoria Regional,VCT,PU,P,N,,"11,293",53,"65,766,667"
Texas,Waco,Waco Regional,ACT,PU,P,N,,"51,867",74,"10,321,723"
Texas,Waco,TSTC Waco,CNW,PU,GA,,Local,0,20,"9,826,000"
Texas,Waco,McGregor Exec,PWG,PU,GA,,Regional,0,90,"2,250,000"
Texas,Wellington,Marian Airpark,F06,PU,GA,,Unclassified,0,3,0
Texas,Weslaco,Mid Valley,TXW,PU,GA,,Regional,0,35,"12,054,004"
Texas,Wharton,Wharton Regional,ARM,PU,GA,,Local,0,41,"4,100,000"
Texas,Wichita Falls,Kickapoo Downtown,CWC,PU,GA,,Regional,0,99,"888,889"
Texas,Wichita Falls,Sheppard AFB/Wichita Falls Municipal,SPS,MA,P,N,,"25,075",13,"18,265,000"
Texas,Wink,Winkler County,INK,PU,GA,,Local,0,17,"7,465,000"
Texas,Winnie-Stowell (CCD),Chambers County/Winnie Stowell,T90,PU,GA,,Basic,0,14,"944,444"
Texas,Winnsboro,Winnsboro Municipal,F51,PU,GA,,Unclassified,0,7,0
Utah,Beaver,Beaver Municipal,U52,PU,GA,,Basic,0,3,"1,076,907"
Utah,Blanding,Blanding Municipal,BDG,PU,GA,,Local,0,18,"2,383,179"
Utah,Brigham City,Brigham City Regional,BMC,PU,GA,,Local,5,46,"1,694,803"
Utah,Bryce Canyon,Bryce Canyon,BCE,PU,GA,,Basic,10,8,"1,313,031"
Utah,Cedar City,Cedar City Regional,CDC,PU,P,N,,"11,768",117,"13,973,096"
Utah,Delta,Delta Municipal,DTA,PU,GA,,Basic,0,12,"1,495,421"
Utah,Duchesne,Duchesne Municipal,U69,PU,GA,,Basic,0,15,"3,758,550"
Utah,Escalante,Escalante Municipal,1L7,PU,GA,,Basic,0,6,"1,251,241"
Utah,Green River,Green River Municipal,U34,PU,GA,,Basic,0,2,"1,665,933"
Utah,Hanksville,Hanksville,HVE,PU,GA,,Basic,0,2,"1,342,569"
Utah,Heber City,Heber Valley,HCR,PU,GA,,National,551,154,"14,245,116"
Utah,Hurricane,General Dick Stout Field,1L8,PU,GA,,Local,6,32,0
Utah,Kanab,Kanab Municipal,KNB,PU,GA,,Local,539,20,"3,316,571"
Utah,Loa,Wayne Wonderland,38U,PU,GA,,Basic,0,3,"1,673,066"
Utah,Logan,Logan-Cache,LGU,PU,GA,,Regional,"1,778",133,"2,784,216"
Utah,Manti,Manti-Ephraim,41U,PU,GA,,Local,0,15,"1,712,457"
Utah,Milford,Milford Municipal/Ben and Judy Briscoe Field,MLF,PU,GA,,Unclassified,6,3,0
Utah,Moab,Canyonlands Regional,CNY,PU,P,N,,"19,310",44,"17,337,198"
Utah,Monticello,Monticello,U64,PU,GA,,Basic,0,11,"3,984,574"
Utah,Monticello,Cal Black Memorial,U96,PU,GA,,Basic,0,2,"2,642,238"
Utah,Nephi,Nephi Municipal,U14,PU,GA,,Local,0,30,"5,757,105"
Utah,Ogden,Ogden-Hinckley,OGD,PU,GA,,Regional,215,236,"13,878,820"
Utah,Panguitch,Panguitch Municipal,U55,PU,GA,,Basic,3,12,"1,317,776"
Utah,Parowan,Parowan,1L9,PU,GA,,Basic,0,12,"1,520,108"
Utah,Price,Carbon County Regional/Buck Davis Field,PUC,PU,GA,,Basic,0,14,"2,588,899"
Utah,Provo,Provo Municipal,PVU,PU,P,N,,"415,197",111,"28,210,633"
Utah,Richfield,Richfield Municipal,RIF,PU,GA,,Local,0,25,"1,502,814"
Utah,Roosevelt,Roosevelt Municipal,74V,PU,GA,,Local,0,21,"1,877,925"
Utah,Salt Lake City,Salt Lake City International,SLC,PU,P,L,,"12,905,245",337,"173,627,159"
Utah,Salt Lake City,South Valley Regional,U42,PU,R,,Regional,15,159,"1,700,320"
Utah,Spanish Fork,Spanish Fork Municipal/Woodhouse Field,SPK,PU,GA,,Regional,60,271,"2,328,147"
Utah,St. George,St George Regional,SGU,PU,P,N,,"136,411",183,"25,180,038"
Utah,Tooele,Bolinder Field-Tooele Valley,TVY,PU,GA,,Local,0,17,"1,282,136"
Utah,Vernal,Vernal Regional,VEL,PU,P,N,,"13,952",30,"14,500,001"
Utah,Wendover,Wendover,ENV,PU,GA,,Regional,2,15,"1,804,038"
Vermont,Barre,Edward F Knapp State,MPV,PU,GA,,Regional,29,41,"6,172,222"
Vermont,Bennington,William H Morse State,DDH,PU,GA,,Local,32,26,"5,149,868"
Vermont,Burlington,Patrick Leahy Burlington International,BTV,PU,P,S,,"649,491",97,"88,214,290"
Vermont,Lyndonville,Caledonia County,CDA,PU,GA,,Basic,0,13,"14,727,778"
Vermont,Middlebury,Middlebury State,6B0,PU,GA,,Local,5,44,"3,427,778"
Vermont,Morrisville,Morrisville-Stowe State,MVL,PU,GA,,Local,47,22,"9,107,993"
Vermont,Newport,Northeast Kingdom International,EFK,PU,GA,,Local,9,15,"2,100,000"
Vermont,Post Mills,Post Mills,2B9,PR,GA,,Unclassified,0,0,0
Vermont,Rutland,Rutland/Southern Vermont Regional,RUT,PU,CS,,Regional,"5,228",31,"7,911,042"
Vermont,Springfield,Hartness State (Springfield),VSF,PU,GA,,Basic,10,13,"7,031,562"
Vermont,Swanton,Franklin County State,FSO,PU,GA,,Local,0,58,"8,363,333"
Vermont,Warren,Warren-Sugarbush,0B7,PR,GA,,Unclassified,0,0,0
Virginia,Abingdon,Virginia Highlands,VJI,PU,GA,,Regional,34,60,"14,952,422"
Virginia,Arlington,Ronald Reagan Washington Ntl,DCA,PU,P,L,,"12,365,011",0,"1,274,679,136"
Virginia,Ashland,Hanover County Municipal,OFP,PU,GA,,Regional,11,100,"5,578,333"
Virginia,Blacksburg,Virginia Tech/Montgomery Exec,BCB,PU,GA,,Regional,13,42,"9,423,945"
Virginia,Brookneal,Brookneal/Campbell County,0V4,PU,GA,,Unclassified,0,4,0
Virginia,Charlottesville-Albemarle Airport,Charlottesville-Albemarle,CHO,PU,P,N,,"308,462",62,"6,105,340"
Virginia,Chesapeake,Chesapeake Regional,CPK,PU,GA,,Regional,2,118,"7,105,526"
Virginia,Chesapeake,Hampton Roads Exec,PVG,PR,R,,Regional,18,112,"9,085,995"
Virginia,Chesterfield,Richmond Exec/Chesterfield County,FCI,PU,R,,Regional,49,109,"17,362,522"
Virginia,Culpeper,Culpeper Regional,CJR,PU,GA,,Regional,13,161,"13,636,248"
Virginia,Danville,Danville Regional,DAN,PU,GA,,Regional,15,45,"850,000"
Virginia,Dublin,New River Valley,PSK,PU,GA,,Local,4,29,"9,550,000"
Virginia,Dulles,Washington Dulles International,IAD,PU,P,L,,"12,073,427",53,"603,893,103"
Virginia,Farmville,Farmville Regional,FVX,PU,GA,,Basic,4,12,"4,850,150"
Virginia,Front Royal,Front Royal-Warren County,FRR,PU,GA,,Local,6,43,"6,038,878"
Virginia,Halifax,William M Tuck,W78,PU,GA,,Local,0,19,"3,171,111"
Virginia,Highland Springs,Richmond International,RIC,PU,P,M,,"2,399,224",51,"2,014,082"
Virginia,Hillsville,Twin County,HLX,PU,GA,,Local,0,24,"5,604,911"
Virginia,Hot Springs,Ingalls Field,HSP,PU,GA,,Basic,2,3,"966,722"
Virginia,Isle of Wight,Franklin Regional,FKN,PU,GA,,Basic,0,12,"1,630,000"
Virginia,Jonesville,Lee County,0VG,PU,GA,,Basic,0,9,"1,000,000"
Virginia,Leesburg,Leesburg Exec,JYO,PU,R,,National,111,244,"22,747,778"
Virginia,Louisa,Louisa County/Freeman Field,LKU,PU,GA,,Local,9,41,"2,506,334"
Virginia,Luray,Luray Caverns,LUA,PU,GA,,Local,0,32,"2,866,111"
Virginia,Manassas,Manassas Regional/Harry P Davis Field,HEF,PU,R,,National,180,378,"16,029,854"
Virginia,Mattaponi,Middle Peninsula Regional,FYJ,PU,GA,,Local,26,33,"1,544,593"
Virginia,Melfa,Accomack County,MFV,PU,GA,,Local,11,18,"1,263,970"
Virginia,Moonlight,Emporia-Greensville Regional,EMV,PU,GA,,Basic,0,12,"1,365,722"
Virginia,Newport News,Newport News/Williamsburg International,PHF,PU,P,N,,"69,529",137,"24,091,000"
Virginia,Norfolk,Norfolk International,ORF,PU,P,S,,"2,307,887",108,"61,413,186"
Virginia,Orange,Orange County,OMH,PU,GA,,Local,14,34,"3,550,778"
Virginia,Quinton,New Kent County,W96,PU,GA,,Local,0,37,"4,788,079"
Virginia,Richlands,Tazewell County,JFZ,PU,GA,,Basic,0,10,"2,761,869"
Virginia,Roanoke,Roanoke/Blacksburg Regional (Woodrum Field),ROA,PU,P,N,,"345,561",94,"21,000,000"
Virginia,Smyth (County),Mountain Empire,MKJ,PU,GA,,Basic,0,12,"3,839,314"
Virginia,South Hill,Mecklenburg-Brunswick Regional,AVC,PU,GA,,Local,20,30,"3,868,889"
Virginia,Spencer,Blue Ridge,MTV,PU,GA,,Regional,11,39,"5,227,955"
Virginia,Stafford,Stafford Regional,RMN,PU,R,,Local,19,83,"14,520,333"
Virginia,Suffolk,Suffolk Exec,SFQ,PU,GA,,Regional,0,58,"5,674,641"
Virginia,Sutherland,Tri Cities Exec/Dinwiddie County,PTB,PU,GA,,Regional,6,67,"9,393,333"
Virginia,Tangier,Tangier Island,TGI,PU,GA,,Basic,0,0,0
Virginia,Tappahannock,Tappahannock/Essex County,XSA,PU,GA,,Local,0,28,"1,968,889"
Virginia,Timberlake,Lynchburg Regional/Preston Glenn Field,LYH,PU,P,N,,"74,730",90,"14,884,677"
Virginia,Warrenton,Warrenton/Fauquier,HWY,PU,R,,Regional,3,150,"15,409,556"
Virginia,Weyers Cave,Shenandoah Valley Regional,SHD,PU,CS,,Regional,"7,990",72,"5,934,444"
Virginia,Winchester,Winchester Regional,OKV,PU,GA,,Regional,28,110,"16,240,706"
Virginia,Wise,Lonesome Pine,LNP,PU,GA,,Local,0,16,"5,251,111"
Washington,Anacortes,Anacortes,74S,PU,GA,,Local,37,27,"5,086,873"
Washington,Arlington,Arlington Municipal,AWO,PU,GA,,Regional,3,376,"2,527,778"
Washington,Auburn,Auburn Municipal,S50,PU,R,,Regional,0,232,"3,232,778"
Washington,Bellingham,Bellingham International,BLI,PU,P,N,,"311,234",159,"34,417,300"
Washington,Bremerton,Bremerton Ntl,PWT,PU,GA,,Regional,7,102,"4,622,222"
Washington,Brewster,Anderson Field,S97,PU,GA,,Local,0,28,"2,218,778"
Washington,Burlington,Skagit Regional,BVS,PU,GA,,Regional,23,148,"1,482,221"
Washington,Camas,Grove Field,1W1,PU,GA,,Local,0,27,0
Washington,Cashmere,Cashmere-Dryden,8S2,PU,GA,,Local,0,41,"1,979,778"
Washington,Chehalis,Chehalis-Centralia,CLS,PU,GA,,Regional,0,63,"1,833,333"
Washington,Chelan,Lake Chelan,S10,PU,GA,,Local,4,44,"8,834,297"
Washington,Cle Elum,Cle Elum Municipal,S93,PU,GA,,Unclassified,0,1,0
Washington,Colfax,Port of Whitman Business Air Center,S94,PU,GA,,Local,0,27,"898,889"
Washington,Colville,Colville Municipal,63S,PU,GA,,Local,0,30,0
Washington,Davenport,Davenport,68S,PU,GA,,Local,0,17,"2,139,998"
Washington,Deer Park,Deer Park,DEW,PU,GA,,Local,8,122,"2,570,000"
Washington,East Wenatchee,Pangborn Memorial,EAT,PU,P,N,,"27,655",96,"45,295,532"
Washington,Eastsound,Orcas Island,ORS,PU,CS,,Local,"8,089",51,"14,083,334"
Washington,Electric City,Grand Coulee Dam,3W7,PU,GA,,Basic,0,7,"1,417,110"
Washington,Ellensburg,Bowers Field,ELN,PU,GA,,Regional,0,63,"10,986,562"
Washington,Ephrata,Ephrata Municipal,EPH,PU,GA,,Local,0,18,"1,100,000"
Washington,Everett,Seattle Paine Field International,PAE,PU,P,N,,"306,499",552,"56,318,500"
Washington,Friday Harbor,Friday Harbor,FHR,PU,P,N,,"12,709",151,"7,527,778"
Washington,Friday Harbor,Friday Harbor,W33,PU,CS,,Local,"4,080",0,0
Washington,Hoquiam,Bowerman,HQM,PU,GA,,Regional,0,14,"2,733,334"
Washington,Ione,Ione Municipal,S23,PU,GA,,Basic,0,11,"986,111"
Washington,Kelso,Southwest Washington Regional,KLS,PU,GA,,Local,0,76,"3,341,363"
Washington,Kenmore,Kenmore Air Harbor,S60,PR,GA,,Unclassified,"8,766",26,0
Washington,Langley,Whidbey Air Park,W10,PR,GA,,Unclassified,0,7,0
Washington,Lopez,Lopez Island,S31,PU,GA,,Local,786,23,"1,250,000"
Washington,Moses Lake,Grant County International,MWH,PU,GA,,Local,399,42,"29,821,112"
Washington,Ocean Shores,Ocean Shores Municipal,W04,PU,GA,,Basic,0,10,0
Washington,Odessa,Odessa Municipal,43D,PU,GA,,Basic,0,11,"2,302,222"
Washington,Olympia,Olympia Regional,OLM,PU,GA,,Regional,32,137,"5,288,889"
Washington,Omak,Omak,OMK,PU,GA,,Basic,1,7,"5,022,222"
Washington,Oroville,Dorothy Scott International,0S7,PU,GA,,Basic,0,11,"4,811,111"
Washington,Othello,Othello Municipal,S70,PU,GA,,Local,0,25,"1,713,333"
Washington,Packwood,Packwood,55S,PU,GA,,Basic,0,0,"1,485,555"
Washington,Pasco,Tri-Cities,PSC,PU,P,N,,"438,076",121,"35,883,699"
Washington,Port Angeles,William R Fairchild International,CLM,PU,GA,,Regional,321,88,"6,407,228"
Washington,Port Townsend,Jefferson County International,0S9,PU,GA,,Local,48,140,"5,266,666"
Washington,Prosser,Prosser,S40,PU,GA,,Local,0,33,"2,482,446"
Washington,Pullman,Pullman/Moscow Regional,PUW,PU,P,N,,"63,835",70,"8,853,940"
Washington,Puyallup,Pierce County - Thun Field,PLU,PU,GA,,Regional,0,183,"11,278,890"
Washington,Quillayute,Quillayute,UIL,PU,GA,,Basic,0,0,"1,586,666"
Washington,Renton,Renton Municipal,RNT,PU,R,,Regional,"1,855",244,"10,999,557"
Washington,Richland,Richland,RLD,PU,GA,,Regional,0,119,"1,758,889"
Washington,Ritzville,Pru Field,33S,PU,GA,,Unclassified,0,1,0
Washington,Rosalia,Rosalia Municipal,72S,PU,GA,,Unclassified,0,6,0
Washington,Seattle,Boeing Field/King County International,BFI,PU,P,N,,"27,419",383,"69,567,710"
Washington,Seattle,Seattle-Tacoma International,SEA,PU,P,L,,"24,594,202",3,"539,206,029"
Washington,Shelton,Sanderson Field,SHN,PU,GA,,Local,32,75,"1,377,778"
Washington,Snohomish,Harvey Field,S43,PR,R,,Regional,6,192,"15,750,000"
Washington,Spokane,Spokane International,GEG,PU,P,S,,"2,002,283",60,"70,551,183"
Washington,Spokane,Felts Field,SFF,PU,R,,Regional,16,247,"29,103,258"
Washington,Sunnyside,Sunnyside Municipal,1S5,PU,GA,,Basic,0,12,"2,888,889"
Washington,Tacoma,Tacoma Narrows,TIW,PU,GA,,Regional,46,100,"5,086,385"
Washington,Toledo,Ed Carlson Memorial Field/South Lewis County,TDO,PU,GA,,Local,0,43,"1,197,778"
Washington,Vancouver,Pearson Field,VUO,PU,GA,,Regional,28,140,"1,092,777"
Washington,Vashon,Vashon Municipal,2S1,PU,GA,,Local,0,28,0
Washington,Walla Walla,Walla Walla Regional,ALW,PU,P,N,,"26,465",115,"7,258,402"
Washington,Wilbur,Wilbur,2S8,PU,GA,,Local,0,22,"2,344,444"
Washington,Winthrop,Methow Valley State,S52,PU,GA,,Basic,8,7,"1,736,667"
Washington,Yakima,Yakima Air Trml/McAllister Field,YKM,PU,P,N,,"24,044",132,"3,486,872"
West Virginia,Beckley,Raleigh County Memorial,BKW,PU,CS,,Regional,"4,882",31,"7,507,895"
West Virginia,Bluefield,Mercer County,BLF,PU,GA,,Local,0,22,"1,615,802"
West Virginia,Buckhannon,Upshur County Regional,W22,PU,GA,,Basic,0,11,"1,120,207"
West Virginia,Charleston,West Virginia International Yeager,CRW,PU,P,N,,"194,896",50,"20,389,807"
West Virginia,Clarksburg,North Central West Virginia,CKB,PU,P,N,,"42,736",39,"5,472,898"
West Virginia,Elkins,Elkins/Randolph County (Jennings Randolph Field),EKN,PU,GA,,Local,3,28,"1,231,591"
West Virginia,Fairmont,Fairmont Municipal-Frankman Field,4G7,PU,GA,,Local,0,41,"922,935"
West Virginia,Huntington,Tri-State/Milton J Ferguson Field,HTS,PU,P,N,,"88,888",34,"7,333,332"
West Virginia,Lewisburg,Greenbrier Valley,LWB,PU,CS,,Regional,"8,328",18,"4,477,576"
West Virginia,Logan,Logan County,6L4,PU,GA,,Basic,0,13,"3,810,106"
West Virginia,Martinsburg,Eastern WV Regional/Shepherd Field,MRB,PU,R,,Regional,3,90,"8,111,111"
West Virginia,Morgantown,Morgantown Municipal/Walter L Bill Hart Field,MGW,PU,CS,,Regional,"6,842",21,"50,359,467"
West Virginia,Moundsville,Marshall County,MPG,PU,GA,,Basic,0,11,"1,333,389"
West Virginia,Parkersburg,Mid-Ohio Valley Regional,PKB,PU,CS,,Regional,"4,391",51,"3,841,227"
West Virginia,Petersburg,Grant County,W99,PU,GA,,Local,0,15,"3,973,333"
West Virginia,Philippi,Philippi/Barbour County Regional,79D,PU,GA,,Basic,0,10,"1,003,333"
West Virginia,Pineville,Kee Field,I16,PU,GA,,Unclassified,0,4,0
West Virginia,Point Pleasant,Mason County,3I2,PU,GA,,Basic,0,10,0
West Virginia,Ravenswood,Jackson County,I18,PU,GA,,Local,0,27,"1,616,416"
West Virginia,Summersville,Summersville,SXL,PU,GA,,Basic,0,8,0
West Virginia,Sutton,Braxton County,48I,PU,GA,,Basic,0,11,"976,500"
West Virginia,Wheeling,Wheeling Ohio County,HLG,PU,GA,,Regional,10,24,"3,594,445"
West Virginia,Williamson,Southern West Virginia Regional,EBD,PU,GA,,Basic,0,9,"1,674,561"
Wisconsin,Amery,Amery Municipal,AHH,PU,GA,,Local,0,24,"3,591,666"
Wisconsin,Antigo,Langlade County,AIG,PU,GA,,Local,0,20,"5,161,374"
Wisconsin,Appleton,Appleton International,ATW,PU,P,S,,"474,885",74,"84,656"
Wisconsin,Ashland,John F Kennedy Memorial,ASX,PU,GA,,Local,1,26,"4,000,000"
Wisconsin,Baraboo,Baraboo/Wisconsin Dells Regional,DLL,PU,GA,,Regional,0,53,"6,727,223"
Wisconsin,Black River Falls,Black River Falls Area,BCK,PU,GA,,Basic,0,14,"5,029,006"
Wisconsin,Boscobel,Boscobel,OVS,PU,GA,,Local,0,24,"6,517,538"
Wisconsin,Boyceville,Boyceville Municipal,3T3,PU,GA,,Local,0,15,"4,537,223"
Wisconsin,Brookfield,Capitol Drive,02C,PR,R,,Regional,0,116,"4,994,095"
Wisconsin,Burlington,Burlington Municipal,BUU,PU,GA,,Regional,1,104,"3,616,667"
Wisconsin,Cable,Cable Union,3CU,PU,GA,,Basic,20,9,"2,759,140"
Wisconsin,Clintonville,Clintonville Municipal,CLI,PU,GA,,Basic,0,14,"5,898,217"
Wisconsin,Crandon,Crandon/Steve Conway Municipal,Y55,PU,GA,,Basic,0,6,"2,752,005"
Wisconsin,Crivitz,Crivitz Municipal,3D1,PU,GA,,Unclassified,0,0,0
Wisconsin,Cumberland,Cumberland Municipal,UBE,PU,GA,,Local,0,26,"4,433,611"
Wisconsin,Eagle River,Eagle River Union,EGV,PU,GA,,Local,0,41,"6,953,888"
Wisconsin,East Troy,East Troy Municipal,57C,PU,GA,,Local,0,70,"4,820,229"
Wisconsin,Eau Claire,Chippewa Valley Regional,EAU,PU,P,N,,"25,856",90,"10,603,065"
Wisconsin,Ephraim,Ephraim/Gibraltar,3D2,PU,GA,,Local,0,22,"3,306,834"
Wisconsin,Fond du Lac,Fond du Lac County,FLD,PU,GA,,Regional,15,59,"6,946,330"
Wisconsin,Fort Atkinson,Fort Atkinson Municipal,61C,PU,GA,,Local,0,24,"3,433,508"
Wisconsin,Friendship,Adams County Legion Field,63C,PU,GA,,Basic,0,13,"2,897,222"
Wisconsin,Grantsburg,Grantsburg Municipal,GTG,PU,GA,,Basic,0,10,"2,532,290"
Wisconsin,Green Bay,Green Bay/Austin Straubel International,GRB,PU,P,N,,"330,478",100,"19,685,481"
Wisconsin,Hartford,Hartford Municipal,HXF,PU,GA,,Local,0,83,"10,302,369"
Wisconsin,Hayward,Sawyer County,HYR,PU,GA,,Local,13,28,"9,652,222"
Wisconsin,Janesville,Southern Wisconsin Regional,JVL,PU,GA,,National,7,89,"21,628,831"
Wisconsin,Juneau,Dodge County,UNU,PU,GA,,Regional,10,51,"8,116,944"
Wisconsin,Kenosha,Kenosha Regional,ENW,PU,R,,National,24,201,"39,987,697"
Wisconsin,La Crosse,La Crosse Regional,LSE,PU,P,N,,"43,681",62,"58,156,938"
Wisconsin,La Pointe,Major Gilbert Field,4R5,PU,GA,,Basic,0,1,"3,749,401"
Wisconsin,Ladysmith,Rusk County,RCX,PU,GA,,Local,0,18,"4,630,790"
Wisconsin,Lancaster,Lancaster Municipal,73C,PU,GA,,Unclassified,0,7,0
Wisconsin,Land O'Lakes,Kings Land O' Lakes,LNL,PU,GA,,Basic,0,10,"5,953,333"
Wisconsin,Lone Rock,Tri-County Regional,LNR,PU,GA,,Local,0,30,"3,888,889"
Wisconsin,Madison,Dane County Regional/Truax Field,MSN,PU,P,S,,"1,037,973",128,"47,452,095"
Wisconsin,Manitowish Waters,Manitowish Waters,D25,PU,GA,,Local,0,20,"3,442,275"
Wisconsin,Manitowoc,Manitowoc County,MTW,PU,GA,,Local,0,55,"3,856,828"
Wisconsin,Marshfield,Marshfield Municipal,MFI,PU,GA,,Local,2,16,"8,601,667"
Wisconsin,Medford,Taylor County,MDZ,PU,GA,,Local,0,15,"10,574,328"
Wisconsin,Menomonie,Menomonie Municipal/Score Field,LUM,PU,GA,,Local,0,33,"5,150,790"
Wisconsin,Merrill,Merrill Municipal,RRL,PU,GA,,Local,0,44,"6,616,666"
Wisconsin,Middleton,Middleton Municipal/Morey Field,C29,PU,GA,,Regional,2,93,"2,358,333"
Wisconsin,Milwaukee,General Mitchell International,MKE,PU,P,M,,"2,959,810",83,"131,799,951"
Wisconsin,Milwaukee,Lawrence J Timmerman,MWC,PU,R,,Regional,1,90,"11,291,000"
Wisconsin,Mineral Point,Iowa County,MRJ,PU,GA,,Local,0,30,"2,842,573"
Wisconsin,Monroe,Monroe Municipal,EFT,PU,GA,,Regional,5,41,"6,405,556"
Wisconsin,Mosinee,Central Wisconsin,CWA,PU,P,N,,"84,775",26,"16,489,111"
Wisconsin,Neillsville,Neillsville Municipal,VIQ,PU,GA,,Local,0,16,"3,876,624"
Wisconsin,New Holstein,New Holstein Municipal,8D1,PU,GA,,Local,0,21,"6,762,143"
Wisconsin,New Lisbon,Mauston/New Lisbon Union,82C,PU,GA,,Local,0,22,"2,878,898"
Wisconsin,New Richmond,New Richmond Regional,RNH,PU,GA,,Regional,0,230,"4,344,444"
Wisconsin,Oconto,Oconto/J Douglas Bake Municipal,OCQ,PU,GA,,Local,0,19,"3,517,939"
Wisconsin,Osceola,L O Simenstad Municipal,OEO,PU,GA,,Local,0,57,"3,091,814"
Wisconsin,Oshkosh,Wittman Regional,OSH,PU,GA,,National,8,165,"25,859,883"
Wisconsin,Palmyra,Palmyra Municipal,88C,PU,GA,,Local,0,52,"3,173,693"
Wisconsin,Park Falls,Park Falls Municipal,PKF,PU,GA,,Unclassified,0,3,0
Wisconsin,Phillips,Price County,PBH,PU,GA,,Local,0,16,"9,952,846"
Wisconsin,Platteville,Platteville Municipal,PVB,PU,GA,,Local,0,21,"9,015,957"
Wisconsin,Portage,Portage Municipal,C47,PU,GA,,Local,0,23,"12,500,000"
Wisconsin,Prairie du Chien,Prairie Du Chien Municipal,PDC,PU,GA,,Local,0,17,"4,660,526"
Wisconsin,Prairie du Sac,Sauk/Prairie,91C,PR,GA,,Unclassified,0,33,0
Wisconsin,Racine,Batten International,RAC,PR,R,,Regional,3,90,"8,041,015"
Wisconsin,Reedsburg,Reedsburg Municipal,C35,PU,GA,,Local,0,22,"2,723,787"
Wisconsin,Rhinelander,Rhinelander/Oneida County,RHI,PU,P,N,,"20,986",43,"7,849,778"
Wisconsin,Rice Lake,Rice Lake Regional/Carl's Field,RPD,PU,GA,,Local,0,26,"7,580,790"
Wisconsin,Richland Center,Richland,93C,PU,GA,,Basic,0,12,"2,608,889"
Wisconsin,Shawano,Shawano Municipal,EZS,PU,GA,,Local,0,20,"4,813,895"
Wisconsin,Sheboygan,Sheboygan County Memorial,SBM,PU,GA,,Regional,43,63,"9,781,113"
Wisconsin,Shell Lake,Shell Lake Municipal,SSQ,PU,GA,,Basic,0,14,"2,906,114"
Wisconsin,Siren,Burnett County,RZN,PU,GA,,Local,0,23,"3,779,709"
Wisconsin,Solon Springs,Solon Springs Municipal,OLG,PU,GA,,Local,0,18,"4,209,678"
Wisconsin,Sparta,Sparta/Fort McCoy,CMY,MR,GA,,Local,0,24,"12,380,701"
Wisconsin,Stevens Point,Stevens Point Municipal,STE,PU,GA,,Local,0,32,"8,180,233"
Wisconsin,Sturgeon Bay,Door County Cherryland,SUE,PU,GA,,Local,3,47,"9,234,407"
Wisconsin,Superior,Richard I Bong,SUW,PU,GA,,Local,2,51,"15,562,714"
Wisconsin,Tomahawk,Tomahawk Regional,TKV,PU,GA,,Basic,0,14,"6,914,401"
Wisconsin,Viroqua,Viroqua Municipal,Y51,PU,GA,,Local,0,19,"3,911,204"
Wisconsin,Washington Island,Washington Island,2P2,PU,GA,,Basic,0,5,"4,614,334"
Wisconsin,Watertown,Watertown Municipal,RYV,PU,GA,,Regional,0,60,"11,697,750"
Wisconsin,Waukesha,Waukesha County,UES,PU,R,,National,39,210,"49,995,410"
Wisconsin,Waupaca,Waupaca Municipal,PCZ,PU,GA,,Local,0,49,"5,107,304"
Wisconsin,Wausau,Wausau Downtown,AUW,PU,GA,,Regional,3,75,"10,954,679"
Wisconsin,Wautoma,Wautoma Municipal,Y50,PU,GA,,Local,0,38,"4,724,562"
Wisconsin,West Bend,West Bend Municipal,ETB,PU,R,,Regional,1,84,"8,681,901"
Wisconsin,Wisconsin Rapids,Alexander Field South Wood County,ISW,PU,GA,,Local,16,34,"11,720,673"
Wisconsin,Woodruff,Lakeland/Noble F Lee Memorial Field,ARV,PU,GA,,Local,27,57,"4,266,666"
Wyoming,Afton,Afton Municipal,AFO,PU,GA,,Local,0,44,"7,588,889"
Wyoming,Big Piney,Miley Memorial Field,BPI,PU,GA,,Local,0,17,"1,344,445"
Wyoming,Buffalo,Johnson County,BYG,PU,GA,,Local,0,24,"4,222,222"
Wyoming,Casper,Casper/Natrona County International,CPR,PU,P,N,,"87,171",123,"6,660,421"
Wyoming,Cheyenne,Cheyenne Regional/Jerry Olson Field,CYS,PU,P,N,,"13,132",41,"14,434,643"
Wyoming,Cody,Yellowstone Regional,COD,PU,P,N,,"34,711",73,"6,054,972"
Wyoming,Cowley,North Big Horn County,U68,PU,GA,,Basic,0,13,"3,777,778"
Wyoming,Dixon,Dixon,DWX,PU,GA,,Basic,0,9,"1,494,445"
Wyoming,Douglas,Converse County,DGW,PU,GA,,Local,0,32,"1,333,333"
Wyoming,Dubois,Dubois Municipal,DUB,PU,GA,,Local,0,15,"1,577,778"
Wyoming,Evanston,Evanston-Uinta County Burns Field,EVW,PU,GA,,Local,0,24,"1,150,000"
Wyoming,Fort Bridger,Fort Bridger,FBR,PU,GA,,Basic,0,8,"1,640,620"
Wyoming,Gillette,Northeast Wyoming Regional,GCC,PU,P,N,,"26,784",65,"17,580,001"
Wyoming,Greybull,South Big Horn County,GEY,PU,GA,,Local,0,32,"7,498,889"
Wyoming,Hulett,Hulett Municipal,W43,PU,GA,,Basic,6,7,"6,527,778"
Wyoming,Jackson,Jackson Hole,JAC,PU,P,S,,"494,827",20,"81,959,445"
Wyoming,Kemmerer,Kemmerer Municipal,EMM,PU,GA,,Basic,0,3,"6,899,840"
Wyoming,Lander,Hunt Field,LND,PU,GA,,Regional,0,38,"3,722,222"
Wyoming,Laramie,Laramie Regional,LAR,PU,P,N,,"18,094",38,"26,005,262"
Wyoming,Lusk,Lusk Municipal,LSK,PU,GA,,Local,0,15,"3,610,434"
Wyoming,Newcastle,Mondell Field,ECS,PU,GA,,Basic,0,14,"1,511,112"
Wyoming,Pine Bluffs,Pine Bluffs Municipal,82V,PU,GA,,Local,0,15,"6,834,503"
Wyoming,Pinedale,Ralph Wenz Field,PNA,PU,GA,,Local,4,33,"1,394,444"
Wyoming,Powell,Powell Municipal,POY,PU,GA,,Local,1,27,"7,740,000"
Wyoming,Rawlins,Rawlins Municipal/Harvey Field,RWL,PU,GA,,Basic,1,10,"3,409,999"
Wyoming,Riverton,Central Wyoming Regional,RIW,PU,P,N,,"15,350",31,"13,303,333"
Wyoming,Rock Springs,Southwest Wyoming Regional,RKS,PU,P,N,,"16,158",41,"12,586,667"
Wyoming,Saratoga,Shively Field,SAA,PU,GA,,Local,36,20,"1,121,444"
Wyoming,Sheridan,Sheridan County,SHR,PU,P,N,,"26,641",77,"17,101,347"
Wyoming,Thermopolis,Hot Springs County,HSG,PU,GA,,Basic,1,10,"3,899,599"
Wyoming,Torrington,Torrington Municipal,TOR,PU,GA,,Local,0,23,"4,107,494"
Wyoming,Wheatland,Phifer Airfield,EAN,PU,GA,,Local,0,28,"3,719,971"
Wyoming,Worland,Worland Municipal,WRL,PU,GA,,Local,0,22,"2,332,222"
American Samoa,Fitiuta,Fitiuta,FAQ,PU,GA,,Basic,0,0,"4,077,778"
American Samoa,Ofu Village,Ofu,Z08,PU,GA,,Basic,0,0,"300,000"
American Samoa,Pago Pago,Pago Pago International,PPG,PU,P,N,,"43,467",4,"49,626,049"
Guam,Tamuning,Guam International,GUM,PU,P,S,,"860,519",44,"68,286,940"
Pacific Islands,Northern Islands (Municipality),Benjamin Taisacan Manglona International,GRO,PU,P,N,,"11,136",0,"21,949,486"
Pacific Islands,Saipan,Francisco C Ada/Saipan International,GSN,PU,P,N,,"218,374",12,"1,000,000"
Pacific Islands,Shomu-Shon,Pagan Airstrip,TT01,PU,GA,,Basic,0,0,0
Pacific Islands,Tinian (Municipality),Francisco Manglona Borja/Tinian International,TNI,PU,P,N,,"26,143",19,"4,175,061"
Puerto Rico,Aguadilla,Rafael Hernandez,BQN,PU,P,N,,"432,822",37,"71,271,831"
Puerto Rico,Arecibo,Antonio/Nery/Juarbe Pol,ABO,PU,GA,,Local,0,35,"1,063,628"
Puerto Rico,Ceiba,Jose Aponte De La Torre,RVR,PU,P,N,,"19,786",20,"1,943,806"
Puerto Rico,Culebra,Benjamin Rivera Noriega,CPX,PU,P,N,,"18,922",10,"1,000,000"
Puerto Rico,Humacao,Dr Hermenegildo Ortiz Quinones,X63,PU,GA,,Local,0,19,"1,683,333"
Puerto Rico,Mayaguez,Eugenio Maria De Hostos,MAZ,PU,CS,,Regional,"8,224",18,"4,394,736"
Puerto Rico,Ponce,Mercedita,PSE,PU,P,N,,"142,076",19,"26,052,238"
Puerto Rico,San Juan,Fernando Luis Ribas Dominicci,SIG,PU,P,N,,"13,447",170,"27,525,091"
Puerto Rico,San Juan,Luis Munoz Marin International,SJU,PU,P,M,,"5,985,001",96,"160,349,606"
Puerto Rico,Vieques,Antonio Rivera Rodriguez,VQS,PU,P,N,,"28,961",33,"1,250,000"
Virgin Islands,Charlotte Amalie,Cyril E King,STT,PU,P,S,,"705,196",76,"364,369,239"
Virgin Islands,Christiansted,Henry E Rohlsen,STX,PU,P,N,,"235,392",33,"231,657,959"
