0J0,Abbeville Municipal,AL,Abbeville,31.60016778,-85.23882222
EET,Shelby County,AL,Alabaster,33.17781083,-86.78323722
8A0,Albertville Regional/Thomas J Brumlik Field,AL,Albertville,34.22910972,-86.25575806
ALX,Thomas C Russell Field,AL,Alexander City,32.91475167,-85.96295611
AIV,George Downer,AL,Aliceville,33.10706889,-88.19725167
79J,South Alabama Regional at Bill Benton Field,AL,Andalusia,31.30875278,-86.39376083
ANB,Anniston Regional,AL,Anniston,33.58816667,-85.85811111
26A,Ashland/Lineville,AL,Ashland,33.28761417,-85.80412861
0R1,Atmore Municipal,AL,Atmore,31.01621528,-87.44675972
AUO,Auburn University Regional,AL,Auburn,32.61635417,-85.43355944
1R8,Bay Minette Municipal,AL,Bay Minette,30.87046278,-87.81738167
EKY,Bessemer,AL,Bessemer,33.31288444,-86.92591889
BHM,Birmingham-Shuttlesworth International,AL,Birmingham,33.56294306,-86.75354972
12J,Brewton Municipal,AL,Brewton,31.05126306,-87.06796833
09A,Butler/Choctaw County,AL,Butler,32.11931306,-88.1274625
61A,Camden Municipal,AL,Camden,31.97987056,-87.33888056
PYP,Centre-Piedmont-Cherokee County Regional,AL,Centre,None,None
0A8,Bibb County,AL,Centreville,32.93679056,-87.08888306
02A,Chilton County,AL,Clanton,32.85048667,-86.61145333
11A,Clayton Municipal,AL,Clayton,31.88329917,-85.48491361
9A4,Courtland,AL,Courtland,34.65938889,-87.34883333
CMD,Cullman Regional/Folsom Field,AL,Cullman,None,None
4R9,Jeremiah Denton,AL,Dauphin Island,30.26048083,-88.12749972
DCU,Pryor Field Regional,AL,Decatur,34.65264667,-86.94536778
DYA,Demopolis Regional,AL,Demopolis,None,None
DHN,Dothan Regional,AL,Dothan,31.32133917,-85.44962889
14J,Carl Folsom,AL,Elba,31.40988861,-86.08883583
EDN,Enterprise Municipal,AL,Enterprise,31.29972222,-85.89986111
EUF,Weedon Field,AL,Eufaula,31.95131917,-85.128925
GZH,Evergreen Regional/Middleton Field,AL,Evergreen,31.41580111,-87.04404333
CQF,H. L. (Sonny) Callahan,AL,Fairhope,None,None
M95,Richard Arthur Field,AL,Fayette,33.71221972,-87.81504639
0J4,Florala Municipal,AL,Florala,31.04247361,-86.31156111
5R4,Foley Municipal,AL,Foley,30.42769722,-87.70082
4A9,Isbell Field,AL,Fort Payne,34.4728925,-85.72221722
GAD,Northeast Alabama Regional,AL,Gadsden,33.97262528,-86.08900139
33J,Geneva Municipal,AL,Geneva,31.05527778,-85.88033333
7A0,Greensboro Municipal,AL,Greensboro,32.68147222,-87.66208333
PRN,MacCrenshaw Memorial,AL,Greenville,31.84540222,-86.61044583
JKA,Gulf Shores International/Jack Edwards Field,AL,Gulf Shores,30.28951667,-87.67371472
8A1,Guntersville Municipal/Joe Starnes Field,AL,Guntersville,34.39944167,-86.27016111
1M4,Posey Field,AL,Haleyville,34.28034806,-87.60044139
HAB,Marion County-Rankin Fite,AL,Hamilton,34.11757222,-87.99819583
5M0,Hartselle/Morgan County Regional,AL,Hartselle,34.40823444,-86.93295056
HDL,Headland Municipal,AL,Headland,None,None
HSV,Huntsville International-Carl T Jones Field,AL,Huntsville,34.6404475,-86.77310944
MDQ,Huntsville Exec Tom Sharp Jr Field,AL,Huntsville,None,None
4R3,Jackson Municipal,AL,Jackson,31.47210861,-87.89472083
JFX,Walker County-Bevill Field,AL,Jasper,33.90199528,-87.31416639
7A3,Lanett Regional,AL,Lanett,32.81204611,-85.22958111
A08,Vaiden Field,AL,Marion,None,None
BFM,Mobile International,AL,Mobile,30.62646944,-88.06799861
MOB,Mobile Regional,AL,Mobile,30.69141667,-88.24283333
MVC,Monroe County Aeroplex,AL,Monroeville,31.45805306,-87.35104028
MGM,Montgomery Regional (Dannelly Field),AL,Montgomery,32.30064417,-86.39397611
MSL,Northwest Alabama Regional,AL,Muscle Shoals,34.74532028,-87.61023222
20A,Robbins Field,AL,Oneonta,33.97231972,-86.37942722
71J,Ozark/Blackwell Field,AL,Ozark,31.43113889,-85.61922222
PLR,St Clair County,AL,Pell City,33.55883333,-86.24905556
1A9,Prattville/Grouby Field,AL,Prattville,32.438775,-86.51044778
3M8,North Pickens,AL,Reform,33.38900611,-88.00557806
7A5,Roanoke Municipal Enloe,AL,Roanoke,33.12928722,-85.366615
M22,Bill Pugh Field,AL,Russellville,34.44953972,-87.71030833
4A6,Scottsboro Municipal-Word Field,AL,Scottsboro,34.68897278,-86.0058125
SEM,Craig Field,AL,Selma,32.34394667,-86.98780333
2R5,St Elmo,AL,St. Elmo,30.50190833,-88.27511667
SCD,Merkel Field Sylacauga Municipal,AL,Sylacauga,33.17183583,-86.30553778
ASN,Talladega Municipal,AL,Talladega,33.56991111,-86.05085833
TOI,Troy Municipal at N Kenneth Campbell Field,AL,Troy,31.86041667,-86.01213889
TCL,Tuscaloosa Ntl,AL,Tuscaloosa,33.2206275,-87.61140139
06A,Moton Field Municipal,AL,Tuskegee,32.46047167,-85.68003611
07A,Franklin Field,AL,Union Springs,None,None
08A,Wetumpka Municipal,AL,Wetumpka,32.52943944,-86.32822139
ADK,Adak,AK,Adak (Naval) Station/Mitchell Field,51.87796389,-176.6460306
AKK,Akhiok,AK,Akhiok,56.93869083,-154.1825556
Z13,Akiachak,AK,Akiachak,60.90453167,-161.42091
AKI,Akiak,AK,Akiak,60.90481194,-161.2270189
7AK,Akutan,AK,Akutan,None,None
KQA,Akutan,AK,Akutan,54.13246694,-165.7853111
AUK,Alakanuk,AK,Alakanuk,62.68004417,-164.6599253
5A8,Aleknagik /New,AK,Aleknagik,59.28256167,-158.6176725
6A8,Allakaket,AK,Allakaket,66.55194444,-152.6222222
AFM,Ambler,AK,Ambler,67.10610472,-157.8536203
AKP,Anaktuvuk Pass,AK,Anaktuvuk Pass,68.1343225,-151.74168
ANC,Ted Stevens Anchorage International,AK,Anchorage,61.17432028,-149.9961856
LHD,Lake Hood,AK,Anchorage,61.18000361,-149.9719322
MRI,Merrill Field,AK,Anchorage,61.21437861,-149.8461614
AGN,Angoon,AK,Angoon,57.50355528,-134.5850939
ANI,Aniak,AK,Aniak,61.58159694,-159.5430428
ANV,Anvik,AK,Anvik,62.64858333,-160.1898889
ARC,Arctic Village,AK,Arctic Village,68.11608083,-145.5761114
AKA,Atka,AK,Atka,52.22034833,-174.2063503
4A2,Atmautluak,AK,Atmautluak,60.86674556,-162.2731389
ATK,Atqasuk Edward Burnell Sr Memorial,AK,Atqasuk,70.46727611,-157.4357361
BRW,Wiley Post-Will Rogers Memorial,AK,Barrow,71.2854475,-156.7660019
WBQ,Beaver,AK,Beaver,66.36155056,-147.4012186
BET,Bethel,AK,Bethel,60.77977639,-161.8379975
BTT,Bettles,AK,Bettles,66.91528667,-151.5280556
BGQ,Big Lake,AK,Big Lake,61.53556806,-149.8138975
Z91,Birch Creek,AK,Birch Creek,66.27399583,-145.8240381
BCV,Birchwood,AK,Birchwood,61.41612444,-149.50888
BYA,Boundary,AK,Boundary,64.07830278,-141.113375
KTS,Brevig Mission,AK,Brevig Mission,65.33136111,-166.4631667
BVK,Buckland,AK,Buckland,65.98228611,-161.1519778
CEM,Central,AK,Central,65.57380667,-144.7832908
CIK,Chalkyitsik,AK,Chalkyitsik,66.64969083,-143.7359492
5CD,Chandalar Shelf,AK,Chandalar,68.06543944,-149.5797392
WCR,Chandalar Lake,AK,Chandalar,67.50451667,-148.4832222
CFK,Chefornak,AK,Chefornak,60.14922556,-164.2856325
C05,Chenega Bay,AK,Chenega,60.07730556,-147.9918889
VAK,Chevak,AK,Chevak,61.53363583,-165.5837322
CKX,Chicken,AK,Chicken,64.07133833,-141.9522792
AJC,Chignik,AK,Chignik,56.3114625,-158.3732369
KCL,Chignik Lagoon,AK,Chignik Lagoon,56.31116306,-158.5359264
A79,Chignik Lake,AK,Chignik Lake,56.25504722,-158.7753614
CZN,Chisana,AK,Chisana,62.07118972,-142.0483742
CXC,Chitina,AK,Chitina,61.58285917,-144.4270969
9A3,Chuathbaluk,AK,Chuathbaluk,61.58317306,-159.2359667
CRC,Circle City,AK,Circle,65.83049389,-144.0758128
CHP,Circle Hot Springs,AK,Circle Hot Springs,65.48547222,-144.6107836
CLP,Clarks Point,AK,Clarks Point,58.84230472,-158.5452331
Z84,Clear,AK,Clear,64.30120361,-149.1201436
KCC,Coffman Cove,AK,Coffman Cove,56.00324444,-132.8419689
CDB,Cold Bay,AK,Cold Bay,55.20559972,-162.7242628
CXF,Coldfoot,AK,Coldfoot,67.25163417,-150.2065672
CDV,Merle K (Mudhole) Smith,AK,Cordova,60.49183389,-145.4776503
CKU,Cordova Municipal,AK,Cordova,60.54390333,-145.7267042
K29,Council,AK,Council,64.89788278,-163.7034472
CGA,Craig,AK,Craig,55.47883139,-133.1478011
CJX,Crooked Creek,AK,Crooked Creek,61.86902194,-158.1371178
SCC,Deadhorse,AK,Deadhorse,70.19475583,-148.4651608
DEE,Deering,AK,Deering,66.06820583,-162.7666028
DLG,Dillingham,AK,Dillingham,59.0454125,-158.5033389
DM2,Diomede,AK,Diomede,65.75861111,-168.9530556
EAA,Eagle,AK,Eagle,64.77639306,-141.1509206
EEK,Eek,AK,Eek,60.21590417,-162.0056092
EII,Egegik,AK,Egegik,58.18837472,-157.3809872
KEK,Ekwok,AK,Ekwok,59.35399444,-157.4744092
ELV,Elfin Cove,AK,Elfin Cove,58.19518417,-136.3473928
ELI,Elim,AK,Elim,64.61400972,-162.2700681
ENM,Emmonak,AK,Emmonak,62.78518639,-164.4910461
KEB,Nanwalek,AK,English Bay,59.35214833,-151.9251558
EXI,Excursion Inlet,AK,Excursion Inlet,58.42049861,-135.4490328
FAI,Fairbanks International,AK,Fairbanks,64.8136775,-147.8596694
KFP,False Pass,AK,False Pass,54.84744583,-163.4103222
FLT,Flat,AK,Flat,62.45264889,-157.98907
FYU,Fort Yukon,AK,Fort Yukon,66.57149028,-145.2504169
FNR,Funter Bay,AK,Funter (Variant: Funter Bay),58.25438583,-134.8979067
GAL,Edward G Pitka Sr,AK,Galena,64.73617806,-156.9374164
GAM,Gambell,AK,Gambell,63.76676556,-171.7328236
AQY,Girdwood,AK,Girdwood,60.96609583,-149.1257892
GLV,Golovin,AK,Golovin,None,None
GNU,Goodnews,AK,Goodnews Bay,59.11727556,-161.5813967
KGX,Grayling,AK,Grayling,62.89456056,-160.0649042
GKN,Gulkana,AK,Gulkana,62.15488889,-145.4566389
GST,Gustavus,AK,Gustavus,58.42438139,-135.7073814
HNS,Haines,AK,Haines,59.24522806,-135.5221086
HRR,Healy River,AK,Healy,63.86620806,-148.9689842
HYL,Clark Bay,AK,Hollis,55.48158833,-132.6460942
HCA,Holy Cross,AK,Holy Cross,None,None
HOM,Homer,AK,Homer,59.64555556,-151.4765833
HNH,Hoonah,AK,Hoonah,58.09609139,-135.4096975
OOH,Hoonah,AK,Hoonah,58.11215944,-135.451805
HPB,Hooper Bay,AK,Hooper Bay,61.52418306,-166.1467797
5HO,Hope,AK,Hope,60.90415028,-149.6238389
HUS,Hughes,AK,Hughes,66.04112167,-154.2631903
HLA,Huslia,AK,Huslia,None,None
HYG,Hydaburg,AK,Hydaburg,55.20631611,-132.8283131
4Z7,Hyder,AK,Hyder,55.90331972,-130.0067031
IGG,Igiugig,AK,Igiugig,59.32373528,-155.9032733
ILI,Iliamna,AK,Iliamna,59.75380028,-154.9109597
JNU,Juneau International,AK,Juneau,58.35496194,-134.5762764
AFE,Kake,AK,Kake,56.96048139,-133.9082694
KAE,Kake,AK,Kake,56.97299639,-133.9456147
BTI,Barter Island,AK,Kaktovik,70.13390278,-143.5770444
KAL,Kaltag,AK,Kaltag,64.32571917,-158.7441475
5Z5,Kantishna,AK,Kantishna,63.54171472,-150.9939547
KYK,Karluk,AK,Karluk,57.56706389,-154.4503714
KXA,Kasaan,AK,Kasaan,55.53741389,-132.3975144
Z09,Kasigluk,AK,Kasigluk,60.87202194,-162.5248094
ENA,Kenai Municipal,AK,Kenai,60.572,-151.2475278
8K9,Murphys Pullout,AK,Ketchikan,55.38965028,-131.7380742
KTN,Ketchikan International,AK,Ketchikan,55.35556861,-131.71374
IAN,Bob Baker Memorial,AK,Kiana,66.97937611,-160.4358597
KVC,King Cove,AK,King Cove,55.1163475,-162.2662272
AKN,King Salmon,AK,King Salmon,58.67680167,-156.6492175
IIK,Kipnuk,AK,Kipnuk,59.93295111,-164.0305131
KVL,Kivalina,AK,Kivalina,67.73125333,-164.5518019
AKW,Klawock,AK,Klawock,55.57923333,-133.0759972
DCK,Dahl Creek,AK,Kobuk,66.94333806,-156.9046739
OBU,Kobuk,AK,Kobuk,66.90917056,-156.8610575
ADQ,Kodiak,AK,Kodiak,57.74996778,-152.4938553
KDK,Kodiak Municipal,AK,Kodiak,None,None
T44,Trident Basin,AK,Kodiak,57.78083333,-152.3913889
KKB,Kitoi Bay,AK,Kodiak Island (Borough),58.19094611,-152.3704875
9K2,Kokhanok,AK,Kokhanok,59.43264556,-154.8027058
JZZ,Koliganek,AK,Koliganek,59.72664194,-157.2594722
DUY,Kongiganak,AK,Kongiganak,59.95950583,-162.8817231
2A9,Kotlik,AK,Kotlik,63.03116111,-163.5299278
OTZ,Ralph Wien Memorial,AK,Kotzebue,66.88467694,-162.5985497
KKA,Koyuk Alfred Adams,AK,Koyuk,64.93404056,-161.158145
KYU,Koyukuk,AK,Koyukuk,64.87714278,-157.7158358
KWT,Kwethluk,AK,Kwethluk,60.80425194,-161.44535
GGV,Kwigillingok,AK,Kwigillingok,None,None
Z55,Lake Louise,AK,Lake Louise,62.29368944,-146.5794219
MHM,Minchumina,AK,Lake Minchumina,63.880565,-152.3006756
2A3,Larsen Bay,AK,Larsen Bay,57.53510667,-153.9784169
9Z8,Levelock,AK,Levelock,None,None
2AK,Lime Village,AK,Lime Village,61.35848528,-155.4403508
MLY,Manley Hot Springs,AK,Manley Hot Springs,64.99756472,-150.6441297
MBA,Manokotak,AK,Manokotak,None,None
MDM,Marshall Don Hunter Sr,AK,Marshall,None,None
Z40,Goose Bay,AK,Matanuska-Susitna (Borough),61.39445139,-149.8455556
MYK,May Creek,AK,May Creek,61.33567417,-142.686775
15Z,McCarthy,AK,McCarthy,61.43706083,-142.9037372
MCG,McGrath,AK,McGrath,62.95287361,-155.6057625
MYU,Mekoryuk,AK,Mekoryuk,60.37142,-166.2706083
MTM,Metlakatla,AK,Metlakatla,55.13104528,-131.5780675
51Z,Minto Al Wright,AK,Minto,65.14370889,-149.3699647
MOU,Mountain Village,AK,Mountain Village,62.09536222,-163.6820594
5NK,Naknek,AK,Naknek,58.73288056,-157.0199197
WNA,Napakiak,AK,Napakiak,60.69118917,-161.9695161
PKA,Napaskiak,AK,Napaskiak,60.70369056,-161.7767367
OUL,Nelson Lagoon,AK,Nelson Lagoon,None,None
ENN,Nenana Municipal,AK,Nenana,64.54898167,-149.0735053
KNW,New Stuyahok,AK,New Stuyahok,59.44955333,-157.3271908
EWU,Mertarvik,AK,Newtok,60.93865417,-164.6412147
IGT,Nightmute,AK,Nightmute,60.47032722,-164.6856414
FSP,Nikolai,AK,Nikolai,None,None
WTK,Noatak,AK,Noatak,67.56208333,-162.9752778
OME,Nome,AK,Nome,64.51220222,-165.4452458
5NN,Nondalton,AK,Nondalton,59.97904306,-154.8396944
D76,Robert /Bob/ Curtis Memorial,AK,Noorvik,None,None
GBH,Galbraith Lake,AK,North Slope (Borough),68.47906306,-149.4900214
96Z,Whale Pass Seaplane Float Harbor Facility,AK,North Whale Pass,56.11631056,-133.1217153
ORT,Northway,AK,Northway,62.96133361,-141.9291369
AQT,Nuiqsut,AK,Nuiqsut,70.20995278,-151.0055611
NUL,Nulato,AK,Nulato,64.72981944,-158.0731889
16A,Nunapitchuk,AK,Nunapitchuk,60.90582833,-162.4391158
6R7,Old Harbor,AK,Old Harbor,57.21810306,-153.2697494
Z17,Ophir,AK,Ophir,63.1460375,-156.529865
4K5,Ouzinkie,AK,Ouzinkie,57.92287611,-152.5005111
PAQ,Warren "Bud" Woods Palmer Municipal,AK,Palmer,61.59474194,-149.0888242
4K0,Pedro Bay,AK,Pedro Bay,59.78960972,-154.1238331
PEC,Pelican,AK,Pelican,57.95517222,-136.2362733
PEV,Perryville,AK,Perryville,None,None
63A,Lloyd R Roundtree Seaplane Facility,AK,Petersburg,56.81131972,-132.9600567
PSG,Petersburg James A Johnson,AK,Petersburg,56.80165194,-132.9452781
PNP,Pilot Point,AK,Pilot Point,57.58038056,-157.5674444
0AK,Pilot Station,AK,Pilot Station,61.93396417,-162.8929358
PTU,Platinum,AK,Platinum,59.01135611,-161.8196661
KPB,Point Baker,AK,Point Baker,56.35185972,-133.6225864
PHO,Point Hope,AK,Point Hope,68.34877417,-166.7993086
PIZ,Point Lay LRRS,AK,Point Lay,69.732875,-163.0053417
AHP,Port Alexander,AK,Port Alexander,56.24684222,-134.6481539
PGM,Port Graham,AK,Port Graham,59.34825944,-151.8315389
PTH,Port Heiden,AK,Port Heiden,56.95943333,-158.6318208
ORI,Port Lions,AK,Port Lions,57.8853775,-152.8461011
19P,Port Protection,AK,Port Protection,56.32880417,-133.6100844
A14,Portage Creek,AK,Portage Creek,58.906485,-157.7141078
AQH,Quinhagak,AK,Quinhagak,59.75700722,-161.8794789
RMP,Rampart,AK,Rampart,65.50786222,-150.1428047
RDV,Red Devil,AK,Red Devil,61.78764333,-157.3479344
RBY,Ruby,AK,Ruby,64.72721556,-155.4698886
RSH,Russian Mission,AK,Russian Mission,61.77967583,-161.3194772
KSM,St Mary's,AK,Saint Mary's,62.06048639,-163.3021108
SMK,St Michael,AK,Saint Michael,None,None
SNP,St Paul Island,AK,Saint Paul Island,57.16733333,-170.2204444
SDP,Sand Point,AK,Sand Point,55.31502778,-160.5176944
SVA,Savoonga,AK,Savoonga,63.68639444,-170.4926361
SCM,Scammon Bay,AK,Scammon Bay,61.84454111,-165.5737492
WLK,Selawik,AK,Selawik,66.60002778,-159.9861944
SOV,Seldovia,AK,Seldovia,59.44243917,-151.7040503
SWD,Seward,AK,Seward,60.12693833,-149.4188122
SHX,Shageluk,AK,Shageluk,62.69511944,-159.5690614
2C7,Shaktoolik,AK,Shaktoolik,None,None
SXP,Nunam Iqua,AK,Sheldon Point,62.52055556,-164.8477778
SHH,Shishmaref,AK,Shishmaref,66.24956861,-166.0895589
SHG,Shungnak,AK,Shungnak,66.88916556,-157.1505119
A29,Sitka,AK,Sitka,57.05213778,-135.3462086
SIT,Sitka Rocky Gutierrez,AK,Sitka,57.04713806,-135.3615983
SGY,Skagway,AK,Skagway,59.46006194,-135.3156636
SKW,Skwentna,AK,Skwentna,61.965295,-151.1913661
SLQ,Sleetmute,AK,Sleetmute,61.70931139,-157.1557008
SXQ,Soldotna,AK,Soldotna,60.47613889,-151.0324444
WSN,South Naknek Nr 2,AK,South Naknek,58.70343611,-157.0082511
PBV,St George,AK,St. George,56.57735278,-169.6637361
WBB,Stebbins,AK,Stebbins,63.51591972,-162.2827394
SVS,Stevens Village,AK,Stevens Village,66.00900528,-149.0959153
SRV,Stony River 2,AK,Stony River,61.789875,-156.5881861
TCT,Takotna,AK,Takotna,62.99270417,-156.0681903
TKA,Talkeetna,AK,Talkeetna,62.3205,-150.0936944
TAL,Ralph M Calhoun Memorial,AK,Tanana,65.17439528,-152.1093886
7KA,Tatitlek,AK,Tatitlek,60.86890528,-146.6864653
2K5,Telida,AK,Telida,63.39387278,-153.2689733
TER,Teller,AK,Teller,None,None
TKE,Tenakee,AK,Tenakee Springs,57.77965833,-135.2184439
3T4,Tetlin,AK,Tetlin,None,None
KTB,Thorne Bay,AK,Thorne Bay,55.68796194,-132.5366758
TOG,Togiak,AK,Togiak,59.05284222,-160.3969339
6K8,Tok Junction,AK,Tok,63.32881806,-142.9536194
OOK,Toksook Bay,AK,Toksook Bay,60.53337639,-165.1139636
TLT,Tuluksak,AK,Tuluksak,61.09676222,-160.9684167
A61,Tuntutuliak,AK,Tuntutuliak,60.33534556,-162.6670094
4KA,Tununak,AK,Tununak,60.57559667,-165.2731272
A63,Twin Hills,AK,Twin Hills,59.07562167,-160.2730436
9A8,Ugashik,AK,Ugashik,57.5278675,-157.3993056
UNK,Unalakleet,AK,Unalakleet,63.88835917,-160.7989517
DUT,Unalaska,AK,Unalaska,53.90013889,-166.5435
KLG,Kalskag,AK,Upper Kalskag (native name: Kalskag),61.53627389,-160.3413306
VDZ,Valdez Pioneer Field,AK,Valdez,61.13395028,-146.24836
VEE,Venetie,AK,Venetie,67.02269444,-146.4137753
AWI,Wainwright,AK,Wainwright,70.638,-159.99475
IWK,Wales,AK,Wales,65.62394028,-168.0991719
IYS,Wasilla,AK,Wasilla,61.57196083,-149.5405556
WMO,White Mountain,AK,White Mountain,64.68919444,-163.4125556
IEM,Whittier,AK,Whittier,60.7772125,-148.7215775
UUO,Willow,AK,Willow,61.75441667,-150.0516639
68A,Wrangell,AK,Wrangell,56.466325,-132.3800181
WRG,Wrangell,AK,Wrangell,56.48432583,-132.3698242
2Y3,Yakutat,AK,Yakutat,59.5624775,-139.7410994
YAK,Yakutat,AK,Yakutat,59.50336056,-139.6602261
FLG,Flagstaff Pulliam,AZ,- Flagstaff,35.13845472,-111.6712183
P01,Eric Marcus Municipal,AZ,Ajo,32.45005694,-112.8673778
E51,Bagdad,AZ,Bagdad,34.59585278,-113.170195
E95,Benson Municipal/Paul Kerchum Field,AZ,Benson,31.99972222,-110.3572222
P04,Bisbee Municipal,AZ,Bisbee,31.36399028,-109.8831286
BXK,Buckeye Municipal,AZ,Buckeye,33.42088556,-112.6863
IFP,Laughlin/Bullhead International,AZ,Bullhead City,35.15738889,-114.5595278
CGZ,Casa Grande Municipal,AZ,Casa Grande,32.95488889,-111.7668333
CHD,Chandler Municipal,AZ,Chandler,33.26908333,-111.8111389
E91,Chinle Municipal,AZ,Chinle,36.11088056,-109.5754222
Z95,Cibecue,AZ,Cibecue,34.00333333,-110.4441667
CFT,Greenlee County,AZ,Clifton,32.95284306,-109.2103453
AZC,Colorado City Municipal,AZ,Colorado City,36.95994444,-113.0138889
P08,Coolidge Municipal,AZ,Coolidge,32.93594444,-111.4265278
P52,Cottonwood,AZ,Cottonwood,34.73002111,-112.0351569
DUG,Bisbee Douglas International,AZ,Douglas,31.46902778,-109.6036667
E60,Eloy Municipal,AZ,Eloy,32.80700583,-111.58679
FHU,Sierra Vista Municipal-Libby AAF,AZ,Fort Huachuca,31.58847222,-110.3443889
E63,Gila Bend Municipal,AZ,Gila Bend,32.95810083,-112.6782181
GEU,Glendale Municipal,AZ,Glendale,33.52726278,-112.2951564
P13,San Carlos Apache,AZ,Globe,33.35314722,-110.6673611
GYR,Phoenix Goodyear,AZ,Goodyear,33.42281972,-112.3759919
GCN,Grand Canyon Ntl Park,AZ,Grand Canyon,35.95235389,-112.1469647
P14,Holbrook Municipal,AZ,Holbrook,34.93891389,-110.1395656
0V7,Kayenta,AZ,Kayenta,36.70972139,-110.2367978
IGM,Kingman,AZ,Kingman,35.25947222,-113.9380556
HII,Lake Havasu City,AZ,Lake Havasu City,34.56816056,-114.3561783
AVQ,Marana Regional,AZ,Marana,32.40939028,-111.2185086
A39,Ak-Chin Regional,AZ,Maricopa,None,None
FFZ,Falcon Field,AZ,Mesa,33.46083333,-111.7283333
IWA,Phoenix-Mesa Gateway,AZ,Mesa,33.30783333,-111.6554722
OLS,Nogales International,AZ,Nogales,31.41772222,-110.8478889
PGA,Page Municipal,AZ,Page,36.92611111,-111.4483611
P20,Avi Suquilla,AZ,Parker,34.15063889,-114.2712222
PAN,Payson,AZ,Payson,34.25683639,-111.3392558
1G4,Grand Canyon West,AZ,Peach Springs,35.99221,-113.8166164
DVT,Phoenix Deer Valley,AZ,Phoenix,33.68831667,-112.0825614
PHX,Phoenix Sky Harbor International,AZ,Phoenix,33.43416667,-112.0080556
MZJ,Pinal Airpark,AZ,Pinal (County),32.50984389,-111.3253339
P10,Polacca,AZ,Polacca,None,None
PRC,Prescott Regional - Ernest A Love Field,AZ,Prescott,34.65447222,-112.4195833
SAD,Safford Regional,AZ,Safford,32.85331278,-109.6349708
SJN,St Johns Industrial Air Park,AZ,Saint Johns,34.51855556,-109.37875
E77,San Manuel,AZ,San Manuel,None,None
SDL,Scottsdale,AZ,Scottsdale,33.622875,-111.9105333
SEZ,Sedona,AZ,Sedona,34.84862889,-111.7884614
SOW,Show Low Regional,AZ,Show Low,34.26527194,-110.0054075
JTC,Springerville Municipal,AZ,Springerville,None,None
TYL,Taylor,AZ,Taylor,34.45283333,-110.1148056
T03,Tuba City,AZ,Tuba City,36.09276972,-111.3826419
RYN,Ryan Field,AZ,Tucson,32.14308333,-111.1728611
TUS,Tucson International,AZ,Tucson,32.11608333,-110.9410278
E24,Whiteriver,AZ,Whiteriver,33.81255056,-109.9867658
E25,Wickenburg Municipal,AZ,Wickenburg,33.96891833,-112.7985128
P33,Cochise County,AZ,Willcox,32.24540278,-109.8946319
CMR,H A Clark Memorial Field,AZ,Williams,None,None
RQE,Window Rock,AZ,Window Rock,35.65205556,-109.0673889
INW,Winslow-Lindbergh Regional,AZ,Winslow,35.02191667,-110.7225278
NYL,Yuma MCAS/Yuma International,AZ,Yuma,None,None
M73,Almyra Municipal,AR,Almyra,34.41232833,-91.46634722
ADF,Dexter B Florence Memorial Field,AR,Arkadelphia,None,None
CVK,Sharp County Regional,AR,Ash Flat,36.26487139,-91.56264111
M60,Woodruff County,AR,Augusta,35.27175278,-91.27040417
BVX,Batesville Regional,AR,Batesville,35.726105,-91.64736083
SUZ,Saline County Regional,AR,Benton,None,None
VBT,Bentonville Municipal/Louise M Thaden Field,AR,Bentonville,36.34571528,-94.219345
XNA,Northwest Arkansas Ntl,AR,Bentonville,36.28186944,-94.30681111
4M1,Carroll County,AR,Berryville,36.38340333,-93.61685667
BYH,Arkansas International,AR,Blytheville,None,None
HKA,Blytheville Municipal,AR,Blytheville,35.94040667,-89.83080583
M36,Frank Federer Memorial,AR,Brinkley,34.88000194,-91.1764375
37T,Calico Rock-Izard County,AR,Calico Rock,36.16565278,-92.14523611
CDH,Harrell Field,AR,Camden,33.62279917,-92.76339528
4M3,Carlisle Municipal,AR,Carlisle,34.80823,-91.71205083
4M8,Clarendon Municipal,AR,Clarendon,34.64870694,-91.39457111
H35,Clarksville Municipal,AR,Clarksville,35.47069417,-93.427155
CCA,Clinton Municipal,AR,Clinton,None,None
DRP,Delta Regional,AR,Colt,None,None
CXW,Conway Regional,AR,Conway,None,None
4M9,Corning Municipal,AR,Corning,36.40423139,-90.64792639
CRT,Z M Jack Stell Field,AR,Crossett,33.17833278,-91.88018806
32A,Danville Municipal,AR,Danville,None,None
DEQ,J Lynn Helms Sevier County,AR,De Queen,34.04699556,-94.39936556
5M1,Dewitt Municipal/Whitcomb Field,AR,De Witt,34.2626,-91.30984194
0M0,Billy Free Municipal,AR,Dumas,33.8845475,-91.53429111
ELD,South Arkansas Regional at Goodwin Field,AR,El Dorado,33.2208625,-92.81325167
FYV,Drake Field,AR,Fayetteville,36.00509472,-94.17005694
FLP,Marion County Regional,AR,Flippin,36.29087528,-92.59023417
5M4,Fordyce Municipal,AR,Fordyce,33.84593722,-92.36542861
FSM,Fort Smith Regional (Ebbing Field Angb),AR,Fort Smith,35.33659028,-94.36744111
HRO,Boone County,AR,Harrison,36.26152056,-93.15472889
HBZ,Heber Springs Municipal,AR,Heber Springs,35.51169389,-92.01300944
M18,Hope Municipal,AR,Hope,33.72008889,-93.65884556
6M2,Horseshoe Bend,AR,Horseshoe Bend,36.21673389,-91.75014556
HOT,Memorial Field,AR,Hot Springs,34.47803389,-93.09620833
JBR,Jonesboro Municipal,AR,Jonesboro,35.83186111,-90.64616667
M32,Lake Village Municipal,AR,Lake Village,33.3459775,-91.31569833
LIT,Bill and Hillary Clinton Ntl/Adams Field,AR,Little Rock,34.72939611,-92.22424556
AGO,Ralph C Weiser Field,AR,Magnolia,33.22802111,-93.21696861
M78,Malvern Municipal,AR,Malvern,34.33331583,-92.76149944
MXA,Manila Municipal,AR,Manila,35.89444444,-90.15456944
6M7,Marianna/Lee County-Steve Edwards Field,AR,Marianna,34.78027778,-90.81055556
6M8,Marked Tree Municipal,AR,Marked Tree,35.53341472,-90.40149028
4A5,Searcy County,AR,Marshall,35.89893667,-92.65588611
7M1,McGehee Municipal,AR,McGehee,33.62022111,-91.36484056
42A,Melbourne Municipal - John E Miller Field,AR,Melbourne,36.07079222,-91.82914667
MEZ,Mena Intermountain Municipal,AR,Mena,None,None
LLQ,Monticello Municipal/Ellis Field,AR,Monticello,33.6385525,-91.75101833
BDQ,Morrilton Municipal,AR,Morrilton,35.13619528,-92.71349722
MPJ,Petit Jean Park,AR,Morrilton,35.13886306,-92.90919694
7M3,Bearce,AR,Mount Ida,34.52926056,-93.52713472
BPK,Baxter County,AR,Mountain Home,36.36894194,-92.47052806
M77,Howard County,AR,Nashville,33.99673833,-93.83813583
M19,Newport Regional,AR,Newport,35.63771778,-91.17637556
ORK,North Little Rock Municipal,AR,North Little Rock,None,None
7M4,Osceola Municipal,AR,Osceola,35.69114639,-90.01012028
7M5,Ozark/Franklin County,AR,Ozark,35.51069583,-93.8393075
PGR,Kirk Field,AR,Paragould,36.06352944,-90.50986028
7M6,Paris Municipal,AR,Paris,None,None
7M7,Piggott Municipal,AR,Piggott,36.37820556,-90.16624167
PBF,Pinebluff Regional/Grider Field,AR,Pine Bluff,34.17498722,-91.93472028
M70,Pocahontas Municipal,AR,Pocahontas,36.24551111,-90.95520444
ROG,Rogers Exec - Carter Field,AR,Rogers,36.37229667,-94.10686972
RUE,Russellville Regional,AR,Russellville,35.25914667,-93.09326611
SRC,Searcy Regional,AR,Searcy,35.21194639,-91.737165
9M8,Sheridan-Grant County Regional,AR,Sheridan,34.32842917,-92.35098583
SLG,Smith Field,AR,Siloam Springs,36.19060778,-94.49088306
ASG,Springdale Municipal,AR,Springdale,36.17641056,-94.11925833
TXK,Texarkana Regional-Webb Field,AR,Texarkana,33.45370806,-93.99102
SGT,Stuttgart Municipal Carl Humphrey Field,AR,Ulm,34.60054,-91.57457417
M27,Waldron Municipal,AR,Waldron,34.87509944,-94.10993056
ARG,Walnut Ridge Regional,AR,Walnut Ridge,36.12534667,-90.92461944
3M9,Warren Municipal,AR,Warren,33.56044333,-92.08538861
HEE,Thompson-Robbins,AR,West Helena,34.57648972,-90.67588639
AWM,West Memphis Municipal,AR,West Memphis,35.13505861,-90.23444639
AAT,Alturas Municipal,CA,Alturas,41.483,-120.5653611
O81,Tulelake Municipal,CA,Alturas,41.88738,-121.3594331
APV,Apple Valley,CA,Apple Valley,34.57528944,-117.1861792
ACV,California Redwood Coast-Humboldt County,CA,Arcata,40.97811528,-124.1086189
MER,Castle,CA,Atwater,37.38048056,-120.5681889
AUN,Auburn Municipal,CA,Auburn,38.95476944,-121.0820806
BFL,Meadows Field,CA,Bakersfield,35.43359806,-119.0567681
L45,Bakersfield Municipal,CA,Bakersfield,35.32483333,-118.9958333
BNG,Banning Municipal,CA,Banning,33.92307111,-116.8505756
O02,Nervino,CA,Beckwourth,39.82073556,-120.3543767
L35,Big Bear City,CA,Big Bear City,34.26361944,-116.854475
BIH,Bishop,CA,Bishop,37.37309556,-118.3636089
BLH,Blythe,CA,Blythe,33.61916278,-114.7168764
D83,Boonville,CA,Boonville,None,None
L08,Borrego Valley,CA,Borrego Springs,33.25902778,-116.3209722
BWC,Brawley Municipal,CA,Brawley,32.9931,-115.5169325
O57,Bryant Field,CA,Bridgeport,38.26241917,-119.2257094
BUR,Bob Hope,CA,Burbank,34.20061917,-118.3584969
C83,Byron,CA,Byron,37.8284525,-121.6258219
CXL,Calexico International,CA,Calexico,32.66950333,-115.5133281
L71,California City Municipal,CA,California City,35.15125306,-118.0166667
CMA,Camarillo,CA,Camarillo,34.21375472,-119.0943264
O61,Cameron Park,CA,Cameron Park,38.68407028,-120.9871642
CRQ,McClellan-Palomar,CA,Carlsbad,33.12822222,-117.2802222
O59,Cedarville,CA,Cedarville,41.55267139,-120.1663339
O05,Rogers Field,CA,Chester,40.28235278,-121.2411683
CIC,Chico Regional,CA,Chico,39.79538278,-121.8584231
CNO,Chino,CA,Chino,33.97469444,-117.6366111
2O6,Chowchilla,CA,Chowchilla,37.11244417,-120.2468406
O60,Cloverdale Municipal,CA,Cloverdale,38.7743525,-122.9922217
C80,New Coalinga Municipal,CA,Coalinga,36.16313889,-120.2938139
O22,Columbia,CA,Columbia,38.03042306,-120.4145556
O08,Colusa County,CA,Colusa,39.17903,-121.9933611
CPM,Compton/Woodley,CA,Compton,33.89001611,-118.2436831
CCR,Buchanan Field,CA,Concord,37.98965639,-122.0568972
0O4,Corning Municipal,CA,Corning,39.94376806,-122.1713781
AJO,Corona Municipal,CA,Corona,33.89765389,-117.60244
O09,Round Valley,CA,Covelo,39.79015444,-123.2664025
CEC,Jack McNamara Field,CA,Crescent City,41.78015722,-124.2365333
DAG,Barstow-Daggett,CA,Daggett,34.85371333,-116.7866875
DWA,Yolo County,CA,Davis,None,None
EDU,University,CA,Davis,None,None
DLO,Delano Municipal,CA,Delano,35.74558056,-119.2365039
A32,Butte Valley,CA,Dorris,41.88709222,-121.9755614
1O6,Dunsmuir Municipal-Mott,CA,Dunsmuir,41.26320889,-122.2719528
EMT,San Gabriel Valley,CA,El Monte,34.08600889,-118.0348453
EKA,Murray Field,CA,Eureka,40.80338889,-124.1127917
O19,Kneeland,CA,Eureka,40.7193,-123.9275531
O89,Fall River Mills,CA,Fall River Mills,41.01877417,-121.4333136
L18,Fallbrook Community Airpark,CA,Fallbrook,33.35419806,-117.2508686
F34,Firebaugh,CA,Firebaugh,None,None
A30,Scott Valley,CA,Fort Jones,41.55819444,-122.8553103
FOT,Rohnerville,CA,Fortuna,40.55393583,-124.1326589
F72,Franklin Field,CA,Franklin,None,None
FAT,Fresno Yosemite International,CA,Fresno,36.77619444,-119.7181389
FCH,Fresno Chandler Exec,CA,Fresno,36.732365,-119.8198961
FUL,Fullerton Municipal,CA,Fullerton,33.87201417,-117.9797842
O16,Garberville,CA,Garberville,40.08597806,-123.8136397
E36,Georgetown,CA,Georgetown,None,None
GOO,Nevada County,CA,Grass Valley,None,None
E45,Pine Mountain Lake,CA,Groveland,None,None
3O1,Gustine,CA,Gustine,37.26271722,-120.9632586
HAF,Half Moon Bay,CA,Half Moon Bay,37.51382944,-122.5010892
HJO,Hanford Municipal,CA,Hanford,36.31852194,-119.6288675
49X,Chemehuevi Valley,CA,Havasu Lake,34.52751083,-114.4310697
HHR,Jack Northrop Field/Hawthorne Municipal,CA,Hawthorne,33.92283972,-118.3351872
F62,Hayfork,CA,Hayfork,None,None
HWD,Hayward Exec,CA,Hayward,37.65926528,-122.1224083
HES,Healdsburg Municipal,CA,Healdsburg,None,None
HMT,Hemet-Ryan,CA,Hemet,33.73398167,-117.0225258
CVH,Hollister Municipal,CA,Hollister,None,None
O21,Hoopa,CA,Hoopa,41.04290778,-123.6683894
IPL,Imperial County,CA,Imperial,32.83422028,-115.5787456
2O7,Independence,CA,Independence,36.81382111,-118.2050956
L72,Trona,CA,Inyo (County),35.81245333,-117.3272783
IYK,Inyokern,CA,Inyokern,35.65884306,-117.8295122
JAQ,Westover Field Amador County,CA,Jackson,None,None
L05,Kern Valley,CA,Kernville,35.72828472,-118.4198069
KIC,Mesa Del Rey,CA,King City,36.22802139,-121.1218614
POC,Brackett Field,CA,La Verne,34.09164833,-117.7817803
1O2,Lampson Field,CA,Lakeport,38.99017472,-122.8997175
WJF,General Wm J Fox Airfield,CA,Lancaster,34.74095944,-118.2189489
O24,Lee Vining,CA,Lee Vining,37.95825861,-119.1065375
LHM,Lincoln Regional/Karl Harder Field,CA,Lincoln,38.90916111,-121.3513361
LLR,Little River,CA,Little River,None,None
LVK,Livermore Municipal,CA,Livermore,37.69339944,-121.8203519
LPC,Lompoc,CA,Lompoc,34.66561028,-120.4667883
O26,Lone Pine/Death Valley,CA,Lone Pine,36.58826667,-118.0520314
LGB,Long Beach (Daugherty Field),CA,Long Beach,33.81772222,-118.1516111
LAX,Los Angeles International,CA,Los Angeles,33.94253611,-118.4080744
WHP,Whiteman,CA,Los Angeles,34.25932528,-118.4134331
LSN,Los Banos Municipal,CA,Los Banos,37.06290556,-120.8692511
MAE,Madera Municipal,CA,Madera,36.9857175,-120.1119844
MMH,Mammoth Yosemite,CA,Mammoth Lakes,37.62404861,-118.8377722
OAR,Marina Municipal,CA,Marina,36.68190278,-121.7624492
MPI,Mariposa-Yosemite,CA,Mariposa,None,None
MYV,Yuba County,CA,Marysville,39.09777278,-121.569825
M90,William Robert Johnston Municipal,CA,Mendota,None,None
MCE,Merced Yosemite Regional,CA,Merced,37.28472861,-120.5138858
O15,Turlock Municipal,CA,Merced,37.48743556,-120.6968669
MOD,Modesto City-County-Harry Sham Field,CA,Modesto,37.62581722,-120.9544214
MHV,Mojave Air & Space Port/Rutan Field,CA,Mojave,35.05936472,-118.1518561
SIY,Siskiyou County,CA,Montague,41.78144167,-122.4681094
MRY,Monterey Regional,CA,Monterey,36.5869825,-121.8429478
APC,Napa County,CA,Napa,38.21319444,-122.2806944
EED,Needles,CA,Needles,34.76619444,-114.6232931
DVO,Gnoss Field,CA,Novato,38.14351944,-122.5572167
O27,Oakdale,CA,Oakdale,37.75634472,-120.8002089
OAK,Metro Oakland International,CA,Oakland,37.72129083,-122.2207167
L52,Oceano County,CA,Oceano,35.10136472,-120.6221153
OKB,Bob Maxwell Memorial Airfield,CA,Oceanside,33.21797639,-117.3515075
ONT,Ontario International,CA,Ontario,34.056,-117.6011944
O37,Haigh Field,CA,Orland,39.72124194,-122.1466508
OVE,Oroville Municipal,CA,Oroville,39.48775,-121.622
OXR,Oxnard,CA,Oxnard,34.20080083,-119.2072164
PSP,Palm Springs International,CA,Palm Springs,33.82921556,-116.5062531
TRM,Jacqueline Cochran Regional,CA,Palm Springs,33.62789944,-116.1601194
PMD,Palmdale USAF Plant 42,CA,Palmdale,34.62938889,-118.0845528
PAO,Palo Alto,CA,Palo Alto,37.46111944,-122.1150444
PRB,Paso Robles Municipal,CA,Paso Robles,35.67288611,-120.6270558
O69,Petaluma Municipal,CA,Petaluma,38.2578325,-122.6055406
PVF,Placerville,CA,Placerville,38.72421806,-120.753325
PTV,Porterville Municipal,CA,Porterville,36.02960778,-119.0627311
2O1,Gansner Field,CA,Quincy,39.94378056,-120.9468983
RNM,Ramona,CA,Ramona,33.038905,-116.9136392
RIU,Rancho Murieta,CA,Rancho Murieta,38.4887975,-121.1024447
RBL,Red Bluff Municipal,CA,Red Bluff,40.15065667,-122.2522903
O85,Benton Field,CA,Redding,40.57487278,-122.4080642
RDD,Redding Regional,CA,Redding,40.50898361,-122.2934019
REI,Redlands Municipal,CA,Redlands,None,None
O32,Reedley Municipal,CA,Reedley,36.66633917,-119.4498483
O88,Rio Vista Municipal,CA,Rio Vista,38.1935,-121.7023889
RAL,Riverside Municipal,CA,Riverside,33.95187528,-117.4451017
RIV,March ARB,CA,Riverside,33.88057333,-117.2594836
F70,French Valley,CA,Riverside (County),33.57605556,-117.1279722
T42,Ruth,CA,Ruth,None,None
MCC,McClellan Airfield,CA,Sacramento,None,None
MHR,Sacramento Mather,CA,Sacramento,38.55389694,-121.2975908
SAC,Sacramento Exec,CA,Sacramento,38.51252389,-121.4934689
SMF,Sacramento International,CA,Sacramento,38.69542167,-121.5907669
SNS,Salinas Municipal,CA,Salinas,36.66279222,-121.6063603
CPU,Calaveras County-Maury Rasmussen Field,CA,San Andreas,None,None
SBD,San Bernardino International,CA,San Bernardino,34.09535361,-117.2348742
SQL,San Carlos,CA,San Carlos,37.511855,-122.2495236
MYF,Montgomery-Gibbs Exec,CA,San Diego,32.81573306,-117.1395664
SAN,San Diego International,CA,San Diego,32.73355611,-117.1896567
SDM,Brown Field Municipal,CA,San Diego,32.57230556,-116.98025
SEE,Gillespie Field,CA,San Diego,32.82623111,-116.9724497
SFO,San Francisco International,CA,San Francisco International Airport,37.61900194,-122.3748433
RHV,Reid-Hillview of Santa Clara County,CA,San Jose,37.33287306,-121.8197947
SJC,Norman Y Mineta San Jose International,CA,San Jose,37.36186194,-121.9290089
SBP,San Luis Obispo County Regional,CA,San Luis Obispo,35.23705806,-120.6423931
E16,San Martin,CA,San Martin,None,None
SNA,John Wayne/Orange County,CA,Santa Ana,33.67565861,-117.8682225
SBA,Santa Barbara Municipal,CA,Santa Barbara,34.42621194,-119.8403733
SMX,Santa Maria Public/Capt G Allan Hancock Field,CA,Santa Maria,34.89924833,-120.4575825
SMO,Santa Monica Municipal,CA,Santa Monica,34.01582194,-118.4512961
STS,Charles M Schulz - Sonoma County,CA,Santa Rosa,38.50897694,-122.8128803
IZA,Santa Ynez/Kunkle Field,CA,Santa Ynez,34.60682028,-120.0755617
MIT,Shafter-Minter Field,CA,Shafter,35.50592944,-119.1915236
0Q5,Shelter Cove,CA,Shelter Cove,40.02764333,-124.0733639
TVL,Lake Tahoe,CA,South Lake Tahoe,38.89388167,-119.9953347
SCK,Stockton Metro,CA,Stockton,37.89426694,-121.2386203
SVE,Susanville Municipal,CA,Susanville,40.37684111,-120.5730033
L17,Taft-Kern County,CA,Taft,35.14107806,-119.4412294
TSP,Tehachapi Municipal,CA,Tehachapi,35.13497222,-118.43925
TOA,Zamperini Field,CA,Torrance,33.8033775,-118.3396
TCY,Tracy Municipal,CA,Tracy,37.68910778,-121.4418172
O86,Trinity Center,CA,Trinity Center,40.98320111,-122.6941889
TRK,Truckee-Tahoe,CA,Truckee,39.32004222,-120.1395628
TLR,Mefford Field,CA,Tulare,36.15630556,-119.3261667
TNP,Twentynine Palms,CA,Twentynine Palms,34.13208528,-115.9458319
UKI,Ukiah Municipal,CA,Ukiah,39.12595722,-123.200855
CCB,Cable,CA,Upland,34.11154056,-117.6875897
VCB,Nut Tree,CA,Vacaville,38.37675167,-121.962455
VNY,Van Nuys,CA,Van Nuys,34.20980972,-118.4899733
VCV,Southern California Logistics,CA,Victorville,34.593225,-117.3794667
D86,Sequoia Field,CA,Visalia,None,None
VIS,Visalia Municipal,CA,Visalia,36.31866667,-119.3928889
L19,Wasco-Kern County,CA,Wasco,35.61967889,-119.3537242
WVI,Watsonville Municipal,CA,Watsonville,36.93573,-121.7896178
O54,Lonnie Pool Field/Weaverville,CA,Weaverville,40.7457,-122.92197
O46,Weed,CA,Weed,41.47487,-122.4530739
O28,Ells Field/Willits Municipal,CA,Willits,39.45129778,-123.3722844
D63,Dinsmore,CA,Willow Creek,None,None
WLW,Willows/Glenn County,CA,Willows,39.51635389,-122.2175106
O42,Woodlake,CA,Woodlake,36.39883833,-119.1073289
O52,Sutter County,CA,Yuba City,39.12655889,-121.6091328
AKO,Colorado Plains Regional,CO,Akron,40.17563333,-103.2220278
ALS,San Luis Valley Regional/Bergman Field,CO,Alamosa,37.43491667,-105.8665556
ASE,Aspen-Pitkin County/Sardy Field,CO,Aspen,39.22316,-106.868845
BDU,Boulder Municipal,CO,Boulder,None,None
BJC,Rocky Mountain Metro,CO,Broomfield,39.90878667,-105.1172158
AEJ,Central Colorado Regional,CO,Buena Vista,None,None
ITR,Kit Carson County,CO,Burlington,39.2425,-102.2853889
1V6,Fremont County,CO,Canon City,38.42838111,-105.1054994
COS,City of Colorado Springs Municipal,CO,Colorado Springs,38.80580556,-104.70025
CEZ,Cortez Municipal,CO,Cortez,37.30299778,-108.6280658
CAG,Craig-Moffat,CO,Craig,40.49522139,-107.5216467
AJZ,Blake Field,CO,Delta,None,None
DEN,Denver International,CO,Denver,39.85840806,-104.6670019
DRO,Durango-La Plata County,CO,Durango,37.15151667,-107.7537692
EGE,Eagle County Regional,CO,Eagle,39.64256778,-106.9176953
APA,Centennial,CO,Englewood,39.57012833,-104.8492942
EIK,Erie Municipal,CO,Erie,None,None
FMM,Fort Morgan Municipal,CO,Fort Morgan,None,None
GNB,Granby-Grand County,CO,Granby,40.08970806,-105.9172367
GJT,Grand Junction Regional,CO,Grand Junction,39.1224125,-108.5267347
GXY,Greeley-Weld County,CO,Greeley,40.43561833,-104.6321156
GUC,Gunnison-Crested Butte Regional,CO,Gunnison,38.53396333,-106.9331817
HDN,Yampa Valley,CO,Hayden,40.48118028,-107.2176597
HEQ,Holyoke,CO,Holyoke,40.56943056,-102.2726875
20V,Mc Elroy Airfield,CO,Kremmling,40.05367972,-106.3689467
LHX,La Junta Municipal,CO,La Junta,38.05134111,-103.5106908
LAA,Southeast Colorado Regional,CO,Lamar,38.06969444,-102.6885
LXV,Lake County,CO,Leadville,39.2202675,-106.3166906
LIC,Limon Municipal,CO,Limon,39.272765,-103.6663392
LMO,Vance Brand,CO,Longmont,None,None
FNL,Northern Colorado Regional,CO,Loveland,40.45182722,-105.0113356
EEO,Meeker Coulter Field,CO,Meeker,40.04886222,-107.8859067
MVI,Monte Vista Municipal,CO,Monte Vista,37.52855833,-106.0460533
MTJ,Montrose Regional,CO,Montrose,38.50886722,-107.8938333
AIB,Hopkins Field,CO,Nucla,None,None
PSO,Stevens Field,CO,Pagosa Springs,None,None
FLY,Meadow Lake,CO,Peyton,None,None
PUB,Pueblo Memorial,CO,Pueblo,38.28908722,-104.4965722
4V0,Rangely,CO,Rangely,40.09469917,-108.7612172
RIL,Rifle Garfield County,CO,Rifle,39.526315,-107.7269403
ANK,Salida/Harriett Alexander Field,CO,Salida,None,None
SBS,Steamboat Springs/Bob Adams Field,CO,Steamboat Springs,40.51625944,-106.8663006
STK,Sterling Municipal,CO,Sterling,40.6152625,-103.2646556
TEX,Telluride Regional,CO,Telluride,37.95375861,-107.90848
TAD,Perry Stokes,CO,Trinidad,37.25937778,-104.340675
4V1,Spanish Peaks Airfield,CO,Walsenburg,37.69640056,-104.7838747
CFO,Colorado Air and Space Port,CO,Watkins,None,None
2V5,Wray Municipal,CO,Wray,40.10032333,-102.24096
2V6,Yuma Municipal,CO,Yuma,40.10415306,-102.7129869
BDR,Bridgeport/Sikorsky,CT,Bridgeport,41.16348417,-73.12617861
DXR,Danbury Municipal,CT,Danbury,41.37153528,-73.48219056
LZD,Danielson,CT,Danielson,None,None
GON,Groton-New London,CT,Groton,41.33005778,-72.04513556
HFD,Hartford-Brainard,CT,Hartford,41.73626861,-72.65021389
MMK,Meriden Markham Municipal,CT,Meriden,41.50871472,-72.82947833
HVN,Tweed/New Haven,CT,New Haven,41.26389889,-72.8871
OXC,Waterbury-Oxford,CT,Oxford,41.47855556,-73.13525
4B8,Robertson Field,CT,Plainville,41.69037667,-72.8648225
IJD,Windham,CT,Willimantic,41.74404028,-72.18023583
BDL,Bradley International,CT,Windsor Locks,41.93887417,-72.68322833
33N,Delaware Airpark,DE,Dover,39.21837556,-75.59642667
GED,Delaware Coastal,DE,Georgetown,38.68919444,-75.35888889
EVY,Summit,DE,Middletown,39.52038889,-75.72044444
ILG,New Castle,DE,Wilmington,39.67872222,-75.60652778
AAF,Apalachicola Regional-Cleve Randolph Field,FL,Apalachicola,29.72754583,-85.02744778
X06,Arcadia Municipal,FL,Arcadia,27.19199444,-81.83730472
AVO,Avon Park Exec,FL,Avon Park,27.591145,-81.52785333
BOW,Bartow Exec,FL,Bartow,27.9433575,-81.78344167
X10,Belle Glade State Municipal,FL,Belle Glade,26.70089833,-80.66227972
F95,Calhoun County,FL,Blountstown,None,None
BCT,Boca Raton,FL,Boca Raton,26.37848667,-80.10769667
BCR,Tri-County,FL,Bonifay,None,None
BKV,Brooksville-Tampa Bay Regional,FL,Brooksville,28.47359722,-82.45542139
FIN,Flagler Exec,FL,Bunnell,None,None
CDK,George T Lewis,FL,Cedar Key,29.137745,-83.04984361
CLW,Clearwater Air Park,FL,Clearwater,27.97668639,-82.75874028
PIE,St Pete-Clearwater International,FL,Clearwater,27.91076333,-82.68743944
2IS,Airglades,FL,Clewiston,26.74200972,-81.04978917
CEW,Bob Sikes,FL,Crestview,30.77883333,-86.52211111
CTY,Cross City,FL,Cross City,29.63552778,-83.10475
CGC,Crystal River-Capt Tom Davis Field,FL,Crystal River,28.86727778,-82.57130556
DAB,Daytona Beach International,FL,Daytona Beach,29.17991667,-81.05805556
54J,Defuniak Springs,FL,De Funiak Springs,30.7313,-86.15160833
DED,DeLand Municipal-Sidney H Taylor Field,FL,DeLand,29.06698056,-81.28394167
DTS,Destin Exec,FL,Destin,30.40006111,-86.47147722
X35,Marion County,FL,Dunnellon,29.06177778,-82.37658333
X01,Everglades Airpark,FL,Everglades City,25.84871167,-81.39007944
FHB,Fernandina Beach Municipal,FL,Fernandina Beach,None,None
FLL,Fort Lauderdale/Hollywood International,FL,Fort Lauderdale,26.07258333,-80.15275
FXE,Fort Lauderdale Exec,FL,Fort Lauderdale,26.19728,-80.17070833
FMY,Page Field,FL,Fort Myers,26.58661111,-81.86325
RSW,Southwest Florida International,FL,Fort Myers,26.53616667,-81.75516667
FPR,Treasure Coast International,FL,Fort Pierce,27.49505556,-80.36827778
GNV,Gainesville Regional,FL,Gainesville,29.69005556,-82.27177778
01J,Hilliard Airpark,FL,Hilliard,30.6880125,-81.90594389
HWO,North Perry,FL,Hollywood,26.00142417,-80.24052056
X51,Miami Homestead General Aviation,FL,Homestead,25.49872139,-80.55422528
IMM,Immokalee Regional,FL,Immokalee,26.43316667,-81.40102778
INF,Inverness,FL,Inverness,None,None
CRG,Jacksonville Exec at Craig,FL,Jacksonville,30.33633333,-81.51444444
HEG,Herlong Recreational,FL,Jacksonville,None,None
JAX,Jacksonville International,FL,Jacksonville,30.49405556,-81.68786111
VQQ,Cecil,FL,Jacksonville,30.21867306,-81.87666444
EYW,Key West International,FL,Key West,24.55611111,-81.75955556
42J,Keystone Heights,FL,Keystone Heights,29.84475,-82.04752778
ISM,Kissimmee Gateway,FL,Kissimmee,28.28980556,-81.43708333
X14,La Belle Municipal,FL,La Belle,26.74423278,-81.43257556
LCQ,Lake City Gateway,FL,Lake City,30.18205556,-82.57686111
X07,Lake Wales Municipal,FL,Lake Wales,27.89380556,-81.62038889
LAL,Lakeland Linder International,FL,Lakeland,27.98891667,-82.01855556
LEE,Leesburg International,FL,Leesburg,28.82274417,-81.80900722
24J,Suwannee County,FL,Live Oak,30.30105583,-83.02318778
MTH,The Florida Keys Marathon International,FL,Marathon,24.72614083,-81.05137806
MKY,Marco Island Exec,FL,Marco Island,25.99502778,-81.67252778
MAI,Marianna Municipal,FL,Marianna,30.83780556,-85.18188889
MLB,Melbourne Orlando International,FL,Melbourne,28.10275,-80.64580556
COI,Merritt Island,FL,Merritt Island,28.34158944,-80.6854975
MIA,Miami International,FL,Miami,25.79325,-80.29055556
OPF,Miami-Opa Locka Exec,FL,Miami,25.907,-80.27838889
TMB,Miami Exec,FL,Miami,25.64788889,-80.43277778
TNT,Dade-Collier Training and Transition,FL,Miami,25.86180556,-80.897
X44,Miami,FL,Miami,25.77833333,-80.17027778
2R4,Peter Prince Field,FL,Milton,30.63762083,-86.99365278
APF,Naples Municipal,FL,Naples,26.15247222,-81.77544444
EVB,New Smyrna Beach Municipal,FL,New Smyrna Beach,29.05580556,-80.94836111
OCF,Ocala International-Jim Taylor Field,FL,Ocala,29.17261111,-82.22416667
OBE,Okeechobee County,FL,Okeechobee,27.26282306,-80.84978306
MCO,Orlando International,FL,Orlando,28.42888889,-81.31602778
ORL,Exec,FL,Orlando,28.54547222,-81.33294444
OMN,Ormond Beach Municipal,FL,Ormond Beach,29.30113889,-81.11380556
PHK,Palm Beach County Glades,FL,Pahokee,26.78503861,-80.69335528
28J,Palatka Municipal - Lt Kay Larkin Field,FL,Palatka,29.65863889,-81.68855556
ECP,Northwest Florida Beaches International,FL,Panama City,None,None
PNS,Pensacola International,FL,Pensacola,30.47330556,-87.18744444
FPY,Perry-Foley,FL,Perry,None,None
PCM,Plant City,FL,Plant City,28.00021667,-82.16424167
PMP,Pompano Beach Airpark,FL,Pompano Beach,26.24713889,-80.11105556
PGD,Punta Gorda,FL,Punta Gorda,26.92019444,-81.99052778
2J9,Quincy Municipal,FL,Quincy,30.59786111,-84.55741667
SGJ,Northeast Florida Regional,FL,Saint Augustine,29.95925,-81.33975
SPG,Albert Whitted,FL,Saint Petersburg,27.76511111,-82.62697222
SFB,Orlando Sanford International,FL,Sanford,28.77764,-81.23748944
SRQ,Sarasota/Bradenton International,FL,Sarasota,27.39533333,-82.55411111
X26,Sebastian Municipal,FL,Sebastian,27.81280389,-80.49560833
SEF,Sebring Regional,FL,Sebring,27.45640278,-81.3424
SUA,Witham Field,FL,Stuart,27.18169444,-80.22108333
TLH,Tallahassee International,FL,Tallahassee,30.39652778,-84.35033333
TPA,Tampa International,FL,Tampa,27.97547222,-82.53325
TPF,Peter O Knight,FL,Tampa,27.91557833,-82.44926083
VDF,Tampa Exec,FL,Tampa,None,None
TIX,Space Coast Regional,FL,Titusville,28.51479944,-80.7992275
X21,Arthur Dunn Air Park,FL,Titusville,28.62234556,-80.835695
X23,Umatilla Municipal,FL,Umatilla,28.922765,-81.65174111
X59,Valkaria,FL,Valkaria,27.96196472,-80.55977556
VPS,Eglin AFB/Destin-Ft Walton Beach,FL,Valparaiso,30.48325,-86.5254
VNC,Venice Municipal,FL,Venice,27.07161111,-82.44033333
VRB,Vero Beach Regional,FL,Vero Beach,27.65555556,-80.41794444
CHN,Wauchula Municipal,FL,Wauchula,None,None
F45,North Palm Beach County General Aviation,FL,West Palm Beach,26.84537306,-80.22148111
LNA,Palm Beach County Park,FL,West Palm Beach,26.593,-80.08505556
PBI,Palm Beach International,FL,West Palm Beach,26.68316194,-80.09559417
X60,Williston Municipal,FL,Williston,29.35422,-82.47288194
GIF,Winter Haven Regional,FL,Winter Haven,28.06291667,-81.75330556
ZPH,Zephyrhills Municipal,FL,Zephyrhills,28.22806472,-82.15591639
15J,Cook County,GA,Adel,31.13780556,-83.45308333
ABY,Southwest Georgia Regional,GA,Albany,31.535515,-84.19447333
AMG,Bacon County,GA,Alma,31.53605556,-82.50655556
ACJ,Jimmy Carter Regional,GA,Americus,32.11079917,-84.18884806
75J,Turner County,GA,Ashburn,31.68545833,-83.63211194
AHN,Athens/Ben Epps,GA,Athens,33.94859528,-83.32634694
ATL,Hartsfield - Jackson Atlanta International,GA,Atlanta,33.64044444,-84.42694444
FTY,Fulton County Exec/Charlie Brown Field,GA,Atlanta,33.77913889,-84.52136111
PDK,Dekalb-Peachtree,GA,Atlanta,33.87560444,-84.30196778
AGS,Augusta Regional at Bush Field,GA,Augusta,33.369955,-81.96449611
DNL,Daniel Field,GA,Augusta,33.46663667,-82.03933917
BGE,Decatur County Industrial Air Park,GA,Bainbridge,30.97152778,-84.63744444
BHC,Baxley Municipal,GA,Baxley,31.71383333,-82.39377778
DZJ,Blairsville,GA,Blairsville,None,None
BIJ,Early County,GA,Blakely,None,None
BQK,Brunswick Golden Isles,GA,Brunswick,31.25902778,-81.46630556
SSI,St Simons Island,GA,Brunswick,31.1515925,-81.39134667
6A1,Butler Municipal,GA,Butler,32.56736694,-84.25074833
70J,Cairo-Grady County,GA,Cairo,30.88797667,-84.15473528
CZL,Tom B David Field,GA,Calhoun,34.45678278,-84.93949944
CXU,Camilla-Mitchell County,GA,Camilla,31.21291667,-84.23680556
18A,Franklin-Hart,GA,Canon,34.34010472,-83.13348333
CNI,Cherokee County Regional,GA,Canton,None,None
CTJ,West Georgia Regional - O V Gray Field,GA,Carrollton,33.63102778,-85.15202778
VPC,Cartersville,GA,Cartersville,34.12313889,-84.84869444
4A4,Polk County/Cornelius Moore Field,GA,Cedartown,34.01869444,-85.14647222
CWV,Claxton-Evans County,GA,Claxton,32.19505556,-81.86955556
48A,Cochran,GA,Cochran,32.39936111,-83.27591667
CSG,Columbus,GA,Columbus,32.51633333,-84.93886111
CKF,Crisp County-Cordele,GA,Cordele,31.98883333,-83.77391667
AJR,Habersham County,GA,Cornelia,34.50081944,-83.55487
CVC,Covington Municipal,GA,Covington,None,None
25J,Lower Chattahoochee Regional,GA,Cuthbert,31.70016583,-84.82492194
PUJ,Paulding Northwest Atlanta,GA,Dallas,None,None
DNN,Dalton Municipal,GA,Dalton,34.72174833,-84.86910806
16J,Dawson Municipal,GA,Dawson,31.74328472,-84.419285
17J,Donalsonville Municipal,GA,Donalsonville,31.00694444,-84.87761111
DQH,Douglas Municipal,GA,Douglas,31.47780833,-82.85961556
DBN,W H 'Bud' Barron,GA,Dublin,32.56445806,-82.98525556
EZM,Heart of Georgia Regional,GA,Eastman,32.21425,-83.12802778
EBA,Elbert County-Patz Field,GA,Elberton,None,None
49A,Gilmer County,GA,Ellijay,34.62786417,-84.52492889
FZG,Fitzgerald Municipal,GA,Fitzgerald,31.68368667,-83.27046056
LHW,Wright AAF (Fort Stewart)/Midcoast Regional,GA,Fort Stewart (U.S. Army),None,None
GVL,Lee Gilmer Memorial,GA,Gainesville,34.27290389,-83.82681333
CPP,Greene County Regional,GA,Greensboro,None,None
6A2,Griffin-Spalding County,GA,Griffin,33.22697222,-84.27494444
HMP,Atlanta Speedway,GA,Hampton,None,None
AZE,Hazlehurst,GA,Hazlehurst,31.88465639,-82.64738778
HOE,Homerville,GA,Homerville,31.05591667,-82.77413889
JZP,Pickens County,GA,Jasper,34.45147972,-84.45659278
JCA,Jackson County,GA,Jefferson,None,None
09J,Jekyll Island,GA,Jekyll Island,31.07447222,-81.42777778
JES,Jesup-Wayne County,GA,Jesup,31.55408333,-81.88344444
9A5,Barwick Lafayette,GA,La Fayette,34.68896917,-85.29023333
LGC,Lagrange/Callaway,GA,La Grange,33.00884694,-85.07260556
LZU,Gwinnett County/Briscoe Field,GA,Lawrenceville,33.97807611,-83.96237722
2J3,Louisville Municipal,GA,Louisville,32.98654083,-82.38568139
MAC,Macon Downtown,GA,Macon,32.82213889,-83.56202778
MCN,Middle Georgia Regional,GA,Macon,32.69284944,-83.64921083
52A,Madison Municipal,GA,Madison,33.61212528,-83.46044333
RYY,Cobb County International/McCollum Field,GA,Marietta,34.01315611,-84.59854472
MHP,John Edwin Jones Sr Field/Metter Municipal,GA,Metter,32.37388889,-82.07919444
MLJ,Baldwin County Regional,GA,Milledgeville,33.15419444,-83.24061111
2J5,Millen,GA,Millen,32.89376972,-81.96511583
D73,Cy Nunnally Memorial,GA,Monroe,33.78149889,-83.69355389
53A,Dr C P Savage Sr,GA,Montezuma,32.302,-84.00747222
MGR,Moultrie Municipal,GA,Moultrie,31.08490917,-83.80325528
4J1,Brantley County,GA,Nahunta,31.21272417,-81.90539083
4J2,Berrien County,GA,Nashville,31.21255556,-83.22627778
CCO,Newnan Coweta County,GA,Newnan,33.31208333,-84.77027778
FFC,Atlanta Regional Falcon Field,GA,Peachtree City,33.35725,-84.57183333
PXE,Perry-Houston County,GA,Perry,32.51058333,-83.76733333
PIM,Harris County,GA,Pine Mountain,32.84069444,-84.88244444
4J5,Quitman Brooks County,GA,Quitman,30.80575139,-83.58654889
RVJ,Swinton Smith Field at Reidsville Municipal,GA,Reidsville,32.05897222,-82.15172222
RMG,Richard B Russell Regional - J H Towers Field,GA,Rome,34.35060111,-85.15801389
OKZ,Kaolin Field,GA,Sandersville,32.96672222,-82.83816667
SAV,Savannah/Hilton Head International,GA,Savannah,32.12758333,-81.20213889
TBR,Statesboro-Bulloch County,GA,Statesboro,32.48316667,-81.73727778
SBO,East Georgia Regional,GA,Swainsboro,32.60825,-82.36869444
JYL,Plantation Airpark,GA,Sylvania,32.64544861,-81.59649722
SYV,Sylvester,GA,Sylvester,31.55851111,-83.89573389
OPN,Thomaston-Upson County,GA,Thomaston,32.95458861,-84.26315222
TVI,Thomasville Regional,GA,Thomasville,30.90155194,-83.88133556
HQU,Thomson-McDuffie County,GA,Thomson,33.52972639,-82.51678556
TMA,Henry Tift Myers,GA,Tifton,31.42879528,-83.48787167
TOC,Toccoa - R G LeTourneau Field,GA,Toccoa,34.59376444,-83.2958
VLD,Valdosta Regional,GA,Valdosta,30.7825,-83.27672222
VDI,Vidalia Regional,GA,Vidalia,32.19255556,-82.37194444
5A9,Roosevelt Memorial,GA,Warm Springs,32.93346222,-84.68881639
IIY,Washington/Wilkes County,GA,Washington,33.77987528,-82.81661639
AYS,Waycross-Ware County,GA,Waycross,31.24905556,-82.39530556
BXG,Burke County,GA,Waynesboro,33.04093056,-82.00397917
MQW,Telfair-Wheeler,GA,Wheeler,32.09577778,-82.88002778
WDR,Barrow County,GA,Winder,33.98227778,-83.66808333
65J,Wrens Memorial,GA,Wrens,33.222645,-82.38373611
HNM,Hana,HI,Hana,20.79563722,-156.0144378
PAK,Port Allen,HI,Hanapepe,21.89686833,-159.6033217
UPP,Upolu,HI,Hawi,20.26525583,-155.8599875
ITO,Hilo International,HI,Hilo,19.72026306,-155.0484703
HNL,Daniel K Inouye International,HI,Honolulu,21.31869111,-157.9224072
OGG,Kahului,HI,Kahului,20.89864972,-156.4304578
KOA,Ellison Onizuka Kona International at Keahole,HI,Kailua Kona,19.73876583,-156.0456314
LUP,Kalaupapa,HI,Kalaupapa,21.21104028,-156.9735972
MUE,Waimea-Kohala,HI,Kamuela,20.00132694,-155.6681072
JRF,Kalaeloa (John Rodgers Field),HI,Kapolei,21.30735389,-158.0703017
MKK,Molokai,HI,Kaunakakai,21.15288583,-157.0962561
JHM,Kapalua,HI,Lahaina,20.96293639,-156.6730317
LNY,Lanai,HI,Lanai City,20.78561111,-156.9514181
LIH,Lihue,HI,Lihue,21.97598306,-159.3389581
HDH,Kawaihapai Airfield,HI,Wahiawa,21.57947361,-158.1972814
U36,Aberdeen Municipal,ID,Aberdeen,42.92102222,-112.8811053
PIH,Pocatello Regional,ID,Arbon Valley,42.91130556,-112.5958611
AOC,Arco-Butte County,ID,Arco,43.60343056,-113.3340972
U02,McCarley Field,ID,Blackfoot,43.20925,-112.3495861
BOI,Boise Air Trml/Gowen Field,ID,Boise,43.56444444,-116.2227778
65S,Boundary County,ID,Bonners Ferry,48.72632639,-116.2954761
U03,Buhl Municipal,ID,Buhl,42.59157139,-114.7967178
BYI,Burley Municipal,ID,Burley,42.54260361,-113.7715442
EUL,Caldwell Exec,ID,Caldwell,43.64186111,-116.6357778
U70,Cascade,ID,Cascade,44.4937825,-116.0162422
LLJ,Challis,ID,Challis,44.52297806,-114.2175642
U82,Council Municipal,ID,Council,44.7498875,-116.4468092
DIJ,Driggs/Reed Memorial,ID,Driggs,None,None
GNG,Gooding Municipal,ID,Gooding,42.91716639,-114.7651575
GIC,Idaho County,ID,Grangeville,None,None
SUN,Friedman Memorial,ID,Hailey,43.50484139,-114.2965903
COE,Coeur D'Alene/Pappy Boyington Field,ID,Hayden Lake,47.77429167,-116.8196231
S66,Homedale Municipal,ID,Homedale,43.61488056,-116.9215372
IDA,Idaho Falls Regional,ID,Idaho Falls,43.51455556,-112.0701667
JER,Jerome County,ID,Jerome,42.72663639,-114.4571506
S73,Kamiah Municipal,ID,Kamiah,46.21934028,-116.0134736
S83,Shoshone County,ID,Kellogg,47.54769889,-116.1885008
LWS,Lewiston/Nez Perce County,ID,Lewiston,46.37449806,-117.0153944
MYL,McCall Municipal,ID,McCall,44.88879556,-116.1017497
U76,Mountain Home Municipal,ID,Mountain Home,43.13125278,-115.7295944
MAN,Nampa Municipal,ID,Nampa,None,None
S68,Orofino Municipal,ID,Orofino,46.49129139,-116.2768061
1U7,Bear Lake County,ID,Paris,42.24714972,-111.33826
U10,Preston,ID,Preston,42.10690806,-111.9125389
1S6,Priest River Municipal,ID,Priest River,48.19018611,-116.9093644
RXE,Rexburg-Madison County,ID,Rexburg,43.83391139,-111.805105
S72,Jack A Buell,ID,Saint Maries,47.32768722,-116.5773906
SMN,Lemhi County,ID,Salmon,45.12047778,-113.8820103
SZT,Sandpoint,ID,Sandpoint,48.29965139,-116.5597681
TWF,Joslin Field/Magic Valley Regional,ID,Twin Falls,42.48180389,-114.4877356
S87,Weiser Municipal,ID,Weiser,44.20683056,-116.9623869
ALN,St Louis Regional,IL,Alton,38.89029083,-90.04604306
ARR,Aurora Municipal,IL,Aurora,41.77192944,-88.47565917
K06,Greater Beardstown,IL,Beardstown,39.97338139,-90.40373556
BLV,Scott AFB/Midamerica St Louis,IL,Belleville,38.54517861,-89.83518444
H96,Benton Municipal,IL,Benton,38.00675111,-88.93441528
BMI,Central Il Regional/Bloomington-Normal,IL,Bloomington-Normal Airport,40.47798556,-88.91595278
1C5,Bolingbrook's Clow International,IL,Bolingbrook,41.69597444,-88.12923056
CPS,St Louis Downtown,IL,Cahokia,38.57072444,-90.15622111
CIR,Cairo Regional,IL,Cairo,37.06447222,-89.21961111
CTK,Ingersoll,IL,Canton,40.56909444,-90.07484
MDH,Southern Illinois,IL,Carbondale,37.77809583,-89.25203111
CUL,Carmi Municipal,IL,Carmi,38.08947917,-88.12306111
1H8,Casey Municipal,IL,Casey,39.30250917,-88.00406194
ENL,Centralia Municipal,IL,Centralia,38.51479889,-89.09217944
MDW,Chicago Midway International,IL,Chicago,41.7859825,-87.75242444
ORD,Chicago O'Hare International,IL,Chicago,41.979595,-87.90446417
DNV,Vermilion Regional,IL,Danville,40.19946861,-87.59553528
DKB,De Kalb Taylor Municipal,IL,De Kalb,41.93188111,-88.70829861
DEC,Decatur,IL,Decatur,39.8345625,-88.86568917
C73,Dixon Municipal-Charles R Walgreen Field,IL,Dixon,41.83369889,-89.44621333
DPA,Dupage,IL,DuPage (County),41.90688333,-88.24841722
1H2,Effingham County Memorial,IL,Effingham,39.07045083,-88.53351972
FWC,Fairfield Municipal,IL,Fairfield,38.37863306,-88.41265222
FOA,Flora Municipal,IL,Flora,38.66494528,-88.45299556
FEP,Albertus,IL,Freeport,42.24626722,-89.58223944
GBG,Galesburg Municipal,IL,Galesburg,40.93800194,-90.43112556
C81,Campbell,IL,Grays Lake,42.32461111,-88.07408806
GRE,Greenville,IL,Greenville,38.83615778,-89.37841111
10C,Galt Field,IL,Greenwood,42.40266472,-88.37588917
HSB,Harrisburg-Raleigh,IL,Harrisburg,37.8115,-88.54913889
0C0,Dacy,IL,Harvard,42.40418556,-88.63343222
9I0,Havana Regional,IL,Havana,40.221155,-90.02289361
IJX,Jacksonville Municipal,IL,Jacksonville,39.77429694,-90.23856583
JOT,Joliet Regional,IL,Joliet,41.51805833,-88.17525583
IKK,Greater Kankakee,IL,Kankakee,41.07140417,-87.84626861
EZI,Kewanee Municipal,IL,Kewanee,41.20520361,-89.96386
C75,Marshall County,IL,Lacon,41.01928583,-89.38642222
3CK,Lake in the Hills,IL,Lake in the Hills,42.20680306,-88.32304028
IGQ,Lansing Municipal,IL,Lansing,41.53988889,-87.53216667
AJG,Mount Carmel Municipal,IL,Lawrenceville,38.60654722,-87.72669417
LWV,Lawrenceville-Vincennes International,IL,Lawrenceville,38.76429639,-87.60549556
AAA,Logan County,IL,Lincoln,None,None
3LF,Litchfield Municipal,IL,Litchfield,39.16635306,-89.67489694
MQB,Macomb Municipal,IL,Macomb,40.52034556,-90.65246389
MWA,Veterans Airport of Southern Illinois,IL,Marion,37.75313528,-89.01159694
MTO,Coles County Memorial,IL,Mattoon,39.47793722,-88.27923833
M30,Metropolis Municipal,IL,Metropolis,37.18588722,-88.75061
MLI,Quad Cities International,IL,Moline,41.44852639,-90.50753917
C56,Bult Field,IL,Monee,41.37756167,-87.68137528
C66,Monmouth Municipal,IL,Monmouth,40.92970444,-90.63110722
C09,Morris Municipal - James R Washburn Field,IL,Morris,41.42541667,-88.41869444
I63,Mount Sterling Municipal,IL,Mount Sterling,39.9875,-90.80416667
MVN,Mount Vernon,IL,Mount Vernon,38.32335444,-88.85847917
OLY,Olney-Noble,IL,Olney,38.72182722,-88.17643278
PRG,Edgar County,IL,Paris,39.70015944,-87.66961861
C15,Pekin Municipal,IL,Pekin,40.48820611,-89.67591083
3MY,Mount Hawley Auxiliary,IL,Peoria,40.79525917,-89.6134025
PIA,General Downing - Peoria International,IL,Peoria,40.66424333,-89.69330556
VYS,Illinois Valley Regional-Walter A Duncan Field,IL,Peru,41.35186806,-89.15308417
PJY,Pinckneyville/Du Quoin,IL,Pinckneyville,37.97788417,-89.36044889
PPQ,Pittsfield Penstone Municipal,IL,Pittsfield,39.63885556,-90.77843111
PNT,Pontiac Municipal,IL,Pontiac,None,None
C77,Poplar Grove,IL,Poplar Grove,42.32268639,-88.83651833
UIN,Quincy Regional-Baldwin Field,IL,Quincy,39.94262417,-91.19445611
TIP,Rantoul Ntl Aviation Center-Frank Elliott Field,IL,Rantoul,None,None
RSV,Crawford County,IL,Robinson,39.01604222,-87.649775
RPJ,Rochelle Municipal/Koritz Field,IL,Rochelle,None,None
RFD,Chicago/Rockford International,IL,Rockford,42.19536389,-89.09721111
LOT,Lewis University,IL,Romeo (RR name for Romeoville),41.60844444,-88.09094444
SLO,Salem-Leckrone,IL,Salem,38.64287222,-88.96418528
SFY,Tri-Township,IL,Savanna,42.04581972,-90.10760056
CMI,University of Illinois/Willard,IL,Savoy,40.03925,-88.27805556
06C,Schaumburg Regional,IL,Schaumburg,41.98934083,-88.10124278
4H1,Schaumburg Municipal Helistop,IL,Schaumburg,None,None
2H0,Shelby County,IL,Shelbyville,39.41042861,-88.8454325
SAR,Sparta Community-Hunter Field,IL,Sparta,38.14893833,-89.69870972
SPI,Abraham Lincoln Capital,IL,Springfield,39.84395194,-89.67761861
SQI,Whiteside County/Jos H Bittorf Field,IL,Sterling,41.74284139,-89.67629028
TAZ,Taylorville Municipal,IL,Taylorville,39.53418583,-89.32781222
K96,Tuscola,IL,Tuscola,39.78086528,-88.30616
VLA,Vandalia Municipal,IL,Vandalia,38.99130556,-89.16622222
UGN,Waukegan Ntl,IL,Waukegan,42.42216,-87.86790694
PWK,Chicago Exec,IL,Wheeling,42.11418083,-87.90148083
AID,Anderson Municipal-Darlington Field,IN,Anderson,40.10862139,-85.61299472
ANQ,Tri-State Steuben County,IN,Angola,41.63969833,-85.08349333
GWB,De Kalb County,IN,Auburn,None,None
BFR,Virgil I Grissom Municipal,IN,Bedford,38.84003306,-86.44536361
BMG,Monroe County,IN,Bloomington,39.14602139,-86.61668278
BAK,Columbus Municipal,IN,Columbus,39.26191861,-85.89634556
CEV,Mettel Field,IN,Connersville,39.69803139,-85.13124528
CFJ,Crawfordsville Regional,IN,Crawfordsville,39.97562861,-86.91986361
2R2,Hendricks County-Gordon Graham Field,IN,Danville,None,None
1I9,Delphi Municipal,IN,Delphi,40.54281417,-86.68167194
EKM,Elkhart Municipal,IN,Elkhart,41.71935833,-86.00168361
EVV,Evansville Regional,IN,Evansville,38.03799139,-87.53062667
UMP,Indianapolis Metro,IN,Fishers,39.9352025,-86.04495333
FWA,Fort Wayne International,IN,Fort Wayne,40.97846583,-85.19514639
SMD,Smith Field,IN,Fort Wayne,41.14335389,-85.15277694
FKR,Frankfort Clinton County Regional,IN,Frankfort,40.27343083,-86.56217028
FRH,French Lick Municipal,IN,French Lick,38.50622139,-86.63693528
GYY,Gary/Chicago International,IN,Gary,41.61627306,-87.41278806
GSH,Goshen Municipal,IN,Goshen,41.52716028,-85.79210278
GPC,Putnam County Regional,IN,Greencastle,None,None
I34,Greensburg Municipal,IN,Greensburg,39.32691111,-85.52252694
HFY,Indy South Greenwood,IN,Greenwood,39.62841667,-86.08788889
05C,Griffith-Merrillville,IN,Griffith,41.51961917,-87.40109333
HNB,Huntingburg,IN,Huntingburg,38.24902583,-86.95371833
HHG,Huntington Municipal,IN,Huntington,40.85299,-85.45941917
8A4,Indianapolis Downtown,IN,Indianapolis,None,None
EYE,Eagle Creek Airpark,IN,Indianapolis,39.83070944,-86.29438056
IND,Indianapolis International,IN,Indianapolis,39.71732917,-86.29438417
JVY,Clark Regional,IN,Jeffersonville,38.36562278,-85.73829639
C62,Kendallville Municipal,IN,Kendallville,41.47271639,-85.26080833
50I,Kentland Municipal,IN,Kentland,40.75873222,-87.42821917
OXI,Starke County,IN,Knox,41.3301875,-86.66473194
OKK,Kokomo Municipal,IN,Kokomo,40.5281775,-86.05899
PPO,La Porte Municipal,IN,La Porte,41.57276194,-86.73413139
GGP,Logansport/Cass County,IN,Logansport,40.71126139,-86.37449917
IMS,Madison Municipal,IN,Madison,38.75888889,-85.46552778
MZZ,Marion Municipal - McKinney Field,IN,Marion,40.49037278,-85.67914389
MQJ,Indianapolis Regional,IN,McCordsville,39.84348556,-85.89706389
MGC,Michigan City Municipal-Phillips Field,IN,Michigan City,41.70331694,-86.82124167
MCX,White County,IN,Monticello,40.70881639,-86.76676139
MIE,Delaware County Regional,IN,Muncie,40.24234806,-85.39586
UWL,New Castle Henry County Marlatt Field,IN,New Castle,39.87585167,-85.32646806
OVO,North Vernon,IN,North Vernon,39.04563667,-85.60533
I42,Paoli Municipal,IN,Paoli,38.58338806,-86.46248778
I76,Peru Municipal,IN,Peru,40.78631889,-86.14638306
C65,Plymouth Municipal,IN,Plymouth,41.36513333,-86.30050417
PLD,Portland Municipal,IN,Portland,40.45076167,-84.99007917
RZL,Jasper County,IN,Rensselaer,40.94789861,-87.18257944
RID,Richmond Municipal,IN,Richmond,39.75721528,-84.84282
RCR,Fulton County,IN,Rochester,41.06554833,-86.18170444
I83,Salem Municipal,IN,Salem,38.60200167,-86.13997889
SER,Freeman Municipal,IN,Seymour,38.92355361,-85.90736556
GEZ,Shelbyville Municipal,IN,Shelbyville,39.58316583,-85.80481
SBN,South Bend International,IN,South Bend,41.70895361,-86.31847417
SIV,Sullivan County,IN,Sullivan,39.1147125,-87.44832917
TEL,Perry County Municipal,IN,Tell City,38.01769694,-86.69093
HUF,Terre Haute Regional,IN,Terre Haute,39.45146361,-87.30756111
VPZ,Porter County Regional,IN,Valparaiso,41.45396667,-87.00707139
IWH,Wabash Municipal,IN,Wabash,40.76195972,-85.79873417
ASW,Warsaw Municipal,IN,Warsaw,41.2747,-85.84005556
DCY,Daviess County,IN,Washington,38.70042333,-87.12973222
LAF,Purdue University,IN,West Lafayette,40.41231694,-86.93689889
RWN,Arens Field,IN,Winamac,41.09226306,-86.61287111
I22,Randolph County,IN,Winchester,40.16885083,-84.92585333
TYQ,Indianapolis Exec,IN,Zionsville,40.03064972,-86.2514375
4C8,Albia Municipal,IA,Albia,40.99445361,-92.76297194
AXA,Algona Municipal,IA,Algona,43.07791056,-94.27199278
AMW,Ames Municipal,IA,Ames,41.99206972,-93.62180139
IKV,Ankeny Regional,IA,Ankeny,41.69128556,-93.56630333
AIO,Atlantic Municipal,IA,Atlantic,41.40726722,-95.04690639
ADU,Audubon County,IA,Audubon,41.70137556,-94.92054167
TZT,Belle Plaine Municipal,IA,Belle Plaine,41.87877778,-92.28456944
4K6,Bloomfield Municipal,IA,Bloomfield,40.73210556,-92.42826889
BNW,Boone Municipal,IA,Boone,42.04956944,-93.84757222
BRL,Southeast Iowa Regional,IA,Burlington,40.783225,-91.12550556
CIN,Arthur N Neu,IA,Carroll,42.04619444,-94.789
CID,The Eastern Iowa,IA,Cedar Rapids,41.88458833,-91.71087222
TVK,Centerville Municipal,IA,Centerville,40.68390306,-92.90103333
CNC,Chariton Municipal,IA,Chariton,41.01962389,-93.35968028
CCY,Northeast Iowa Regional,IA,Charles City,43.07260861,-92.61077833
CKP,Cherokee County Regional,IA,Cherokee,42.73147222,-95.55613889
ICL,Schenck Field,IA,Clarinda,40.72178361,-95.02642667
CAV,Clarion Municipal,IA,Clarion,42.74194389,-93.75890944
MCW,Mason City Municipal,IA,Clear Lake,43.1577925,-93.33126056
CWI,Clinton Municipal,IA,Clinton,41.8311125,-90.32913056
CBF,Council Bluffs Municipal,IA,Council Bluffs,41.25947222,-95.75997222
CSQ,Creston Municipal,IA,Creston,41.02146139,-94.36331917
DVN,Davenport Municipal,IA,Davenport,41.6102775,-90.58832528
DEH,Decorah Municipal,IA,Decorah,43.27550139,-91.73937389
DNS,Denison Municipal,IA,Denison,41.9864325,-95.38072083
DSM,Des Moines International,IA,Des Moines,41.53493306,-93.66068222
DBQ,Dubuque Regional,IA,Dubuque,42.40295944,-90.70916722
EGQ,Emmetsburg Municipal,IA,Emmetsburg,43.10202056,-94.704675
EST,Estherville Municipal,IA,Estherville,43.40744444,-94.74641667
FFL,Fairfield Municipal,IA,Fairfield,41.05332417,-91.97892333
FXY,Forest City Municipal,IA,Forest City,43.23473417,-93.6241025
FOD,Fort Dodge Regional,IA,Fort Dodge,42.55145611,-94.19255111
FSW,Fort Madison Municipal,IA,Fort Madison,40.6592625,-91.3268175
GFZ,Greenfield Municipal,IA,Greenfield,41.32702778,-94.44572222
GGI,Grinnell Regional,IA,Grinnell,41.70916083,-92.73491278
GCT,Guthrie County Regional,IA,Guthrie Center,41.68776417,-94.43524611
HPT,Hampton Municipal,IA,Hampton,42.72372361,-93.22634056
HNR,Harlan Municipal,IA,Harlan,41.58438889,-95.33963889
0K7,Humboldt Municipal,IA,Humboldt,42.7360825,-94.24524167
IIB,James H Connell Field at Independence Municipal,IA,Independence,42.45359833,-91.94761833
IOW,Iowa City Municipal,IA,Iowa City,41.63924389,-91.54650333
IFA,Iowa Falls Municipal,IA,Iowa Falls,42.47078639,-93.26995361
EFW,Jefferson Municipal,IA,Jefferson,42.01016667,-94.34258333
EOK,Keokuk Municipal,IA,Keokuk,40.45990778,-91.42850111
OXV,Knoxville Municipal,IA,Knoxville,41.29888556,-93.11381556
LWD,Lamoni Municipal,IA,Lamoni,40.63333306,-93.90217028
LRJ,Le Mars Municipal,IA,Le Mars,42.77801778,-96.19368944
C27,Manchester Municipal,IA,Manchester,None,None
MEY,James G Whiting Memorial Field,IA,Mapleton,42.178295,-95.79364528
OQW,Maquoketa Municipal,IA,Maquoketa,42.050075,-90.73880472
MIW,Marshalltown Municipal,IA,Marshalltown,42.11272639,-92.91778778
SXK,Sioux County Regional,IA,Maurice,None,None
MXO,Monticello Regional,IA,Monticello,42.22611111,-91.16708333
MPZ,Mount Pleasant Municipal,IA,Mount Pleasant,40.94661389,-91.511075
MUT,Muscatine Municipal,IA,Muscatine,41.36786333,-91.14821639
TNU,Newton Municipal-Earl Johnson Field,IA,Newton,41.67442972,-93.02172917
OLZ,Oelwein Municipal,IA,Oelwein,42.68084472,-91.97447833
I75,Osceola Municipal,IA,Osceola,41.05221889,-93.68966222
OOA,Oskaloosa Municipal,IA,Oskaloosa,41.22614944,-92.49388278
OTM,Ottumwa Regional,IA,Ottumwa,41.10659611,-92.44793972
PEA,Pella Municipal,IA,Pella,41.40006667,-92.94588333
PRO,Perry Municipal,IA,Perry,41.82801306,-94.15990361
POH,Pocahontas Municipal,IA,Pocahontas,42.74280556,-94.64730556
RDK,Red Oak Municipal,IA,Red Oak,41.01052778,-95.25986111
2Y4,Rockwell City Municipal,IA,Rockwell City,42.38748056,-94.61803333
SKI,Sac City Municipal,IA,Sac City,42.37908333,-94.97958333
SHL,Sheldon Regional,IA,Sheldon,43.20839361,-95.83343306
SDA,Shenandoah Municipal,IA,Shenandoah,40.75148167,-95.41347222
SUX,Sioux Gateway/Brig General Bud Day Field,IA,Sioux City,42.40260333,-96.38436694
SPW,Spencer Municipal,IA,Spencer,43.16552778,-95.20280556
SLB,Storm Lake Municipal,IA,Storm Lake,42.59719444,-95.24066667
8C4,Mathews Memorial,IA,Tipton,None,None
VTI,Vinton Veterans Memorial Airpark,IA,Vinton,42.21862611,-92.02592806
AWG,Washington Municipal,IA,Washington,41.27610083,-91.67344389
ALO,Waterloo Regional,IA,Waterloo,42.55708139,-92.40034361
C25,Waverly Municipal,IA,Waverly,42.7419525,-92.50793528
EBS,Webster City Municipal,IA,Webster City,42.43663889,-93.86886111
3Y2,George L Scott Municipal,IA,West Union,42.98508917,-91.79060417
3Y3,Winterset Municipal,IA,Winterset,41.36276778,-94.02106194
K78,Abilene Municipal,KS,Abilene,38.90405583,-97.23585389
ANY,Anthony Municipal,KS,Anthony,37.15852194,-98.07964667
K59,Amelia Earhart,KS,Atchison,39.57052472,-95.18033139
ADT,Atwood-Rawlins County City-County,KS,Atwood,39.84013889,-101.0420278
3AU,Augusta Municipal,KS,Augusta,37.67162778,-97.07787222
RPB,Belleville Municipal,KS,Belleville,39.81790861,-97.659625
K61,Moritz Memorial,KS,Beloit,39.47115222,-98.12878389
UKL,Coffey County,KS,Burlington,38.30248472,-95.7249575
CNU,Chanute Martin Johnson,KS,Chanute,37.66879722,-95.48506444
8K8,Cimarron Municipal,KS,Cimarron,37.83057667,-100.3504222
CYW,Clay Center Municipal,KS,Clay Center,39.38713889,-97.15721417
CFV,Coffeyville Municipal,KS,Coffeyville,37.0940475,-95.57189417
CBK,Shalz Field,KS,Colby,39.42753083,-101.0465719
CNK,Blosser Municipal,KS,Concordia,39.54925139,-97.65231667
DDC,Dodge City Regional,KS,Dodge City,37.76312194,-99.96542389
EQA,El Dorado/Capt Jack Thomas Memorial,KS,El Dorado,37.77410833,-96.81762778
EHA,Elkhart-Morton County,KS,Elkhart,37.00188194,-101.8821258
9K7,Ellsworth Municipal,KS,Ellsworth,38.74750889,-98.23061222
EMP,Emporia Municipal,KS,Emporia,38.33211111,-96.19116667
13K,Lt William M Milliken,KS,Eureka,37.8515825,-96.29169806
FSK,Fort Scott Municipal,KS,Fort Scott,37.79843056,-94.76938111
GCK,Garden City Regional,KS,Garden City,37.92751556,-100.7244147
K34,Gardner Municipal,KS,Gardner,38.80708333,-94.95602778
K68,Garnett Municipal,KS,Garnett,38.27918833,-95.21691833
GLD,Renner Field/Goodland Municipal,KS,Goodland,39.37062194,-101.6989919
GBD,Great Bend Municipal,KS,Great Bend,38.34441861,-98.85917028
K67,Oswego Municipal,KS,Hallowell,37.15978667,-95.04246222
HYS,Hays Regional,KS,Hays,38.84494167,-99.27403361
HLC,Hill City Municipal,KS,Hill City,39.37883611,-99.83149444
HQG,Hugoton Municipal,KS,Hugoton,37.16308056,-101.3705267
HUT,Hutchinson Regional,KS,Hutchinson,38.06548306,-97.86063361
IDP,Independence Municipal,KS,Independence,37.15837222,-95.77838333
K88,Allen County,KS,Iola,37.87008333,-95.38638889
JHN,Stanton County Municipal,KS,Johnson,None,None
3JC,Freeman Field,KS,Junction City,39.04327556,-96.84328694
9K8,Kingman/Clyde Cessna Field,KS,Kingman,37.66660278,-98.12264722
36K,Kearny County,KS,Lakin,37.96946389,-101.2554472
LQR,Larned-Pawnee County,KS,Larned,38.20809667,-99.08607306
LWC,Lawrence Regional,KS,Lawrence,39.01115222,-95.21657694
3K7,Mark Hoard Memorial,KS,Leoti,38.45696333,-101.3532161
LBL,Liberal Mid-America Regional,KS,Liberal,37.04420944,-100.9598611
LYO,Lyons-Rice County Municipal,KS,Lyons,38.34261472,-98.22709639
MHK,Manhattan Regional,KS,Manhattan,39.14096722,-96.67083278
MYZ,Marysville Municipal,KS,Marysville,39.85416833,-96.63021389
MPR,McPherson,KS,McPherson,38.35243722,-97.69133028
MEJ,Meade Municipal,KS,Meade,37.27938889,-100.3563056
K51,Medicine Lodge,KS,Medicine Lodge,None,None
HRU,Herington Regional,KS,Morris (County),38.68322389,-96.80800639
48K,Ness City Municipal,KS,Ness City,38.47110278,-99.90806667
EWK,Newton-City-County,KS,Newton,38.05710528,-97.27522861
NRN,Norton Municipal,KS,Norton,39.84914444,-99.89320583
OEL,Oakley Municipal,KS,Oakley,39.10994444,-100.8164444
OIN,Oberlin Municipal,KS,Oberlin,39.83378278,-100.5394236
IXD,New Century Aircenter,KS,Olathe,38.83090472,-94.89030333
OJC,Johnson County Exec,KS,Olathe,38.84760194,-94.73758583
53K,Osage City Municipal,KS,Osage City,38.63334222,-95.80859806
OWI,Ottawa Municipal,KS,Ottawa,38.53866667,-95.25297222
K81,Miami County,KS,Paola,38.53751389,-94.92524194
PPF,Tri-City,KS,Parsons,37.33125778,-95.50900667
PHG,Phillipsburg Municipal,KS,Phillipsburg,39.73530556,-99.31741667
PTS,Atkinson Municipal,KS,Pittsburg,37.44855556,-94.73133333
PTT,Pratt Regional,KS,Pratt,37.7000175,-98.7462025
RSL,Russell Municipal,KS,Russell,38.87212222,-98.81177611
K83,Sabetha Municipal,KS,Sabetha,39.90416667,-95.7794325
SLN,Salina Regional,KS,Salina,38.7914825,-97.65060333
1K9,Satanta Municipal,KS,Satanta,37.45419111,-100.9921119
TQK,Scott City Municipal,KS,Scott City,38.47427778,-100.8849444
K82,Smith Center Municipal,KS,Smith Center,39.76112278,-98.79343639
SYF,Cheyenne County Municipal,KS,St. Francis,39.76104833,-101.7958414
RCP,Rooks County Regional,KS,Stockton,None,None
3K3,Syracuse-Hamilton County Municipal,KS,Syracuse,37.99167972,-101.7462822
FOE,Topeka Regional,KS,Topeka,38.95095194,-95.66361444
TOP,Philip Billard Municipal,KS,Topeka,39.0686575,-95.62248361
5K2,Tribune Municipal,KS,Tribune,38.45418222,-101.7462828
ULS,Ulysses,KS,Ulysses,37.60375278,-101.3733889
0H1,Trego Wakeeney,KS,Wakeeney,39.0044525,-99.89289917
EGT,Wellington Municipal,KS,Wellington,37.32441028,-97.38732333
AAO,Colonel James Jabara,KS,Wichita,37.74755556,-97.22113889
ICT,Wichita Dwight D Eisenhower Ntl,KS,Wichita,37.64995889,-97.43304583
WLD,Strother Field,KS,Winfield,37.16861556,-97.03752194
BRY,Samuels Field,KY,Bardstown,37.81432167,-85.49963806
BWG,Bowling Green-Warren County Regional,KY,Bowling Green,36.96451667,-86.41967917
1M9,Lake Barkley State Park,KY,Cadiz,None,None
AAS,Taylor County,KY,Campbellsville,37.35827778,-85.30941667
0I8,Cynthiana-Harrison County,KY,Cynthiana,38.36674167,-84.28410056
DVK,Stuart Powell Field,KY,Danville,37.57791667,-84.76969444
SJS,Big Sandy Regional,KY,Debord,None,None
EKX,Addington Field,KY,Elizabethtown,37.68694444,-85.92377778
2I3,Rough River State Park,KY,Falls of Rough,None,None
K62,Gene Snyder,KY,Falmouth,38.70423611,-84.39160417
FGX,Fleming-Mason,KY,Flemingsburg,38.54180556,-83.74338889
FFT,Capital City,KY,Frankfort,38.18248861,-84.90470083
1M7,Fulton,KY,Fulton,36.52589417,-88.91561611
27K,Georgetown-Scott County Regional,KY,Georgetown,38.23442528,-84.43468667
M34,Kentucky Dam State Park,KY,Gilbertsville,37.00950028,-88.29586639
GLW,Glasgow Municipal,KY,Glasgow,37.03205556,-85.95261111
M21,Muhlenberg County,KY,Greenville,37.22561111,-87.15752778
I93,Breckinridge County,KY,Hardinsburg,37.78505944,-86.44192194
I35,Tucker-Guthrie Memorial,KY,Harlan,36.85981028,-83.36101639
JQD,Ohio County,KY,Hartford,None,None
CPF,Wendell H Ford,KY,Hazard,None,None
CVG,Cincinnati/Northern Kentucky International,KY,Hebron,39.04614278,-84.6621725
EHR,Henderson City-County,KY,Henderson,37.8078425,-87.68569
HVC,Hopkinsville-Christian County,KY,Hopkinsville,36.85658333,-87.45725
JKL,Julian Carroll,KY,Jackson,37.59386111,-83.31725
K24,Russell County,KY,Jamestown,37.00888889,-85.10277778
M20,Leitchfield-Grayson County,KY,Leitchfield,None,None
KY8,Hancock County/Ron Lewis Field,KY,Lewisport,None,None
LEX,Blue Grass,KY,Lexington,38.03697222,-84.60538889
LOZ,London/Corbin/Magee,KY,London,37.08727778,-84.07677778
LOU,Bowman Field,KY,Louisville,38.228,-85.66372222
SDF,Louisville Muhammad Ali International,KY,Louisville,38.17438889,-85.736
2I0,Madisonville Regional,KY,Madisonville,37.35502778,-87.39963889
GDA,Marion-Crittenden County James C Johnson Regional,KY,Marion,None,None
M25,Mayfield Graves County,KY,Mayfield,36.76911111,-88.58472222
1A6,Middlesboro/Bell County,KY,Middlesboro,36.6106375,-83.73741611
EKQ,Wayne County,KY,Monticello,36.85527778,-84.85613889
SYM,Morehead-Rowan County Clyde A Thomas Regional,KY,Morehead,None,None
IOB,Mount Sterling/Montgomery County,KY,Mount Sterling,38.05813889,-83.97958333
CEY,Kyle-Oakley Field,KY,Murray,36.66458333,-88.37277722
OWB,Owensboro/Daviess County Regional,KY,Owensboro,37.74011111,-87.16683333
PAH,Barkley Regional,KY,Paducah,37.06083333,-88.77375
PBX,Pike County/Hatcher Field,KY,Pikeville,None,None
18I,McCreary County,KY,Pine Knot,36.69591306,-84.39160389
2M0,Princeton-Caldwell County,KY,Princeton,37.11560444,-87.85556944
RGA,Central Kentucky Regional,KY,Richmond,None,None
4M7,Russellville-Logan County,KY,Russellville,36.79991667,-86.81016667
SME,Lake Cumberland Regional,KY,Somerset,37.05419722,-84.61494139
8GK,Gallatin County,KY,Sparta,None,None
6I2,Lebanon Springfield-George Hoerter Field,KY,Springfield,37.63355556,-85.24216667
I50,Stanton,KY,Stanton,37.85008167,-83.84575194
TWT,Sturgis Municipal,KY,Sturgis,None,None
TZV,Tompkinsville/Monroe County,KY,Tompkinsville,36.72978,-85.65191556
9I3,West Liberty,KY,West Liberty,37.91453139,-83.25212111
BYL,Williamsburg-Whitley County,KY,Williamsburg,None,None
DWU,Ashland Regional,KY,Worthington,38.5545,-82.738
IYA,Abbeville Chris Crusta Memorial,LA,Abbeville,None,None
AEX,Alexandria International,LA,Alexandria,31.32737167,-92.54855611
BQP,Morehouse Memorial,LA,Bastrop,None,None
BTR,Baton Rouge Metro,LA,Ryan Field,30.53316083,-91.14963444
BXA,George R Carr Memorial Air Field,LA,Bogalusa,30.81368639,-89.86496444
0R7,The Red River,LA,Coushatta,31.99071694,-93.30739306
L31,St Tammany Regional,LA,Covington,30.44505417,-89.98887889
3R2,Le Gros Memorial,LA,Crowley,30.16173611,-92.48396111
5R8,DeQuincy Industrial Airpark,LA,DeQuincy,30.44117222,-93.47349722
DRI,Beauregard Regional,LA,DeRidder,30.83152778,-93.33963889
4R7,Eunice,LA,Eunice,30.46628389,-92.42379917
F87,Union Parish,LA,Farmerville,32.72495583,-92.33716583
GAO,South Lafourche Leonard Miller Jr,LA,Galliano,None,None
REG,Louisiana Regional,LA,Gonzales,None,None
HDC,Hammond Northshore Regional,LA,Hammond,30.52096889,-90.41762056
5F4,Homer Municipal,LA,Homer,32.78850806,-93.00366083
HUM,Houma-Terrebonne,LA,Houma,29.5665,-90.66041667
1R1,Jena,LA,Jena,31.671005,-92.15846722
3R7,Jennings,LA,Jennings,30.24269333,-92.67344778
F88,Jonesboro,LA,Jonesboro,32.20199028,-92.73293028
L32,Jonesville,LA,Jonesville,None,None
MSY,Louis Armstrong New Orleans International,LA,Kenner,29.99338889,-90.25802778
LFT,Lafayette Regional/Paul Fournet Field,LA,Lafayette,30.20527972,-91.987655
CWF,Chennault International,LA,Lake Charles,30.21059167,-93.14318944
LCH,Lake Charles Regional,LA,Lake Charles,30.1260975,-93.22340361
0M8,Byerley,LA,Lake Providence,32.82587917,-91.187665
L39,Leesville,LA,Leesville,31.16819444,-93.34245833
3F3,C E 'Rusty' Williams,LA,Mansfield,32.07345972,-93.76551889
3R4,Hart,LA,Many,31.54489667,-93.48645306
MKV,Marksville Municipal,LA,Marksville,31.09466,-92.06906861
MNE,Minden,LA,Minden,None,None
MLU,Monroe Regional,LA,Monroe,32.51086556,-92.03768778
IER,Natchitoches Regional,LA,Natchitoches,31.73572,-93.09913639
ARA,Acadiana Regional,LA,New Iberia,30.03775833,-91.88389611
NEW,Lakefront,LA,New Orleans,30.04242056,-90.02825694
HZR,False River Regional,LA,New Roads,30.71832333,-91.47866972
9M6,Kelly-Dumas,LA,Oak Grove,32.84921361,-91.40390611
ACP,Allen Parish,LA,Oakdale,None,None
OPL,St Landry Parish,LA,Opelousas,30.55840556,-92.099375
PTN,Harry P Williams Memorial,LA,Patterson,29.71081917,-91.33971778
ESF,Esler Regional,LA,Pineville,31.3949025,-92.29577194
M79,John H Hooks Jr Memorial,LA,Rayville,32.48633611,-91.77087528
APS,Port of South Louisiana Exec Regional,LA,Reserve,None,None
RSN,Ruston Regional,LA,Ruston,32.51444444,-92.58833333
DTN,Shreveport Downtown,LA,Shreveport,32.54021889,-93.7450225
SHV,Shreveport Regional,LA,Shreveport,32.4466275,-93.82559833
ASD,Slidell,LA,Slidell,30.345055,-89.82078833
SPH,Springhill,LA,Springhill,32.98316472,-93.41081028
UXL,Southland Field,LA,Sulphur,None,None
TVR,Vicksburg Tallulah Regional,LA,Tallulah,32.35160639,-91.02768917
L83,Thibodaux Municipal,LA,Terrebonne (Parish),29.74779194,-90.83289889
0R4,Concordia Parish,LA,Vidalia,31.56683278,-91.50011889
3F4,Vivian,LA,Vivian,32.86133333,-94.01015361
0R5,David G Joyce,LA,Winnfield,31.96366222,-92.66026056
F89,Winnsboro Municipal,LA,Winnsboro,32.15431917,-91.70012472
LEW,Auburn/Lewiston Municipal,ME,Auburn,44.04847278,-70.2835075
AUG,Augusta State,ME,Augusta,44.32064972,-69.79731806
BGR,Bangor International,ME,Bangor,44.80744444,-68.82813889
BHB,Hancock County/Bar Harbor,ME,Bar Harbor,44.44969444,-68.3615
BST,Belfast Municipal,ME,Belfast,44.40966667,-69.01225
0B1,Bethel Regional,ME,Bethel,44.42506444,-70.80784778
B19,Biddeford Municipal,ME,Biddeford,43.46411111,-70.47238889
BXM,Brunswick Exec,ME,Brunswick,None,None
CAR,Caribou Municipal,ME,Caribou,46.8715,-68.01791667
B21,Sugarloaf Regional,ME,Carrabassett,45.08616639,-70.21617778
1B0,Dexter Regional,ME,Dexter,45.00839444,-69.23976722
44B,Charles A Chase Jr Memorial Field,ME,Dover-Foxcroft,45.18338806,-69.2328225
EPM,Eastport Municipal,ME,Eastport,44.91011111,-67.01269444
FVE,Northern Aroostook Regional,ME,Frenchville,47.28550417,-68.31275
IZG,Eastern Slopes Regional,ME,Fryeburg,43.99114472,-70.94787444
3B1,Greenville Municipal,ME,Greenville,45.46302778,-69.55161111
HUL,Houlton International,ME,Houlton,46.12308333,-67.79205556
57B,Islesboro,ME,Islesboro,44.30285556,-68.91058722
59B,Newton Field,ME,Jackman,45.63199111,-70.24728944
LRG,Lincoln Regional,ME,Lincoln,45.36216083,-68.53474694
MVM,Machias Valley,ME,Machias,44.70311111,-67.47861111
MLT,Millinocket Municipal,ME,Millinocket,45.64783611,-68.68556194
OWK,Central Maine/Norridgewock,ME,Norridgewock,44.7155,-69.86647222
OLD,Dewitt Field/Old Town Municipal,ME,Old Town,44.9525,-68.67433333
81B,Oxford County Regional,ME,Oxford,44.15742611,-70.48129583
2B7,Pittsfield Municipal,ME,Pittsfield,44.76852778,-69.37441667
PWM,Portland International Jetport,ME,Portland,43.64616667,-70.30875
PQI,Presque Isle International,ME,Presque Isle,46.68896,-68.04479972
PNN,Princeton Municipal,ME,Princeton,45.20066667,-67.56438889
8B0,Stephen A Bean Municipal,ME,Rangeley,44.991895,-70.66462472
RKD,Knox County Regional,ME,Rockland,44.06008333,-69.09925
SFM,Sanford Seacoast Regional,ME,Sanford,43.39386111,-70.70800028
93B,Stonington Municipal,ME,Stonington,44.17508056,-68.67863722
WVL,Waterville Robert Lafleur,ME,Waterville,44.53325,-69.67552778
IWI,Wiscasset,ME,Wiscasset,43.96141667,-69.71255556
CGE,Cambridge-Dorchester Regional,MD,Cambridge,38.53930556,-76.03036111
CGS,College Park,MD,College Park,38.98058333,-76.92230556
W41,Crisfield-Somerset County,MD,Crisfield,38.01679028,-75.82882056
ESN,Easton/Newnam Field,MD,Easton,38.80416667,-76.069
FDK,Frederick Municipal,MD,Frederick,39.41758333,-77.37430556
GAI,Montgomery County Airpark,MD,Gaithersburg,39.16833611,-77.166
BWI,Baltimore/Washington International Thurgood Marshall,MD,Glen Burnie,39.17540167,-76.66819833
HGR,Hagerstown Regional/Richard A Henson Field,MD,Hagerstown,39.70794444,-77.7295
2W5,Maryland,MD,Indian Head,38.60053667,-77.07296917
2W6,St Mary's County Regional,MD,Leonardtown,38.31536111,-76.55011111
MTN,Martin State,MD,Middle River,39.32566333,-76.41376556
2G4,Garrett County,MD,Oakland,39.58027778,-79.33941667
OXB,Ocean City Municipal,MD,Ocean City,38.31044444,-75.12397222
FME,Tipton,MD,Odenton,39.08538667,-76.75941444
SBY,Salisbury-Ocean City Wicomico Regional,MD,Salisbury,38.34052611,-75.51028806
W29,Bay Bridge,MD,Stevensville,38.97638889,-76.32963889
DMW,Carroll County Regional/Jack B Poage Field,MD,Westminster,39.60827778,-77.00766667
CBE,Greater Cumberland Regional,MD,Wiley Ford,39.61541667,-78.76086361
BED,Laurence G Hanscom Field,MA,Bedford,42.46995306,-71.28903
BVY,Beverly Regional,MA,Beverly,42.58417111,-70.91651833
BOS,General Edward Lawrence Logan International,MA,Boston,42.3643475,-71.00517917
CQX,Chatham Municipal,MA,Chatham,41.68840028,-69.98952417
CEF,Westover ARB/Metro,MA,Chicopee,42.19826389,-72.53425833
FIT,Fitchburg Municipal,MA,Fitchburg,42.55412194,-71.75895639
GDM,Gardner Municipal,MA,Gardner,42.54986639,-72.01602194
HYA,Cape Cod Gateway,MA,Hyannis,41.66933639,-70.28035583
LWM,Lawrence Municipal,MA,Lawrence,42.71720944,-71.12343
1B9,Mansfield Municipal,MA,Mansfield,42.00013306,-71.19677139
GHG,Marshfield Municipal - George Harlow Field,MA,Marshfield,None,None
0B5,Turners Falls,MA,Montague,42.59136361,-72.52275472
ACK,Nantucket Memorial,MA,Nantucket,41.25305194,-70.06018139
EWB,New Bedford Regional,MA,New Bedford,41.67614167,-70.95694167
AQW,Harriman-And-West,MA,North Adams,42.69591417,-73.17038306
OWD,Norwood Memorial,MA,Norwood,42.19079694,-71.17310389
ORE,Orange Municipal,MA,Orange,42.57011889,-72.28860667
PSF,Pittsfield Municipal,MA,Pittsfield,42.42684667,-73.29292806
PYM,Plymouth Municipal,MA,Plymouth,41.90902444,-70.72878778
PVC,Provincetown Municipal,MA,Provincetown,42.07199833,-70.22137667
3B0,Southbridge Municipal,MA,Southbridge,42.10092806,-72.03840833
6B6,Minute Man Air Field,MA,Stow,42.46045361,-71.51791444
TAN,Taunton Municipal - King Field,MA,Taunton,41.87460139,-71.01687583
MVY,Martha's Vineyard,MA,Vineyard Haven,41.39302583,-70.6143325
BAF,Westfield-Barnes Regional,MA,Westfield,42.15773111,-72.71562028
ORH,Worcester Regional,MA,Worcester,42.26733944,-71.87570944
ADG,Lenawee County,MI,Adrian,41.86943667,-84.07480528
35D,Padgham Field,MI,Allegan,42.53098278,-85.82513556
AMN,Gratiot Community,MI,Alma,43.3221425,-84.68794917
APN,Alpena County Regional,MI,Alpena,45.0780675,-83.56028583
ARB,Ann Arbor Municipal,MI,Ann Arbor,42.22298361,-83.74560722
Y93,Atlanta Municipal,MI,Atlanta,45.00000833,-84.13333667
BAX,Huron County Memorial,MI,Bad Axe,43.78091667,-82.98566667
BTL,Battle Creek Exec at Kellogg Field,MI,Battle Creek,42.30727806,-85.25147972
3CM,James Clements Municipal,MI,Bay City,43.54691667,-83.89550222
SJX,Beaver Island,MI,Beaver Island,45.69227778,-85.56630556
ACB,Antrim County,MI,Bellaire,44.98857611,-85.198355
BEH,Southwest Michigan Regional,MI,Benton Harbor,42.12858333,-86.4285
RQB,Roben-Hood,MI,Big Rapids,43.72263278,-85.50407333
CAD,Wexford County,MI,Cadillac,44.27531333,-85.41892694
CFS,Tuscola Area,MI,Caro,None,None
CVX,Charlevoix Municipal,MI,Charlevoix,45.30477778,-85.27477778
FPK,Fitch H Beach,MI,Charlotte,None,None
SLH,Cheboygan County,MI,Cheboygan,None,None
48D,Clare Municipal,MI,Clare,43.83111111,-84.74133333
LAN,Capital Region International,MI,Clinton (Township of),42.7787,-84.58735806
OEB,Branch County Memorial,MI,Coldwater,41.93344861,-85.052585
DET,Coleman A Young Municipal,MI,Detroit,42.40919444,-83.00986111
DTW,Detroit Metro Wayne County,MI,Detroit,42.21205889,-83.34883583
YIP,Willow Run,MI,Detroit,42.2379275,-83.53040889
C91,Dowagiac Municipal,MI,Dowagiac,41.99293417,-86.1280125
DRM,Drummond Island,MI,Drummond Island,None,None
ESC,Delta County,MI,Escanaba,45.72266972,-87.09373139
9C8,Evart Municipal,MI,Evart,43.8958525,-85.27920861
FNT,Bishop International,MI,Flint,42.96550333,-83.74345639
FKS,Frankfort Dow Memorial Field,MI,Frankfort,None,None
FFX,Fremont Municipal,MI,Fremont,None,None
GLR,Gaylord Regional,MI,Gaylord,45.01354806,-84.70318944
GDW,Gladwin Zettel Memorial,MI,Gladwin,43.97063278,-84.47503861
3GM,Grand Haven Memorial Airpark,MI,Grand Haven,43.03404639,-86.1981625
4D0,Abrams Municipal,MI,Grand Ledge,42.77420167,-84.73309806
GRR,Gerald R Ford International,MI,Grand Rapids,42.88081972,-85.52276778
GOV,Grayling AAF,MI,Grayling,None,None
6D6,Greenville Municipal,MI,Greenville,43.14228139,-85.25380722
ONZ,Grosse Ile Municipal,MI,Grosse Ile (Township of),42.09860472,-83.16105861
SAW,Marquette/Sawyer Regional,MI,Gwinn,46.35361111,-87.39583222
CMX,Houghton County Memorial,MI,Hancock,47.16841722,-88.48906083
MGN,Harbor Springs,MI,Harbor Springs,None,None
C04,Oceana County,MI,Hart,None,None
9D9,Hastings,MI,Hastings,42.66361778,-85.34625944
JYM,Hillsdale Municipal,MI,Hillsdale,41.92126083,-84.5857625
BIV,West Michigan Regional,MI,Holland,42.74316667,-86.10502778
HTL,Roscommon County/Blodgett Memorial,MI,Houghton Lake,44.35980556,-84.67111111
OZW,Livingston County Spencer J Hardy,MI,Howell,42.62950694,-83.98417361
Y70,Ionia County,MI,Ionia,42.93769972,-85.06066722
IMT,Ford,MI,Iron Mountain,45.81835417,-88.1145425
IWD,Gogebic/Iron County,MI,Ironwood,46.52747472,-90.13139667
JXN,Jackson County/Reynolds Field,MI,Jackson,42.25978556,-84.45940361
AZO,Kalamazoo/Battle Creek International,MI,Kalamazoo,42.234875,-85.5520575
13C,Lakeview/Griffith Field,MI,Lakeview,43.45213722,-85.26480333
DUH,Toledo Suburban,MI,Lambertville,None,None
D95,Dupont/Lapeer,MI,Lapeer,43.06703333,-83.27244444
LDM,Mason County,MI,Ludington,43.96253278,-86.40791528
MCD,Mackinac Island,MI,Mackinac Island,45.86493444,-84.63734444
MBL,Manistee County/Blacker,MI,Manistee,44.27319722,-86.2490025
ISQ,Schoolcraft County,MI,Manistique,45.97464056,-86.17183056
77G,Marlette Township,MI,Marlette,43.31183,-83.09091444
RMY,Brooks Field,MI,Marshall,42.25118111,-84.9554525
TEW,Mason Jewett Field,MI,Mason,42.56576833,-84.42321861
MNM,Menominee Regional,MI,Menominee,45.12665028,-87.63844056
IKW,Jack Barstow,MI,Midland,None,None
51M,Oscoda County/Dennis Kauffman Memorial,MI,Mio,None,None
TTF,Custer,MI,Monroe,41.93990639,-83.43468306
MOP,Mount Pleasant Municipal,MI,Mount Pleasant,43.62166833,-84.737485
MKG,Muskegon County,MI,Muskegon,43.16948806,-86.23822306
Y47,Oakland Southwest,MI,New Hudson,42.50311694,-83.62371667
ERY,Luce County,MI,Newberry,46.31118694,-85.45731639
3TR,Jerry Tyler Memorial,MI,Niles,41.83590806,-86.22517611
OGM,Ontonagon County/Schuster Field,MI,Ontonagon,46.84547028,-89.36708806
OSC,Oscoda/Wurtsmith,MI,Oscoda,44.45260972,-83.38036389
RNP,Owosso Community,MI,Owosso,None,None
PLN,Pellston Regional/Emmet County,MI,Pellston,45.5709275,-84.796715
1D2,Canton-Plymouth-Mettetal,MI,Plymouth,42.35003667,-83.45826833
6Y1,Bois Blanc Island,MI,Pointe Aux Pins,None,None
PTK,Oakland County International,MI,Pontiac,42.66520389,-83.41870917
PHN,St Clair County International,MI,Port Huron,42.91095778,-82.52886139
PZQ,Presque Isle County,MI,Rogers City,45.40709667,-83.81288556
D98,Romeo State,MI,Romeo,42.79699083,-82.97526583
HYX,Saginaw County/H W Browne,MI,Saginaw,None,None
MBS,MBS International,MI,Saginaw,43.53291472,-84.07964722
Y83,Sandusky City,MI,Sandusky,43.45418694,-82.84938028
CIU,Chippewa County International,MI,Sault Ste. Marie,46.25075194,-84.47238528
LWA,South Haven Area Regional,MI,South Haven,None,None
8D4,Paul C Miller/Sparta,MI,Sparta,43.12860833,-85.67689778
83D,Mackinac County,MI,St. Ignace,45.89029056,-84.73755083
IRS,Kirsch Municipal,MI,Sturgis,41.8128725,-85.43906111
HAI,Three Rivers Municipal/Dr Haines,MI,Three Rivers,41.95975,-85.59338889
TVC,Cherry Capital,MI,Traverse City,44.74144472,-85.582235
VLL,Oakland/Troy,MI,Troy,None,None
Y31,West Branch Community,MI,West Branch,44.244825,-84.17980472
42C,White Cloud,MI,White Cloud,43.55974139,-85.77421944
AIT,Aitkin Municipal/Steve Kurtz Field,MN,Aitkin,46.5484225,-93.6768
AEL,Albert Lea Municipal,MN,Albert Lea,43.68151278,-93.36723778
AXN,Chandler Field,MN,Alexandria,45.86629833,-95.39466806
AUM,Austin Municipal,MN,Austin,43.66499083,-92.933385
BDE,Baudette International,MN,Baudette,48.72741667,-94.61030556
BJI,Bemidji Regional,MN,Bemidji,47.50942417,-94.93372333
BBB,Benson Municipal,MN,Benson,45.3319325,-95.650565
ANE,Anoka County/Blaine (Janes Field),MN,Blaine,45.145,-93.21138889
SBU,Blue Earth Municipal,MN,Blue Earth,43.59534389,-94.09284833
BRD,Brainerd Lakes Regional,MN,Brainerd,46.39785806,-94.1372275
CFE,Buffalo Municipal,MN,Buffalo,None,None
CHU,Houston County,MN,Caledonia,43.59635861,-91.50394639
CBG,Cambridge Municipal,MN,Cambridge,45.55854639,-93.26464361
CNB,Myers Field,MN,Canby,None,None
COQ,Cloquet/Carlton County,MN,Cloquet,46.70016833,-92.50552861
CQM,Cook Municipal,MN,Cook,None,None
CKN,Crookston Municipal/Kirkwood Field,MN,Crookston,47.84169417,-96.62162028
DTL,Detroit Lakes/Wething Field,MN,Detroit Lakes,46.82520861,-95.8856875
TOB,Dodge Center,MN,Dodge Center,44.018,-92.8315
DLH,Duluth International,MN,Duluth,46.84209028,-92.19364861
DYT,Sky Harbor,MN,Duluth,46.72186083,-92.04343889
Y63,Elbow Lake Municipal/Pride of the Prairie,MN,Elbow Lake,45.98607111,-95.99199861
ELO,Ely Municipal,MN,Ely,47.82454639,-91.83073056
EVM,Eveleth/Virginia Municipal,MN,Eveleth,47.42507778,-92.49846944
FRM,Fairmont Municipal,MN,Fairmont,43.64394111,-94.41561556
FBL,Faribault Municipal-Liz Wall Strohfus Field,MN,Faribault,44.32468556,-93.31082889
FFM,Fergus Falls Municipal/Einar Mickelson Field,MN,Fergus Falls,46.28439389,-96.15668556
FSE,Fosston Municipal/Anderson Field,MN,Fosston,47.59282028,-95.77349889
GYL,Glencoe Municipal,MN,Glencoe,None,None
GHW,Glenwood Municipal,MN,Glenwood,45.64389167,-95.32043056
CKC,Grand Marais/Cook County,MN,Grand Marais,47.83830556,-90.38313889
GPZ,Grand Rapids/Itasca County-Gordon Newstrom Field,MN,Grand Rapids,47.21110333,-93.50984472
HCO,Hallock Municipal,MN,Hallock,48.75273139,-96.94300306
04Y,Hawley Municipal,MN,Hawley,46.88384889,-96.35089861
1D6,Hector Municipal,MN,Hector,44.73107278,-94.71471333
HIB,Range Regional,MN,Hibbing,47.38659917,-92.83899333
HCD,Hutchinson Municipal/Butler Field,MN,Hutchinson,44.85890667,-94.38178917
INL,Falls International/Einarson Field,MN,International Falls,48.56618722,-93.40306667
MJQ,Jackson Municipal,MN,Jackson,43.65004111,-94.98654611
21D,Lake Elmo,MN,Lake Elmo,44.99748861,-92.85568111
LVN,Airlake,MN,Lakeville,44.62785361,-93.22810806
12Y,Le Sueur Municipal,MN,Le Sueur,44.43746472,-93.91274083
LJF,Litchfield Municipal,MN,Litchfield,45.09712889,-94.50726833
LXL,Little Falls/Morrison County-Lindbergh Field,MN,Little Falls,45.94943778,-94.34708472
14Y,Todd Field,MN,Long Prairie,45.89857556,-94.87391
XVG,Longville Municipal,MN,Longville,46.99016361,-94.20400222
LYV,Quentin Aanenson Field,MN,Luverne,None,None
DXX,Lac qui Parle County,MN,Madison,44.98624,-96.17773611
3N8,Mahnomen County,MN,Mahnomen,47.25996056,-95.92809778
MKT,Mankato Regional,MN,Mankato,44.22164528,-93.91874333
MML,Southwest Minnesota Regional Marshall/Ryan Field,MN,Marshall,44.45006611,-95.82234028
FCM,Flying Cloud,MN,Minneapolis,44.82724111,-93.45714639
MIC,Crystal,MN,Minneapolis,45.06198611,-93.3539375
MSP,Minneapolis-St Paul International/Wold-Chamberlain,MN,Minneapolis,44.88054694,-93.2169225
MVE,Montevideo-Chippewa County,MN,Montevideo,44.96905556,-95.71025
JKJ,Moorhead Municipal/Florence Klingensmith Field,MN,Moorhead,46.83919194,-96.66313028
MZH,Moose Lake Carlton County,MN,Moose Lake,None,None
JMR,Mora Municipal,MN,Mora,45.88609722,-93.27177833
MOX,Morris Municipal/Charlie Schmidt Field,MN,Morris,45.56651667,-95.96763611
ULM,New Ulm Municipal,MN,New Ulm,44.31957306,-94.50230778
ORB,Orr Regional,MN,Orr,48.01592194,-92.85605139
VVV,Ortonville Municipal/Martinson Field,MN,Ortonville,45.30566472,-96.42442278
OWA,Owatonna Degner Regional,MN,Owatonna,44.12339722,-93.26061667
PKD,Park Rapids Municipal/Konshok Field,MN,Park Rapids,46.90062583,-95.07313278
PEX,Paynesville Municipal,MN,Paynesville,None,None
PWC,Pine River Regional,MN,Pine River,46.7247875,-94.3817
PQN,Pipestone Municipal,MN,Pipestone,43.98330333,-96.30031083
FKA,Fillmore County,MN,Preston,None,None
PNM,Princeton Municipal,MN,Princeton,45.55986778,-93.60821611
RGK,Red Wing Regional,MN,Red Wing,44.58935611,-92.48496889
RWF,Redwood Falls Municipal,MN,Redwood Falls,44.54720389,-95.082255
RST,Rochester International,MN,Rochester,43.90882639,-92.49798722
ROX,Roseau Municipal/Rudy Billberg Field,MN,Roseau,48.85603806,-95.69703861
ROS,Rush City Regional,MN,Rush City,45.69801389,-92.95298972
55Y,Rushford Municipal/Robert W Bunke Field,MN,Rushford,None,None
D39,Sauk Centre Municipal,MN,Sauk Centre,None,None
SGS,South St Paul Municipal/Richard E Fleming Field,MN,South St. Paul,44.85713278,-93.03285389
D42,Springfield Municipal,MN,Springfield,44.23107,-94.99893444
STC,St. Cloud Regional,MN,St. Cloud,45.54532417,-94.05833667
JYG,St James Municipal,MN,St. James,43.98631833,-94.55793722
STP,St Paul Downtown Holman Field,MN,St. Paul,44.9344725,-93.05999861
SAZ,Staples Municipal,MN,Staples,46.38087944,-94.80660167
TVF,Thief River Falls Regional,MN,Thief River Falls,48.06550028,-96.18336083
12D,Tower Municipal,MN,Tower,47.81833333,-92.29166667
TKC,Tracy Municipal,MN,Tracy,None,None
TWM,Richard B Helgeson,MN,Two Harbors,47.049225,-91.74514167
ADC,Wadena Municipal,MN,Wadena,46.45026972,-95.21095472
Y49,Walker Municipal,MN,Walker,None,None
RRT,Warroad International Memorial,MN,Warroad,48.94138889,-95.34838889
ACQ,Waseca Municipal/Maynard Richard Stensrud Field,MN,Waseca,44.07346389,-93.55294361
ETH,Wheaton Municipal,MN,Wheaton,45.78046056,-96.54353972
BDH,Willmar Municipal/John L Rice Field,MN,Willmar,None,None
MWM,Windom Municipal,MN,Windom,43.91340167,-95.10940833
ONA,Winona Municipal-Max Conrad Field,MN,Winona,44.07721306,-91.70831694
10D,Winsted Municipal,MN,Winsted,44.94996278,-94.0669175
OTG,Worthington Municipal,MN,Worthington,43.65506611,-95.57920917
M40,Monroe County,MS,Aberdeen,33.87374861,-88.48967833
9M4,Ackerman Choctaw County,MS,Ackerman,33.3034575,-89.22840028
PMU,Panola County,MS,Batesville,None,None
00M,Thigpen Field,MS,Bay Springs,31.95376472,-89.23450472
HSA,Stennis International,MS,Bay St. Louis,30.36780778,-89.45461083
01M,Tishomingo County,MS,Belmont,34.49166667,-88.20111111
1M2,Belzoni Municipal,MS,Belzoni,33.14518056,-90.51528472
8M1,Booneville/Baldwyn,MS,Booneville,34.58981806,-88.64699861
1R7,Brookhaven-Lincoln County,MS,Brookhaven,31.6058475,-90.40931583
GWO,Greenwood-Leflore,MS,Carroll (County),33.49432667,-90.084705
08M,Carthage-Leake County,MS,Carthage,32.76124611,-89.53007139
09M,Charleston Municipal,MS,Charleston,33.99150222,-90.078145
CKM,Fletcher Field,MS,Clarksdale,34.29971,-90.51231611
RNV,Cleveland Municipal,MS,Cleveland,33.76114056,-90.75787528
0R0,Columbia/Marion County,MS,Columbia,31.29700806,-89.81282944
GTR,Golden Triangle Regional,MS,Columbus,33.45033444,-88.59136861
UBS,Columbus-Lowndes County,MS,Columbus,33.46539667,-88.38031639
CRX,Roscoe Turner,MS,Corinth,34.91496778,-88.60348361
C71,Crosby Municipal,MS,Crosby,31.29600472,-91.05288167
M11,Copiah County,MS,Crystal Springs,31.90293639,-90.36870222
M37,Ruleville-Drew,MS,Drew,33.77639167,-90.52500833
06M,Eupora,MS,Eupora,33.53456583,-89.31256917
2M4,G V Montgomery,MS,Forest,32.35347778,-89.48867944
GLH,Greenville Mid-Delta,MS,Greenville,33.48288111,-90.98561389
GNF,Grenada Municipal,MS,Grenada,33.83253,-89.79822806
GPT,Gulfport-Biloxi International,MS,Gulfport,30.40728028,-89.07009278
HBG,Hattiesburg Bobby L Chain Municipal,MS,Hattiesburg,31.26506556,-89.2530325
14M,Hollandale Municipal,MS,Hollandale,33.18262167,-90.83065444
M41,Holly Springs-Marshall County,MS,Holly Springs,34.80434611,-89.5211075
M44,Houston Municipal,MS,Houston,33.89177944,-89.02367194
IDL,Indianola Municipal,MS,Indianola,33.48574611,-90.67887611
15M,Iuka,MS,Iuka,34.7723125,-88.16587444
HKS,Hawkins Field,MS,Jackson,32.3347725,-90.22253167
JAN,Jackson-Medgar Wiley Evers International,MS,Jackson,32.31116667,-90.07588889
OSX,Kosciusko-Attala County,MS,Kosciusko,33.09025889,-89.54201722
LUL,Hesler-Noble Field,MS,Laurel,31.67255139,-89.17222417
19M,C A Moore,MS,Lexington,33.12546111,-90.02555694
LMS,Louisville/Winston County,MS,Louisville,33.14620944,-89.06247917
4R1,I H Bass Jr Memorial,MS,Lumberton,31.01546028,-89.48256556
20M,Macon Municipal,MS,Macon,33.13345889,-88.53559806
MBO,Bruce Campbell Field,MS,Madison,32.43866444,-90.10309222
17M,Magee Municipal,MS,Magee,31.86127139,-89.80285361
MCB,McComb/Pike County/John E Lewis Field,MS,McComb,31.17845444,-90.47187528
MEI,Key Field,MS,Meridian,32.33313333,-88.75120556
PIB,Hattiesburg/Laurel Regional,MS,Moselle,31.46714944,-89.33705778
HEZ,Hardy-Anders Field/Natchez-Adams County,MS,Natchez,31.61366111,-91.29733639
M72,New Albany/Union County,MS,New Albany,34.54722222,-89.02416667
M23,James H Easom Field,MS,Newton,32.31181111,-89.13589194
5A4,Okolona Municipal/Richard Stovall Field,MS,Okolona,34.01580528,-88.72618944
OLV,Olive Branch/Taylor Field,MS,Olive Branch,34.97875,-89.78683333
UOX,University-Oxford,MS,Oxford,34.38431528,-89.53530972
PQL,Trent Lott International,MS,Pascagoula,30.46278111,-88.52922778
MPE,Philadelphia Municipal,MS,Philadelphia,32.7995775,-89.12589472
MJD,Picayune Municipal,MS,Picayune,None,None
04M,Calhoun County,MS,Pittsboro,33.93011222,-89.34285194
22M,Pontotoc County,MS,Pontotoc,34.27593833,-89.03839694
M13,Poplarville/Pearl River County,MS,Poplarville,30.78602056,-89.50450694
M43,Prentiss-Jefferson Davis County,MS,Prentiss,31.59544583,-89.90619056
23M,Clarke County,MS,Quitman,32.08487111,-88.73893389
JVW,John Bell Williams,MS,Raymond,None,None
M59,Richton-Perry County,MS,Richton,31.31739944,-88.93504778
25M,Ripley,MS,Ripley,34.72226778,-89.01504944
STF,George M Bryan,MS,Starkville,33.43381667,-88.84863806
UTA,Tunica Municipal,MS,Tunica,None,None
TUP,Tupelo Regional,MS,Tupelo,34.26810833,-88.769895
T36,Paul Pittman Memorial,MS,Tylertown,31.14601111,-90.168145
VKS,Vicksburg Municipal,MS,Vicksburg,None,None
33M,Water Valley Municipal,MS,Water Valley,34.16677639,-89.68619722
2R0,Waynesboro Municipal,MS,Waynesboro,31.64599472,-88.63475667
M83,McCharen Field,MS,West Point,33.58403556,-88.66668694
M24,Dean Griffin Memorial,MS,Wiggins,30.84324389,-89.15977333
5A6,Winona-Montgomery County,MS,Winona,33.46540139,-89.72924806
87I,Yazoo County,MS,Yazoo City,32.883215,-90.4636475
2H2,Jerry Sumners Sr Aurora Municipal,MO,Aurora,36.96230778,-93.69531111
M17,Bolivar Municipal,MO,Bolivar,37.59693194,-93.34765
VER,Jesse Viertel Memorial,MO,Boonville,38.94577556,-92.68277139
H19,Bowling Green Municipal,MO,Bowling Green,39.36993361,-91.21925556
BBG,Branson,MO,Branson,None,None
FWB,Branson West Municipal - Emerson Field,MO,Branson West,None,None
MO8,North Central Missouri Regional,MO,Brookfield,None,None
BUM,Butler Memorial,MO,Butler,38.28977028,-94.34012694
TVB,Cabool Memorial,MO,Cabool,37.13244083,-92.08396167
OZS,Camdenton Memorial-Lake Regional,MO,Camdenton,None,None
EZZ,Cameron Memorial,MO,Cameron,39.72755972,-94.276375
CGI,Cape Girardeau Regional,MO,Cape Girardeau,37.22531694,-89.57075167
M05,Caruthersville Memorial,MO,Caruthersville,36.17506917,-89.67508
94K,Cassville Municipal,MO,Cassville,36.69741667,-93.90052778
SUS,Spirit of St. Louis,MO,Chesterfield,38.66187028,-90.65123
CHT,Chillicothe Municipal,MO,Chillicothe,39.78215278,-93.49568056
GLY,Clinton Regional,MO,Clinton,38.35657306,-93.68417694
COU,Columbia Regional,MO,Columbia,38.81809306,-92.21962917
UBX,Cuba Municipal,MO,Cuba,38.06877667,-91.42885694
DXE,Dexter Municipal,MO,Dexter,36.77747,-89.94117333
H79,Eldon Model Airpark,MO,Eldon,38.36062611,-92.57157139
FAM,Farmington Regional,MO,Farmington,37.76107917,-90.42859722
TBN,Waynesville-St Robert Regional Forney Field,MO,Fort Leonard Wood (U.S. Army),37.74163111,-92.14073611
H88,A Paul Vance Fredericktown Regional,MO,Fredericktown,37.605825,-90.28731389
FTT,Elton Hensley Memorial,MO,Fulton,38.83987472,-92.00421056
HAE,Hannibal Regional,MO,Hannibal,39.72448944,-91.44367944
LRY,Lawrence Smith Memorial,MO,Harrisonville,None,None
HIG,Higginsville Industrial Municipal,MO,Higginsville,39.07334639,-93.67716083
M48,Houston Memorial,MO,Houston,37.33009167,-91.97316944
JEF,Jefferson City Memorial,MO,Jefferson City,38.59117917,-92.15614389
JLN,Joplin Regional,MO,Joplin,37.15181361,-94.49826833
AIZ,Lee C Fine Memorial,MO,Kaiser,38.096035,-92.5494875
MCI,Kansas City International,MO,Kansas City,39.29760528,-94.71390556
MKC,Charles B Wheeler Downtown,MO,Kansas City,39.12324111,-94.592735
TKX,Kennett Memorial,MO,Kennett,36.23087083,-90.03466806
IRK,Kirksville Regional,MO,Kirksville,40.09364444,-92.54496917
LLU,Lamar Municipal,MO,Lamar,37.4894925,-94.31150444
LBO,Floyd W Jones Lebanon,MO,Lebanon,37.64718056,-92.65375778
LXT,Lee's Summit Municipal,MO,Lee's Summit,38.95975,-94.37158333
1H3,State Technical College of Missouri,MO,Linn,38.47149444,-91.81531667
K89,Macon-Fower Memorial,MO,Macon,39.72870694,-92.464455
MAW,Malden Regional,MO,Malden,36.60055694,-89.99220278
MHL,Marshall Memorial Municipal,MO,Marshall,39.09575472,-93.20287889
EVU,Northwest Missouri Regional,MO,Maryville,40.35260167,-94.91552722
03D,Memphis Memorial,MO,Memphis,40.44725889,-92.22696056
MYJ,Mexico Memorial,MO,Mexico,None,None
MBY,Omar N Bradley,MO,Moberly,39.46392583,-92.42759778
HFJ,Monett Regional,MO,Monett,None,None
6M6,Lewis County Regional,MO,Monticello,40.12916667,-91.67833333
GPH,Midwest Ntl Air Center,MO,Mosby,39.33046528,-94.30997361
1MO,Mountain Grove Memorial,MO,Mountain Grove,37.12071889,-92.311245
MNF,Mountain View,MO,Mountain View,36.99282694,-91.71445611
EOS,Neosho Hugh Robinson,MO,Neosho,36.81080556,-94.39169444
NVD,Nevada Municipal,MO,Nevada,37.85206528,-94.30486472
EIW,County Memorial,MO,New Madrid,36.53531083,-89.59971722
K15,Grand Glaize-Osage Beach,MO,Osage Beach,38.11045,-92.68054583
PCD,Perryville Regional,MO,Perryville,None,None
PYN,Piedmont Municipal,MO,Piedmont,None,None
POF,Poplar Bluff Regional Business,MO,Poplar Bluff,36.77394444,-90.32484722
8WC,Washington County,MO,Potosi,None,None
K33,Salem Memorial,MO,Salem,37.61523333,-91.60444167
DMO,Sedalia Regional,MO,Sedalia,38.70688889,-93.17611111
SIK,Sikeston Memorial Municipal,MO,Sikeston,36.89888889,-89.56175
SGF,Springfield-Branson Ntl,MO,Springfield,37.24432611,-93.38685806
SET,St Charles County Regional/Smartt Field,MO,St. Charles,38.92969444,-90.42996111
STJ,Rosecrans Memorial,MO,St. Joseph,39.77194444,-94.90970556
1H0,Creve Coeur,MO,St. Louis,38.72752,-90.50830417
STL,St Louis Lambert International,MO,St. Louis,38.74768694,-90.35998972
UUV,Sullivan Regional,MO,Sullivan,38.23343056,-91.16433333
K57,Gould Peterson Municipal,MO,Tarkio,40.44583139,-95.36275806
TRX,Trenton Municipal,MO,Trenton,40.08351333,-93.59063472
VIH,Rolla Ntl,MO,Vichy,38.12743222,-91.7695225
RCM,Skyhaven,MO,Warrensburg,None,None
RAW,Warsaw Municipal,MO,Warsaw,None,None
FYG,Washington Regional,MO,Washington,None,None
UNO,West Plains Regional,MO,West Plains,36.87813889,-91.90269444
3U3,Bowman Field,MT,Anaconda,46.15313278,-112.86784
BHK,Baker Municipal,MT,Baker,46.34763639,-104.2594475
3U8,Big Sandy,MT,Big Sandy,48.16247972,-110.1132631
6S0,Big Timber at Howard Field,MT,Big Timber,45.80638889,-109.9811111
BIL,Billings Logan International,MT,Billings,45.8076625,-108.5428611
BZN,Bozeman Yellowstone International,MT,Bozeman,45.77690139,-111.1530072
00F,Broadus,MT,Broadus,None,None
BTM,Bert Mooney,MT,Butte,45.95479528,-112.49746
LTY,Liberty County,MT,Chester,None,None
S71,Edgar G Obie,MT,Chinook,48.59194444,-109.2488889
CII,Choteau,MT,Choteau,47.82528056,-112.1662136
4U6,Circle Town County,MT,Circle,47.41861972,-105.5619431
M46,Colstrip,MT,Colstrip,45.85285,-106.7092722
6S3,Woltermann Memorial,MT,Columbus,45.6291075,-109.2507167
S01,Conrad,MT,Conrad,48.16863889,-111.9764722
S85,Big Sky Field,MT,Culbertson,48.15333333,-104.5038889
CTB,Cut Bank International,MT,Cut Bank,48.60835444,-112.3761464
38S,Deer Lodge-City-County,MT,Deer Lodge,46.38881583,-112.7669842
DLN,Dillon,MT,Dillon,45.25536056,-112.5525067
97M,Ekalaka,MT,Ekalaka,45.87791444,-104.5375072
EKS,Ennis Big Sky,MT,Ennis,None,None
88M,Eureka,MT,Eureka,48.96885444,-115.0704464
1S3,Tillitt Field,MT,Forsyth,46.27110639,-106.6239206
79S,Fort Benton,MT,Fort Benton,47.84583333,-110.6336111
29S,Gardiner,MT,Gardiner,45.04993556,-110.7466008
5U8,Geraldine,MT,Geraldine,47.59664,-110.2660367
GGW,Wokal Field/Glasgow-Valley County,MT,Glasgow,48.21246417,-106.6148231
GDV,Dawson Community,MT,Glendive,47.13871861,-104.8071994
GTF,Great Falls International,MT,Great Falls,47.48200194,-111.3706853
HRF,Ravalli County,MT,Hamilton,None,None
00U,Big Horn County,MT,Hardin,None,None
48S,Harlem,MT,Harlem,48.56666472,-108.7729339
HWQ,Wheatland County at Harlowton,MT,Harlowton,46.4541225,-109.8549061
HVR,Havre City-County,MT,Havre,48.542985,-109.7623419
HLN,Helena Regional,MT,Helena,46.60681806,-111.9827503
JDN,Jordan,MT,Jordan,47.33333417,-106.9339564
GPI,Glacier Park International,MT,Kalispell,None,None
S27,Kalispell City,MT,Kalispell,48.17856944,-114.3037408
6S8,Laurel Municipal,MT,Laurel,45.70308833,-108.7610886
LWT,Lewistown Municipal,MT,Lewistown,47.04913944,-109.4666006
S59,Libby,MT,Libby,48.28384528,-115.4902453
S69,Lincoln,MT,Lincoln,46.97494083,-112.6447606
LVM,Mission Field,MT,Livingston,45.69938889,-110.4483056
M75,Malta,MT,Malta,48.36694167,-107.9193444
MLS,Frank Wiley Field,MT,Miles City,46.42795972,-105.8862397
MSO,Missoula Montana,MT,Missoula,46.91630556,-114.0905556
U05,Riddick Field,MT,Philipsburg,46.31936972,-113.3050642
S34,Plains,MT,Plains,47.47243611,-114.900135
PWD,Sher-Wood,MT,Plentywood,48.79030583,-104.533845
8S1,Polson,MT,Polson,47.69543861,-114.1851178
PO1,Poplar Municipal,MT,Poplar,None,None
RED,Red Lodge,MT,Red Lodge,45.18744472,-109.2673778
7S0,Ronan,MT,Ronan,47.57076861,-114.0967783
RPX,Roundup,MT,Roundup,46.47357528,-108.5576333
9S2,Scobey,MT,Scobey,48.80772722,-105.43947
SBX,Shelby,MT,Shelby,48.54125278,-111.8720722
SDY,Sidney-Richland Regional,MT,Sidney,47.70685778,-104.1925544
S64,Stanford/Biggerstaff Field,MT,Stanford,47.14718944,-110.2299289
32S,Stevensville,MT,Stevensville,46.52511111,-114.0528056
9S4,Mineral County,MT,Superior,47.16825944,-114.8537411
8U6,Terry,MT,Terry,46.77917333,-105.3047083
THM,Thompson Falls,MT,Thompson Falls,47.57493556,-115.2843164
9S5,Three Forks,MT,Three Forks,45.87852778,-111.5691389
8U8,Townsend,MT,Townsend,46.33111111,-111.4813889
9U0,Turner,MT,Turner,48.85417361,-108.4090214
RVF,Ruby Valley Field,MT,Twin Bridges,None,None
7S7,Valier,MT,Valier,48.29997583,-112.2508711
WYS,Yellowstone,MT,West Yellowstone,44.68839917,-111.1176375
7S6,White Sulphur Springs,MT,White Sulphur Springs,46.50410722,-110.9132667
9S7,Winifred,MT,Winifred,47.55164778,-109.3776792
OLF,L M Clayton,MT,Wolf Point,48.09451778,-105.5750536
ANW,Ainsworth Regional,NE,Ainsworth,42.57922222,-99.99297222
BVN,Albion Municipal,NE,Albion,41.72857778,-98.05575972
AIA,Alliance Municipal,NE,Alliance,42.05325,-102.8037222
4D9,Alma Municipal,NE,Alma,40.11389972,-99.34565306
8V2,Stuart-Atkinson Municipal,NE,Atkinson,42.56250167,-99.03787611
K01,Farington Field,NE,Auburn,40.38750167,-95.78916167
AUH,Aurora Municipal - Al Potter Field,NE,Aurora,40.89413889,-97.99455556
RBE,Rock County,NE,Bassett,42.56966667,-99.56836111
BIE,Beatrice Municipal,NE,Beatrice,40.30127778,-96.75411111
BTA,Blair Exec,NE,Blair,None,None
BBW,Broken Bow Municipal/Keith Glaze Field,NE,Broken Bow,41.43645056,-99.64216861
BUB,Cram Field,NE,Burwell,41.77669444,-99.14975
CSB,Cambridge Municipal,NE,Cambridge,40.30658333,-100.1620833
07K,Central City Municipal/Larry Reineke Field,NE,Central City,41.11668056,-98.05033639
CDR,Chadron Municipal,NE,Chadron,42.83755556,-103.0954167
CNP,Billy G Ray Field,NE,Chappell,41.07747222,-102.4640556
OLU,Columbus Municipal,NE,Columbus,41.448,-97.34263889
CZD,Cozad Municipal,NE,Cozad,40.86911111,-100.0042222
6K3,Creighton Municipal,NE,Creighton,42.47083694,-97.88367778
CEK,Crete Municipal,NE,Crete,40.61791667,-96.92488889
47V,Curtis Municipal,NE,Curtis,40.63750778,-100.4712539
93Y,David City Municipal,NE,David City,41.23334583,-97.11698111
FBY,Fairbury Municipal,NE,Fairbury,40.18297222,-97.16927778
FMZ,Fairmont State,NE,Fairmont,40.58569444,-97.57305556
FNB,Brenner Field,NE,Falls City,40.07878611,-95.59199167
FET,Fremont Municipal,NE,Fremont,41.44913889,-96.52019444
GRN,Gordon Municipal,NE,Gordon,42.80597222,-102.17525
GRI,Central Nebraska Regional,NE,Grand Island,40.96747222,-98.30861111
GGF,Grant Municipal,NE,Grant,40.86952778,-101.7328611
0B4,Hartington Municipal/ Bud Becker Field,NE,Hartington,42.60355556,-97.25263889
08K,Harvard State,NE,Harvard,40.65138528,-98.07978667
HSI,Hastings Municipal,NE,Hastings,40.60525,-98.42788889
HJH,Hebron Municipal,NE,Hebron,40.15225,-97.58697222
HDE,Brewster Field,NE,Holdrege,40.45269444,-99.33733333
1V2,Grant County,NE,Hyannis,42.00942944,-101.7693439
IML,Imperial Municipal,NE,Imperial,40.50930556,-101.6205278
EAR,Kearney Regional,NE,Kearney,40.72702778,-99.00677778
IBM,Kimball Municipal/Robert E Arraj Field,NE,Kimball,41.18805556,-103.6773889
LXN,Jim Kelly Field,NE,Lexington,40.791,-99.77727778
LNK,Lincoln,NE,Lincoln,40.85097222,-96.75925
0F4,Loup City Municipal,NE,Loup City,41.29028694,-98.99064278
MCK,McCook Ben Nelson Regional,NE,McCook,40.20638889,-100.5918056
0V3,Pioneer Village Field,NE,Minden,40.5149125,-98.94565083
AFK,Nebraska City Municipal,NE,Nebraska City,40.60688889,-95.86569444
4V9,Antelope County,NE,Neligh,42.11222889,-98.0386775
OFK,Norfolk Regional/Karl Stefan Memorial Field,NE,Norfolk,41.98546389,-97.43511111
LBF,North Platte Regional/Lee Bird Field,NE,North Platte,41.12621194,-100.6836542
OGA,Searle Field,NE,Ogallala,41.11961111,-101.7689444
MLE,Millard,NE,Omaha,41.196,-96.11227778
OMA,Eppley Airfield,NE,Omaha,41.30251861,-95.89417306
ONL,The O'Neill Municipal-John L Baker Field,NE,O'Neill,42.46988889,-98.68805556
ODX,Evelyn Sharp Field,NE,Ord,41.62425,-98.95236111
OKS,Garden County/King Rhiley Field,NE,Oshkosh,41.40097222,-102.3550278
50K,Pawnee City Municipal,NE,Pawnee City,40.11611111,-96.19445278
0C4,Pender Municipal,NE,Pender,42.11388722,-96.72892556
PMV,Plattsmouth Municipal/Douglas V Duey Field,NE,Plattsmouth,40.95025,-95.91788889
7V7,Red Cloud Municipal,NE,Red Cloud,40.08473556,-98.54061694
9V5,Modisett,NE,Rushville,42.73748639,-102.4448947
09K,Sargent Municipal,NE,Sargent,41.63695083,-99.34038139
BFF,Western Nebraska Regional/William B Heilig Field,NE,Scottsbluff,41.87402778,-103.5956389
SCB,Scribner State,NE,Scribner,41.61033333,-96.62986111
SWT,Seward Municipal,NE,Seward,40.86525806,-97.10931306
SNY,Sidney Municipal/Lloyd W Carr Field,NE,Sidney,41.10133333,-102.9852778
12K,Superior Municipal,NE,Superior,40.04636111,-98.06011111
0G3,Tecumseh Municipal,NE,Tecumseh,40.39944417,-96.17139694
TQE,Tekamah Municipal,NE,Tekamah,41.76352778,-96.17794444
TIF,Thomas County,NE,Thedford,None,None
VTN,Miller Field,NE,Valentine,42.85767194,-100.547355
AHQ,Wahoo Municipal,NE,Wahoo,41.24133333,-96.59402778
64V,Wallace Municipal,NE,Wallace,None,None
LCG,Wayne Municipal/Stan Morris Field,NE,Wayne,42.24188889,-96.98141667
JYR,York Municipal,NE,York,40.89675,-97.62277778
L92,Alamo Landing Field,NV,Alamo,37.36246083,-115.1944622
TMT,Austin,NV,Austin,None,None
BAM,Battle Mountain,NV,Battle Mountain,40.59904583,-116.8743358
BTY,Beatty,NV,Beatty,36.86105722,-116.7870036
BVU,Boulder City Municipal,NV,Boulder City,None,None
CXP,Carson City,NV,Carson City,39.19222972,-119.7343611
EKO,Elko Regional,NV,Elko,40.82492611,-115.7916964
ELY,Ely/Yelland Field,NV,Ely,39.29969444,-114.8418889
05U,Eureka,NV,Eureka,39.60416667,-116.0050597
FLX,Fallon Municipal,NV,Fallon,39.499545,-118.7490197
GAB,Gabbs,NV,Gabbs,38.92409111,-117.9590072
HTH,Hawthorne Industrial,NV,Hawthorne,38.54436583,-118.6343003
06U,Jackpot/Hayden Field,NV,Jackpot,41.97602222,-114.6580911
0L7,Jean,NV,Jean,35.76827222,-115.3296378
HND,Henderson Exec,NV,Las Vegas,None,None
LAS,Harry Reid International,NV,Las Vegas,36.08036111,-115.1523333
VGT,North Las Vegas,NV,Las Vegas,36.21166667,-115.19575
LOL,Derby Field,NV,Lovelock,40.066405,-118.5651664
67L,Mesquite,NV,Mesquite,36.83497556,-114.0552453
MEV,Minden-Tahoe,NV,Minden,39.00030889,-119.7508064
U08,Perkins Field,NV,Overton,36.56803,-114.4433133
10U,Owyhee,NV,Owyhee,41.95323306,-116.1876014
1L1,Lincoln County,NV,Panaca,37.78746444,-114.4216567
RNO,Reno/Tahoe International,NV,Reno,39.49857611,-119.7680647
RTS,Reno/Stead,NV,Reno,None,None
SPZ,Silver Springs,NV,Silver Springs,None,None
TPH,Tonopah,NV,Tonopah,38.06020222,-117.0871536
LWL,Wells Municipal/Harriet Field,NV,Wells,41.11853306,-114.9222661
WMC,Winnemucca Municipal,NV,Winnemucca,40.89661111,-117.8058889
O43,Yerington Municipal,NV,Yerington,39.00408444,-119.1579303
BML,Berlin Regional,NH,Berlin,44.57537278,-71.17593167
CNH,Claremont Municipal,NH,Claremont,43.37043194,-72.36867667
CON,Concord Municipal,NH,Concord,43.20273278,-71.50228556
5B9,Dean Memorial,NH,Haverhill,None,None
AFN,Jaffrey Airfield Silver Ranch,NH,Jaffrey,42.80513417,-72.00302194
EEN,Dillant/Hopkins,NH,Keene,42.89839944,-72.27078111
LCI,Laconia Municipal,NH,Laconia,43.57272806,-71.41890028
LEB,Lebanon Municipal,NH,Lebanon,43.62637222,-72.30426722
MHT,Manchester Boston Regional,NH,Manchester,42.93451639,-71.43705583
ASH,Boire Field,NH,Nashua,42.78176306,-71.51477944
2B3,Parlin Field,NH,Newport,43.38812944,-72.18925417
1P1,Plymouth Municipal,NH,Plymouth,None,None
PSM,Portsmouth International at Pease,NH,Portsmouth,43.07795889,-70.82327333
DAW,Skyhaven,NH,Rochester,43.28406194,-70.92925472
HIE,Mount Washington Regional,NH,Whitefield,44.36761639,-71.54447111
ACY,Atlantic City International,NJ,Atlantic City,39.45758333,-74.57716667
SMQ,Somerset,NJ,Bedminster,40.62599083,-74.67024333
BLM,Monmouth Exec,NJ,Belmar,40.18691806,-74.12488694
CDW,Essex County,NJ,Caldwell,40.87522278,-74.28135667
N81,Hammonton Municipal,NJ,Hammonton,39.66746889,-74.75773444
N12,Lakewood,NJ,Lakewood,40.0667825,-74.17764167
N07,Lincoln Park,NJ,Lincoln Park,40.94752444,-74.31450139
LDJ,Linden,NJ,Linden,40.61744722,-74.24459417
47N,Central Jersey Regional,NJ,Manville,40.52438417,-74.59839194
MIV,Millville Municipal,NJ,Millville,39.36780556,-75.07222222
MMU,Morristown Municipal,NJ,Morristown,40.79935,-74.41487472
VAY,South Jersey Regional,NJ,Mount Holly,39.94289056,-74.84571944
EWR,Newark Liberty International,NJ,Newark,40.69249722,-74.16866056
26N,Ocean City Municipal,NJ,Ocean City,39.26347222,-74.60747222
N51,Solberg/Hunterdon,NJ,Readington,40.58286278,-74.73656222
N87,Trenton-Robbinsville,NJ,Robbinsville,40.21394333,-74.60179472
39N,Princeton*,NJ,Rocky Hill,40.39834833,-74.65760361
FWN,Sussex,NJ,Sussex,41.20020667,-74.62305056
TEB,Teterboro,NJ,Teterboro,40.85010139,-74.06083611
MJX,Ocean County,NJ,Toms River,39.92749806,-74.29237917
TTN,Trenton Mercer,NJ,Trenton,40.27669111,-74.81346833
4N1,Greenwood Lake,NJ,West Milford,41.12854806,-74.34584611
WWD,Cape May County,NJ,Wildwood,39.00850694,-74.90827389
OBI,Woodbine Municipal,NJ,Woodbine,None,None
ALM,Alamogordo-White Sands Regional,NM,Alamogordo,32.83994444,-105.9905833
ABQ,Albuquerque International Sunport,NM,Albuquerque,35.04022222,-106.6091944
AEG,Double Eagle II,NM,Albuquerque,35.14515278,-106.7951617
AXX,Angel Fire,NM,Angel Fire,36.42240972,-105.2892967
ATS,Artesia Municipal,NM,Artesia,32.85252806,-104.4676864
N19,Aztec Municipal,NM,Aztec,None,None
BRG,Belen Regional,NM,Belen,None,None
CNM,Cavern City Air Terminal,NM,Carlsbad,32.33747222,-104.2632778
F37,Carrizozo Municipal,NM,Carrizozo,27.51364889,-81.88063917
CAO,Clayton Municipal Airpark,NM,Clayton,36.44585972,-103.1546583
CVN,Clovis Regional,NM,Clovis,34.42513889,-103.0792778
E89,Conchas Lake,NM,Conchas Dam,35.36671583,-104.1880314
0E8,Crownpoint,NM,Crownpoint,35.71765889,-108.2015961
DMN,Deming Municipal,NM,Deming,32.26230917,-107.7206397
24N,Jicarilla Apache Nation,NM,Dulce,36.828535,-106.8841914
E14,Ohkay Owingeh,NM,Espanola,None,None
FMN,Four Corners Regional,NM,Farmington,36.74125,-108.2299444
FSU,Fort Sumner Municipal,NM,Fort Sumner,34.48339944,-104.2171967
GUP,Gallup Municipal,NM,Gallup,35.51105833,-108.7893094
E94,Glenwood,NM,Glenwood,33.35283972,-108.8672858
GNT,Grants-Milan Municipal,NM,Grants,35.16531472,-107.9006142
E05,Hatch Municipal,NM,Hatch,32.66106083,-107.1979339
HOB,Lea County Regional,NM,Hobbs,32.68752778,-103.2170278
E26,Lea County/Jal,NM,Jal,32.13107833,-103.1548506
LRU,Las Cruces International,NM,Las Cruces,32.28941667,-106.9219722
LVS,Las Vegas Municipal,NM,Las Vegas,35.65422222,-105.1423889
LSB,Lordsburg Municipal,NM,Lordsburg,32.33278083,-108.6909742
LAM,Los Alamos,NM,Los Alamos,35.87980194,-106.2694153
E06,Lea County/Zip Franklin Memorial,NM,Lovington,32.95394444,-103.4087778
N29,Magdalena,NM,Magdalena,34.09450778,-107.2978142
0E0,Moriarty Municipal,NM,Moriarty,34.98560639,-106.0094661
1V0,Navajo Lake,NM,Navajo Dam,36.80833833,-107.6514444
PRZ,Portales Municipal,NM,Portales,None,None
N24,Questa Municipal Nr 2,NM,Questa,36.80030556,-105.5975
RTN,Raton Municipal/Crews Field,NM,Raton,36.74152778,-104.5021833
T16,Reserve,NM,Reserve,None,None
ROW,Roswell Air Center,NM,Roswell,33.30155556,-104.5305556
SRR,Sierra Blanca Regional,NM,Ruidoso,33.46285,-105.5347508
SAF,Santa Fe Regional,NM,Santa Fe,35.61677778,-106.0881389
SXU,Santa Rosa Route 66,NM,Santa Rosa,None,None
DNA,Dona Ana County International Jetport,NM,Santa Teresa,None,None
5V5,Shiprock Airstrip,NM,Shiprock,36.6977775,-108.7011986
SVC,Grant County,NM,Silver City,32.63654694,-108.1563853
ONM,Socorro Municipal,NM,Socorro,34.02247222,-106.9031389
S42,Springer Municipal,NM,Springer,None,None
SKX,Taos Regional,NM,Taos,36.45819,-105.6724289
TCS,Truth Or Consequences Municipal,NM,Truth or Consequences,33.23694444,-107.27175
TCC,Tucumcari Municipal,NM,Tucumcari,35.18277806,-103.6031853
N17,Vaughn Municipal,NM,Vaughn,None,None
XNI,Andrew Othole Memorial,NM,Zuni,None,None
9G3,Akron/Jesson Field*,NY,Akron,43.02108667,-78.48296778
ALB,Albany International,NY,Albany,42.74811944,-73.80297861
GVQ,Genesee County,NY,Batavia,43.03172639,-78.16759972
23N,Bayport Aerodrome,NY,Bayport,40.75843139,-73.05372083
BGM,Greater Binghamton/Edwin A Link Field,NY,Binghamton,42.20848278,-75.97961361
7G0,Ledgedale Airpark,NY,Brockport,43.18118194,-77.91362333
9G0,Buffalo Airfield,NY,Buffalo,42.86200306,-78.71658528
BUF,Buffalo Niagara International,NY,Buffalo,42.94052472,-78.73216667
IUA,Canandaigua,NY,Canandaigua,None,None
7N1,Corning-Painted Post,NY,Corning,42.17590722,-77.11219278
N03,Cortland County/Chase Field,NY,Cortland,42.59264528,-76.2148825
DSV,Dansville Municipal,NY,Dansville,42.57089972,-77.71305083
DKK,Chautauqua County/Dunkirk,NY,Dunkirk,42.49333528,-79.27204167
N89,Joseph Y Resnick,NY,Ellenville,41.72787111,-74.37737583
ELM,Elmira/Corning Regional,NY,Elmira,42.15991361,-76.89144333
CZG,Tri-Cities,NY,Endicott,42.07853583,-76.09633306
0B8,Elizabeth Field,NY,Fishers Island,41.25130806,-72.03161139
FZY,Oswego County,NY,Fulton,43.35077528,-76.38805361
9G5,Royalton,NY,Gasport,43.18200222,-78.55780528
GFL,Floyd Bennett Memorial,NY,Glens Falls,43.34121,-73.6103075
VGC,Hamilton Municipal,NY,Hamilton,None,None
HTF,Hornell Municipal,NY,Hornell,None,None
1B1,Columbia County,NY,Hudson,42.29130028,-73.71031944
ISP,Long Island MacArthur,NY,Islip,40.7952425,-73.10021194
ITH,Ithaca Tompkins International,NY,Ithaca,42.49102778,-76.45844444
JHW,Chautauqua County/Jamestown,NY,Jamestown,42.15336861,-79.258035
NY0,Fulton County,NY,Johnstown,42.99821222,-74.32955111
20N,Kingston-Ulster*,NY,Kingston,41.9852525,-73.96409722
LKP,Lake Placid,NY,Lake Placid,44.26447361,-73.96186639
BQR,Buffalo-Lancaster Regional*,NY,Lancaster,None,None
5G0,Le Roy*,NY,Le Roy,42.98136667,-77.93751389
MAL,Malone-Dufort,NY,Malone,44.85365722,-74.32894972
MSS,Massena International-Richards Field,NY,Massena,44.93582722,-74.84554583
06N,Randall,NY,Middletown,41.43156583,-74.39191722
44N,Sky Acres,NY,Millbrook,41.70742861,-73.73802889
MTP,Montauk,NY,Montauk,41.07694333,-71.92039972
MGJ,Orange County,NY,Montgomery,41.50998278,-74.26465056
MSV,Sullivan County International,NY,Monticello,41.70164917,-74.79501389
6N5,East 34th Street,NY,New York,40.74260167,-73.97208306
6N7,New York Skyports Inc,NY,New York,40.73399083,-73.97291639
JFK,John F Kennedy International,NY,New York,40.63975111,-73.77892556
JRA,West 30th St,NY,New York,40.75454583,-74.00708389
JRB,Downtown Manhattan/Wall St,NY,New York,40.70121361,-74.00902833
LGA,Laguardia,NY,New York,40.77724306,-73.87260917
SWF,New York Stewart International,NY,Newburgh,41.50409361,-74.10483833
IAG,Niagara Falls International,NY,Niagara Falls,43.10725861,-78.94538139
FRG,Republic,NY,North Babylon,40.72878111,-73.41340722
OIC,Lt Warren Eaton,NY,Norwich,42.56655417,-75.52411167
OGS,Ogdensburg International,NY,Ogdensburg,44.68185361,-75.46549917
OLE,Cattaraugus County-Olean,NY,Olean,42.24006611,-78.371685
N66,Albert S Nader Regional,NY,Oneonta,42.52476694,-75.06446167
PEO,Penn Yan/Yates City,NY,Penn Yan,42.63813556,-77.05306083
01G,Perry-Warsaw,NY,Perry,42.74134667,-78.05208056
K09,Piseco,NY,Piseco,43.45340222,-74.51765083
PBG,Plattsburgh International,NY,Plattsburgh,None,None
PTD,Potsdam Municipal/Damon Field,NY,Potsdam,44.67666917,-74.94844639
POU,Hudson Valley Regional,NY,Poughkeepsie,41.62661111,-73.88411111
ROC,Frederick Douglass/Greater Rochester International,NY,Rochester,43.11886611,-77.67238389
RME,Griffiss International,NY,Rome,43.23379861,-75.40703333
SLK,Adirondack Regional,NY,Saranac Lake,44.38531,-74.20618472
5B2,Saratoga County,NY,Saratoga Springs,43.05126111,-73.86119444
SCH,Schenectady County,NY,Schenectady,42.85245556,-73.9288675
4B7,Schroon Lake,NY,Schroon Lake,43.86256083,-73.74262972
0G7,Finger Lakes Regional,NY,Seneca Falls,42.88062278,-76.78162028
HWV,Brookhaven,NY,Shirley,40.81676528,-72.86204722
N23,Sidney Municipal,NY,Sidney,42.30258,-75.41595639
SDC,Williamson/Sodus*,NY,Sodus,None,None
4B0,South Albany,NY,South Bethlehem,42.56072611,-73.83395639
SYR,Syracuse Hancock International,NY,Syracuse,43.11118694,-76.10631056
4B6,Ticonderoga Municipal,NY,Ticonderoga,43.87700278,-73.41317639
N72,Warwick Municipal,NY,Warwick,41.28759361,-74.28709472
ART,Watertown International,NY,Watertown,43.99192222,-76.02173861
B16,Whitfords,NY,Weedsport,43.08027611,-76.53837556
ELZ,Wellsville Municipal/Tarantine Field,NY,Wellsville,42.10951194,-77.99194806
FOK,Francis S Gabreski,NY,Westhampton Beach,40.84365472,-72.63178917
HPN,Westchester County,NY,White Plains,41.06695778,-73.70757444
N82,Wurtsboro/Sullivan County,NY,Wurtsboro,41.59720444,-74.45840722
ASJ,Tri-County at Henry Joyner Field,NC,Ahoskie,36.29752583,-77.17085556
VUJ,Stanly County,NC,Albemarle,35.41669472,-80.15079556
RHP,Western Carolina Regional,NC,Andrews,None,None
HBI,Asheboro Regional,NC,Asheboro,None,None
AVL,Asheville Regional,NC,Asheville,35.43619444,-82.54180556
MRH,Michael J Smith Field,NC,Beaufort,34.73355028,-76.66059611
BUY,Burlington/Alamance Regional,NC,Burlington,36.04854333,-79.47488694
CLT,Charlotte/Douglas International,NC,Charlotte,35.21401111,-80.94312583
CTZ,Clinton-Sampson County,NC,Clinton,34.97561194,-78.36461528
JQF,Concord-Padgett Regional,NC,Concord,35.38520694,-80.70971389
ONX,Currituck County Regional,NC,Currituck,None,None
EDE,Northeastern Regional,NC,Edenton,36.027735,-76.56709333
ECG,Elizabeth City CG Air Station/Regional,NC,Elizabeth City,36.26057417,-76.17459778
EYF,Curtis L Brown Jr Field,NC,Elizabethtown,None,None
ZEF,Elkin Municipal,NC,Elkin,36.28002361,-80.78606861
7W6,Hyde County,NC,Engelhard,35.5623925,-75.95518417
HRJ,Harnett Regional Jetport,NC,Erwin,None,None
FAY,Fayetteville Regional/Grannis Field,NC,Fayetteville,34.99147222,-78.88
1A5,Macon County,NC,Franklin,35.222595,-83.41904389
AKH,Gastonia Municipal,NC,Gastonia,35.20265944,-81.1498675
GWW,Wayne Exec Jetport,NC,Goldsboro,35.46055444,-77.96493306
GSO,Piedmont Triad International,NC,Greensboro,36.09774694,-79.9372975
PGV,Pitt-Greenville,NC,Greenville,35.63523944,-77.38532028
HSE,Billy Mitchell,NC,Hatteras,35.2327875,-75.617795
HKY,Hickory Regional,NC,Hickory,35.74114639,-81.38954889
OAJ,Albert J Ellis,NC,Jacksonville,34.82916444,-77.61213778
GEV,Ashe County,NC,Jefferson,None,None
DPL,Duplin County,NC,Kenansville,35.00006444,-77.981695
FFA,First Flight,NC,Kill Devil Hills,36.01822278,-75.67128694
ISO,Kinston Regional Jetport at Stallings Field,NC,Kinston,35.32807944,-77.61552611
MRN,Foothills Regional,NC,Lenoir,35.82149222,-81.61073639
EXX,Davidson County Exec,NC,Lexington,35.78114028,-80.30378194
IPJ,Lincolnton-Lincoln County Regional,NC,Lincolnton,35.48332889,-81.16125833
LHZ,Triangle North Exec,NC,Louisburg,36.02334528,-78.33027139
LBT,Lumberton Regional,NC,Lumberton,34.60991667,-79.05944444
MQI,Dare County Regional,NC,Manteo,35.91898806,-75.69553944
MEB,Laurinburg/Maxton,NC,Maxton,34.79193917,-79.36584778
EQY,Charlotte/Monroe Exec,NC,Monroe,35.01884306,-80.62023444
MWK,Mount Airy/Surry County,NC,Mount Airy,36.459735,-80.55295722
W40,Mount Olive Municipal,NC,Mount Olive,35.22224722,-78.03779444
EWN,Coastal Carolina Regional,NC,New Bern,35.07297222,-77.04294444
UKF,Wilkes County,NC,North Wilkesboro,36.22284028,-81.0983375
60J,Odell Williamson Municipal,NC,Ocean Isle Beach,33.90850556,-78.43667222
W95,Ocracoke Island,NC,Ocracoke,35.10117083,-75.96595278
HNZ,Henderson/Oxford,NC,Oxford,36.36156111,-78.52916639
PMZ,Plymouth Municipal,NC,Plymouth,35.80843944,-76.75927694
RDU,Raleigh-Durham International,NC,Raleigh,35.87763889,-78.78747222
SIF,Rockingham County Nc Shiloh,NC,Reidsville,None,None
IXA,Halifax/Northampton Regional,NC,Roanoke Rapids,None,None
RCZ,Richmond County,NC,Rockingham,None,None
RWI,Rocky Mount/Wilson Regional,NC,Rocky Mount,35.85498861,-77.89295611
TDF,Raleigh Regional at Person County,NC,Roxboro,36.28489194,-78.98422694
FQD,Rutherford County/Marchman Field,NC,Rutherfordton,35.42822222,-81.93507778
RUQ,Mid-Carolina Regional,NC,Salisbury,35.64588583,-80.52029306
TTA,Raleigh Exec Jetport at Sanford-Lee County,NC,Sanford,35.58247222,-79.10136111
EHO,Shelby-Cleveland County Regional,NC,Shelby,35.25555556,-81.60099722
SCR,Siler City Municipal,NC,Siler City,None,None
JNX,Johnston Regional,NC,Smithfield,35.54094139,-78.39032944
SOP,Moore County,NC,Southern Pines,35.23735278,-79.39116944
SUT,Cape Fear Regional Jetport/Howie Franklin Field,NC,Southport,33.92925694,-78.07499167
7A8,Avery County/Morrison Field,NC,Spruce Pine,35.94457028,-81.99566944
43A,Montgomery County,NC,Star,35.38819528,-79.79281667
SVH,Statesville Regional,NC,Statesville,35.76526389,-80.95673611
24A,Jackson County,NC,Sylva,35.3168625,-83.20936806
ETC,Tarboro-Edgecombe,NC,Tarboro,35.93710083,-77.54663833
AFP,Anson County/Jeff Cloud Field,NC,Wadesboro,None,None
ACZ,Wallace-Pender,NC,Wallace,34.71789028,-78.00362444
OCW,Washington-Warren,NC,Washington,35.57046806,-77.04981306
CPC,Columbus County Municipal,NC,Whiteville,34.27287278,-78.71499278
MCZ,Martin County,NC,Williamston,35.86219306,-77.17820278
ILM,Wilmington International,NC,Wilmington,34.27061111,-77.90255556
INT,Smith Reynolds,NC,Winston-Salem,36.13372222,-80.222
ASY,Ashley Municipal,ND,Ashley,None,None
20U,Beach,ND,Beach,46.92362444,-103.9785389
BIS,Bismarck Municipal,ND,Bismarck,46.77411111,-100.7467222
D09,Bottineau Municipal,ND,Bottineau,48.83039167,-100.4171361
BWW,Bowman Regional,ND,Bowman,None,None
9D7,Cando Municipal,ND,Cando,48.4841675,-99.23680389
46D,Carrington Municipal,ND,Carrington,47.45111111,-99.15111111
5N8,Casselton Robert Miller Regional,ND,Casselton,46.85469528,-97.20870028
2C8,Cavalier Municipal,ND,Cavalier,None,None
S32,Cooperstown Municipal,ND,Cooperstown,47.42277361,-98.10587139
D50,Crosby Municipal,ND,Crosby,48.92851556,-103.2972514
DVL,Devils Lake Regional,ND,Devils Lake,48.11424528,-98.90877833
DIK,Dickinson/Theodore Roosevelt Regional,ND,Dickinson,46.79738889,-102.8019528
S28,International Peace Garden,ND,Dunseith,48.99778194,-100.0434589
51D,Edgeley Municipal,ND,Edgeley,46.34858333,-98.73555556
4E7,Ellendale Municipal,ND,Ellendale,None,None
FAR,Hector International,ND,Fargo,46.91934889,-96.81498889
Y27,Standing Rock,ND,Fort Yates,46.06638556,-100.6348492
D05,Garrison Municipal,ND,Garrison,47.65594444,-101.4372222
D57,Glen Ullin Regional,ND,Glen Ullin,46.81278306,-101.8601556
GAF,Hutson Field,ND,Grafton,48.40469444,-97.37094444
GFK,Grand Forks International,ND,Grand Forks,47.949255,-97.17611111
GWR,Gwinner-Roger Melroe Field,ND,Gwinner,46.21872222,-97.64325
5H4,Harvey Municipal,ND,Harvey,None,None
HZE,Mercer County Regional,ND,Hazen,47.28986111,-101.5809444
HEI,Hettinger/Jb Lindquist Regional,ND,Hettinger,46.01494444,-102.6559722
3H4,Hillsboro Municipal,ND,Hillsboro,None,None
JMS,Jamestown Regional,ND,Jamestown,46.92971944,-98.67819528
7K5,Kenmare Municipal,ND,Kenmare,None,None
K74,Robert Odegaard Field,ND,Kindred,None,None
5L0,Lakota Municipal,ND,Lakota,None,None
4F9,LaMoure Rott Municipal,ND,LaMoure,None,None
D55,Robertson Field,ND,Langdon,48.75301778,-98.39333694
7L2,Linton Municipal,ND,Linton,None,None
6L3,Lisbon Municipal,ND,Lisbon,None,None
Y19,Mandan Regional/Lawler Field,ND,Mandan,46.76823667,-100.8943433
MOT,Minot International,ND,Minot,48.25937778,-101.2803339
HBC,Mohall Municipal,ND,Mohall,48.76838333,-101.5369953
3P3,Mott Municipal,ND,Mott,None,None
4V4,Northwood Municipal/Vince Field,ND,Northwood,None,None
2D5,Oakes Municipal,ND,Oakes,46.17301972,-98.07987556
Y37,Park River - W C Skjerven Field,ND,Park River,48.39443778,-97.78147889
Y74,Parshall-Hankins,ND,Parshall,47.93640083,-102.1421142
PMB,Pembina Municipal,ND,Pembina,48.9425,-97.24083333
06D,Rolla Municipal/Leonard Krech Field,ND,Rolla,48.88434111,-99.62087694
RUG,Rugby Municipal,ND,Rugby,48.39035917,-100.0242739
08D,Stanley Municipal,ND,Stanley,48.30079861,-102.4063514
D60,Tioga Municipal,ND,Tioga,48.3805325,-102.8979853
BAC,Barnes County Municipal,ND,Valley City,None,None
BWP,Harry Stern,ND,Wahpeton,46.24640083,-96.6056825
96D,Walhalla Municipal,ND,Walhalla,48.94057222,-97.902775
5C8,Washburn Municipal,ND,Washburn,None,None
S25,Watford City Municipal,ND,Watford City,47.79569972,-103.2536992
XWA,Williston Basin International,ND,Williston,None,None
AKR,Akron Fulton International,OH,Akron,41.0375,-81.46693944
CAK,Akron-Canton Regional,OH,Akron,40.91631194,-81.44246556
3G4,Ashland County,OH,Ashland,40.90297222,-82.25563889
HZY,Northeast Ohio Regional,OH,Ashtabula,41.77797528,-80.69551333
UNI,Ohio University,OH,Athens,39.21096222,-82.23142583
6G5,Barnesville-Bradfield,OH,Barnesville,40.00243139,-81.19183
I69,Clermont County,OH,Batavia,39.07839722,-84.21020722
EDJ,Bellefontaine Regional,OH,Bellefontaine,None,None
5G7,Bluffton,OH,Bluffton,40.88544444,-83.86863889
1G0,Wood County,OH,Bowling Green,41.391,-83.63013889
0G6,Williams County,OH,Bryan,41.46736111,-84.50655556
17G,Port Bucyrus/Crawford County,OH,Bucyrus,40.78141667,-82.97469444
8G6,Harrison County,OH,Cadiz,40.23820667,-81.01256917
CDI,Cambridge Municipal,OH,Cambridge,39.97504417,-81.57759528
TSO,Carroll County-Tolson,OH,Carrollton,40.56186833,-81.07748611
CQA,Lakefield,OH,Celina,40.48408333,-84.56011111
HTW,Lawrence County Airpark,OH,Chesapeake,38.41924861,-82.4943225
RZT,Ross County,OH,Chillicothe,39.44136778,-83.02251556
LUK,Cincinnati Municipal/Lunken Field,OH,Cincinnati,39.10334417,-84.41861417
CYO,Pickaway County Memorial,OH,Circleville,39.51600611,-82.98215361
BKL,Burke Lakefront,OH,Cleveland,41.5175,-81.68333333
CGF,Cuyahoga County,OH,Cleveland,41.56512389,-81.48635389
CLE,Cleveland-Hopkins International,OH,Cleveland,41.41089417,-81.84939667
CMH,John Glenn Columbus International,OH,Columbus,39.99798528,-82.89188278
LCK,Rickenbacker International,OH,Columbus,39.81375917,-82.92786472
OSU,Ohio State University,OH,Columbus,40.07977778,-83.07302778
TZR,Bolton Field,OH,Columbus,39.90081778,-83.13719361
I40,Richard Downing,OH,Coshocton,40.30918056,-81.85338194
GQQ,Galion Municipal,OH,Crestline,40.75338889,-82.72380556
DAY,James M Cox Dayton International,OH,Dayton,39.90237583,-84.219375
MGY,Dayton/Wright Brothers,OH,Dayton,39.58897222,-84.22486111
DFI,Defiance Memorial,OH,Defiance,41.3375,-84.42880556
DLZ,Delaware Municipal/Jim Moore Field,OH,Delaware,40.27970139,-83.11480167
02G,Columbiana County,OH,East Liverpool,40.67331278,-80.64140639
FDY,Findlay,OH,Findlay,41.01352778,-83.66869444
FZI,Fostoria Metro,OH,Fostoria,41.19083111,-83.39453639
S24,Sandusky County Regional,OH,Fremont,41.29570556,-83.03723056
GAS,Gallia-Meigs Regional,OH,Gallipolis,38.83410833,-82.16342306
GEO,Brown County,OH,Georgetown,38.88195778,-83.88273278
HAO,Butler County Regional/Hogan Field,OH,Hamilton,39.36448861,-84.52457722
I67,Cincinnati West,OH,Harrison,39.25894444,-84.77430556
HOC,Highland County,OH,Hillsboro,39.18875944,-83.53880694
JRO,James A Rhodes,OH,Jackson,None,None
89D,Kelleys Island Land Field,OH,Kelleys Island,41.60282583,-82.684625
I95,Hardin County,OH,Kenton,40.61072,-83.64359694
LHQ,Fairfield County,OH,Lancaster,39.75564722,-82.65711
I68,Warren County/John Lane Field,OH,Lebanon,39.46217306,-84.25184722
AOH,Lima Allen County,OH,Lima,40.70694444,-84.02666667
UYF,Madison County,OH,London,39.93272694,-83.46200361
LPR,Lorain County Regional,OH,Lorain,41.34427778,-82.17763889
MFD,Mansfield Lahm Regional,OH,Mansfield,40.82141667,-82.51663889
MNN,Marion Municipal,OH,Marion,40.61625,-83.06347222
MRT,Union County,OH,Marysville,None,None
22I,Vinton County,OH,McArthur,39.328125,-82.44182167
1G5,Medina Municipal,OH,Medina,41.13144444,-81.76491667
3T7,Middle Bass Island,OH,Middle Bass,None,None
7G8,Geauga County,OH,Middlefield,41.44960972,-81.06292972
MWO,Middletown Regional/Hook Field,OH,Middletown,39.53102778,-84.39527778
10G,Holmes County,OH,Millersburg,40.53716667,-81.95436111
4I9,Morrow County,OH,Mount Gilead,40.52452778,-82.85005556
4I3,Knox County,OH,Mount Vernon,40.32872222,-82.52377778
7W5,Henry County,OH,Napoleon,None,None
I86,Perry County,OH,New Lexington,39.69159667,-82.19778583
PHD,Harry Clever Field,OH,New Philadelphia,40.47091667,-81.41975
VTA,Newark-Heath,OH,Newark,40.024675,-82.46182194
3X5,North Bass Island,OH,North Bass Island,None,None
5A1,Norwalk-Huron County,OH,Norwalk,None,None
OWX,Putnam County,OH,Ottawa,41.0355825,-83.98202444
OXD,Miami University,OH,Oxford,39.50203917,-84.7841425
PCW,Erie-Ottawa International,OH,Port Clinton,41.51627778,-82.86869444
PMH,Greater Portsmouth Regional,OH,Portsmouth,38.84047,-82.84731361
3W2,Put-in-Bay,OH,Put-in-Bay,None,None
POV,Portage County,OH,Ravenna,None,None
SCA,Sidney Municipal,OH,Sidney,None,None
SGH,Springfield/Beckley Municipal,OH,Springfield,39.84028194,-83.84015056
2G2,Geary A Bates/Jefferson County Airpark,OH,Steubenville,40.35944306,-80.70007806
1G3,Kent State University,OH,Stow,41.15186167,-81.41658306
16G,Seneca County,OH,Tiffin,41.09405556,-83.2125
TOL,Eugene F Kranz Toledo Express,OH,Toledo,41.58680556,-83.80783333
56D,Wyandot County,OH,Upper Sandusky,40.88336139,-83.3145325
I74,Grimes Field,OH,Urbana,40.12928306,-83.7548775
VNW,Van Wert County,OH,Van Wert,40.86472222,-84.60944444
VES,Darke County,OH,Versailles,40.20441667,-84.53191667
3G3,Wadsworth Municipal,OH,Wadsworth,41.00158222,-81.75513111
TDZ,Toledo Exec,OH,Walbridge,41.56487194,-83.48226139
AXV,Neil Armstrong,OH,Wapakoneta,40.49338889,-84.29894444
I23,Fayette County,OH,Washington Court House,39.57040167,-83.42052444
USE,Fulton County,OH,Wauseon,41.61033333,-84.12552778
EOP,Pike County,OH,Waverly,None,None
AMT,Alexander Salamon,OH,West Union,38.85148778,-83.56627778
LNN,Lake County Exec,OH,Willoughby,41.68391667,-81.39030556
I66,Clinton Field,OH,Wilmington,39.50286111,-83.86305556
4G5,Monroe County,OH,Woodsfield,39.77904472,-81.10277222
BJJ,Wayne County,OH,Wooster,40.87480556,-81.88825
GDK,Greene County/Lewis A Jackson Regional,OH,Xenia,None,None
YNG,Youngstown/Warren Regional,OH,Youngstown,41.26073556,-80.67909667
ZZV,Zanesville Municipal,OH,Zanesville,39.94445833,-81.89210528
ADH,Ada Regional,OK,Ada,34.80434056,-96.6712775
AXS,Altus/Quartz Mountain Regional,OK,Altus,34.69878194,-99.3381
AVK,Alva Regional,OK,Alva,36.77317,-98.66994611
80F,Antlers Municipal,OK,Antlers,34.19260083,-95.64985889
1F0,Ardmore Downtown Exec,OK,Ardmore,34.14698917,-97.12265194
ADM,Ardmore Municipal,OK,Ardmore,34.30320667,-97.01952167
AQR,Atoka Municipal,OK,Atoka,None,None
BVO,Bartlesville Municipal,OK,Bartlesville,36.76247611,-96.01115167
K44,Beaver Municipal,OK,Beaver,None,None
BKN,Blackwell-Tonkawa Municipal,OK,Blackwell,None,None
17K,Boise City,OK,Boise City,36.77430028,-102.5104364
3F7,Jones Memorial,OK,Bristow,35.80685278,-96.42185556
BFK,Buffalo Municipal,OK,Buffalo,36.86330139,-99.61873056
CSM,Clinton/Sherman,OK,Burns Flat,35.33983917,-99.20049944
91F,Carlton Landing Field,OK,Canadian,35.15426444,-95.62026389
86F,Carnegie Municipal,OK,Carnegie,35.12061417,-98.5806175
CQB,Chandler Regional,OK,Chandler,35.72381556,-96.82027306
4O5,Cherokee Municipal,OK,Cherokee,36.78336306,-98.35035083
93F,Mignon Laird Municipal,OK,Cheyenne,35.60393694,-99.70343889
CHK,Chickasha Municipal,OK,Chickasha,35.09614694,-97.96618361
GCM,Claremore Regional,OK,Claremore,36.29441667,-95.47966667
95F,Cleveland Municipal,OK,Cleveland,36.28340306,-96.46418833
CLK,Clinton Regional,OK,Clinton,35.53832778,-98.932695
F36,Cordell Municipal,OK,Cordell,35.30421917,-98.96702167
CUH,Cushing Municipal,OK,Cushing,35.949925,-96.77305278
DUC,Halliburton Field,OK,Duncan,34.470875,-97.95986111
DUA,Durant Regional/Eaker Field,OK,Durant,33.942265,-96.39451806
RQO,El Reno Regional,OK,El Reno,None,None
ELK,Elk City Regional Business,OK,Elk City,35.42941083,-99.39425917
WDG,Enid Woodring Regional,OK,Enid,36.37920333,-97.79111222
0F7,Fountainhead Lodge Airpark,OK,Eufaula,35.38898833,-95.60165111
F08,Eufaula Municipal,OK,Eufaula,35.29593194,-95.62526417
6K4,Fairview Municipal,OK,Fairview,36.29014667,-98.47582833
FDR,Frederick Regional,OK,Frederick,34.35219472,-98.98460222
GAG,Gage,OK,Gage,36.29553889,-99.77642361
1K4,David Jay Perry,OK,Goldsby,35.1550675,-97.47039389
1O1,Grandfield Municipal,OK,Grandfield,34.23758944,-98.74200917
GMJ,Grove Regional,OK,Grove,36.60527056,-94.73856667
GOK,Guthrie/Edmond Regional,OK,Guthrie,35.84980556,-97.41560833
GUY,Guymon Municipal,OK,Guymon,36.68507194,-101.5077817
F32,Healdton Municipal,OK,Healdton,34.24925806,-97.47391306
F10,Henryetta Municipal,OK,Henryetta,35.40687972,-96.01583278
2O8,Hinton Municipal,OK,Hinton,35.50592472,-98.34236111
HBR,Hobart Regional,OK,Hobart,34.9913075,-99.0513525
F99,Holdenville Municipal,OK,Holdenville,35.085875,-96.41666667
O35,Hollis Municipal,OK,Hollis,34.70839417,-99.90871194
H92,Hominy Municipal,OK,Hominy,36.43340222,-96.38362861
O45,Hooker Municipal,OK,Hooker,36.85708306,-101.2270903
HHW,Stan Stamper Municipal,OK,Hugo,34.03482556,-95.54190611
4O4,McCurtain County Regional,OK,Idabel,33.909325,-94.85835278
1K8,South Grand Lake Regional,OK,Ketchum,None,None
6F1,Talihina Municipal,OK,Latimer (County),34.70777139,-95.07378583
LAW,Lawton-Fort Sill Regional,OK,Lawton,34.56771444,-98.41663667
1K2,Lindsay Municipal,OK,Lindsay,34.85007333,-97.58642028
1F4,Madill Municipal,OK,Madill,34.14040194,-96.81203222
2K4,Scott Field,OK,Mangum,34.89172583,-99.52675667
MLC,McAlester Regional,OK,McAlester,34.88240194,-95.78346278
O53,Medford Municipal,OK,Medford,36.79058417,-97.74899722
MIO,Miami Regional,OK,Miami,36.90922083,-94.88750028
MDF,Mooreland Municipal,OK,Mooreland,36.48475778,-99.19415778
MKO,Muskogee-Davis Regional,OK,Muskogee,35.65773028,-95.36164889
OUN,University of Oklahoma Westheimer,OK,Norman,35.24556444,-97.47212861
O65,Christman Airfield,OK,Okeene,36.11253667,-98.3086825
F81,Okemah Municipal,OK,Okemah,35.42925306,-96.28778361
OKC,Will Rogers World,OK,Oklahoma City,35.39308833,-97.60073389
PWA,Wiley Post,OK,Oklahoma City,35.53455,-97.64721556
RCE,Clarence E Page Municipal,OK,Oklahoma City,None,None
OKM,Okmulgee Regional/Paul and Betty Abbott Field,OK,Okmulgee,35.66813889,-95.94869444
PVJ,Pauls Valley Municipal,OK,Pauls Valley,34.71105361,-97.22321694
F22,Perry Municipal,OK,Perry,36.38559583,-97.27721083
PNC,Ponca City Regional,OK,Ponca City,36.73058417,-97.09976833
RKR,Robert S Kerr,OK,Poteau,35.02162639,-94.6212525
O47,Prague Municipal,OK,Prague,35.48201417,-96.71862944
H71,Mid-America Industrial,OK,Pryor,36.22539389,-95.33006333
3O3,Purcell Municipal - Steven E Shephard Field,OK,Purcell,34.97979444,-97.38586167
JSV,Sallisaw Municipal,OK,Sallisaw,None,None
OWP,William R Pogue Municipal,OK,Sand Springs,None,None
3O4,Sayre Municipal,OK,Sayre,35.16755222,-99.65787361
SRE,Seminole Municipal,OK,Seminole,None,None
SNL,Shawnee Regional,OK,Shawnee,35.35730333,-96.94282833
2F6,Skiatook Municipal,OK,Skiatook,36.357035,-96.01138556
GZL,Stigler Regional,OK,Stigler,None,None
SWO,Stillwater Regional,OK,Stillwater,36.16025194,-97.08577028
SUD,Stroud Municipal,OK,Stroud,35.78756833,-96.65862861
F30,Sulphur Municipal,OK,Sulphur,34.52453278,-96.98973944
TQH,Tahlequah Municipal,OK,Tahlequah,35.92891667,-95.00452778
1O4,Thomas Municipal,OK,Thomas,35.73338222,-98.73063833
0F9,Tishomingo Airpark,OK,Tishomingo,34.19592833,-96.67555694
RVS,Tulsa Riverside,OK,Tulsa,36.0396275,-95.984635
TUL,Tulsa International,OK,Tulsa,36.19837222,-95.88824167
H04,Vinita Municipal,OK,Vinita,36.63301806,-95.15136111
H68,Hefner-Easley,OK,Wagoner,None,None
3O5,Walters Municipal,OK,Walters,34.37258444,-98.40588583
JWG,Watonga Regional,OK,Watonga,35.86469444,-98.42075
1K5,Waynoka Municipal,OK,Waynoka,36.56670028,-98.85231333
OJA,Weatherford Stafford,OK,Weatherford,None,None
H05,Wilburton Municipal,OK,Wilburton,34.91954278,-95.39469722
WWR,West Woodward,OK,Woodward,36.4367025,-99.5209975
S12,Albany Municipal,OR,Albany,44.63781639,-123.0594486
S03,Ashland Municipal/Sumner Parker Field,OR,Ashland,42.19028361,-122.6606283
AST,Astoria Regional,OR,Astoria,46.15797222,-123.8786944
UAO,Aurora State,OR,Aurora,45.24713889,-122.7700556
BKE,Baker City Municipal,OR,Baker City,44.83733333,-117.8090833
S05,Bandon State,OR,Bandon,43.08733083,-124.4095578
BDN,Bend Municipal,OR,Bend,None,None
M50,Boardman,OR,Boardman,None,None
BOK,Brookings,OR,Brookings,42.07455556,-124.2900939
BNO,Burns Municipal,OR,Burns,43.59212778,-118.9549789
3S4,Illinois Valley,OR,Cave Junction,42.10372417,-123.6822911
2S7,Chiloquin State,OR,Chiloquin,42.58319167,-121.8761261
62S,Christmas Valley,OR,Christmas Valley,43.23653139,-120.6660967
3S9,Condon State Pauling Field,OR,Condon,45.24651889,-120.1664233
CVO,Corvallis Municipal,OR,Corvallis,44.49719361,-123.2898297
61S,Cottage Grove State,OR,Cottage Grove,43.79984528,-123.0289678
77S,Hobby Field,OR,Creswell,43.93206889,-123.0067483
DLS,Columbia Gorge Regional/The Dalles Municipal,OR,Dallesport,45.61854556,-121.1673439
EUG,Mahlon Sweet Field,OR,Eugene,44.12326,-123.2186856
6S2,Florence Municipal,OR,Florence,43.97901,-124.1095631
S45,Siletz Bay State,OR,Gleneden Beach,44.87761139,-124.0284472
4S1,Gold Beach Municipal,OR,Gold Beach,42.41344444,-124.4242742
3S8,Grants Pass,OR,Grants Pass,42.51011722,-123.3879894
HRI,Hermiston Municipal,OR,Hermiston,45.82822222,-119.2591667
4S2,Ken Jernstedt Airfield,OR,Hood River,45.67261833,-121.5364625
7S5,Independence State,OR,Independence,44.86676444,-123.1982475
GCD,Grant County Regional/Ogilvie Field,OR,John Day,None,None
JSY,Joseph State,OR,Joseph,None,None
LMT,Crater Lake/Klamath Regional,OR,Klamath Falls,42.15614361,-121.7332081
LGD,La Grande/Union County,OR,La Grande,45.29020944,-118.0071108
LKV,Lake County,OR,Lakeview,42.16111111,-120.3990703
S30,Lebanon State,OR,Lebanon,44.529845,-122.9295336
9S9,Lexington,OR,Lexington,45.45263139,-119.6886361
S33,Madras Municipal,OR,Madras,44.66623139,-121.1631
26U,McDermitt State,OR,McDermitt,42.00211083,-117.7231972
MMV,McMinnville Municipal,OR,McMinnville,45.19444444,-123.1359444
MFR,Rogue Valley International - Medford,OR,Medford,42.37422778,-122.8734978
4S9,Mulino State,OR,Mulino,45.21632417,-122.5900839
16S,Myrtle Creek Municipal,OR,Myrtle Creek,42.99845056,-123.3095092
ONP,Newport Municipal,OR,Newport,44.58036111,-124.0579167
OTH,Southwest Oregon Regional,OR,North Bend,43.41713889,-124.2460278
ONO,Ontario Municipal,OR,Ontario,44.02052417,-117.013635
PDT,Eastern Oregon Regional at Pendleton,OR,Pendleton,45.69505556,-118.8414444
HIO,Portland-Hillsboro,OR,Portland,45.54039389,-122.9498258
PDX,Portland International,OR,Portland,45.58872222,-122.5975
TTD,Portland-Troutdale,OR,Portland,45.54936889,-122.4012519
S39,Prineville,OR,Prineville,44.28699389,-120.9038328
RDM,Roberts Field,OR,Redmond,44.25406722,-121.1499633
RBG,Roseburg Regional,OR,Roseburg,43.23878306,-123.3558617
SLE,McNary Field,OR,Salem,44.90952778,-123.0025
SPB,Scappoose,OR,Scappoose,45.77250444,-122.8623611
56S,Seaside Municipal,OR,Seaside,46.01649694,-123.9054167
TMK,Tillamook,OR,Tillamook,None,None
35S,Wasco State,OR,Wasco,45.58944444,-120.6741667
ABE,Lehigh Valley International,PA,Allentown,40.65236278,-75.44040167
XLL,Allentown Queen City Municipal,PA,Allentown,None,None
AOO,Altoona/Blair County,PA,Altoona,40.29637222,-78.32002306
LOM,Wings Field,PA,Ambler,None,None
AVP,Wilkes-Barre/Scranton International,PA,Avoca,41.33814944,-75.7242675
BVI,Beaver County,PA,Beaver Falls,40.77248083,-80.39142556
PJC,Zelienople Municipal,PA,Beaver Falls,None,None
HMZ,Bedford County,PA,Bedford,40.08536861,-78.51221778
N13,Bloomsburg Municipal,PA,Bloomsburg,40.99778111,-76.43605583
BFD,Bradford Regional,PA,Bradford,41.80306778,-78.64012083
DUJ,Dubois Regional,PA,Brookville,41.17826611,-78.89869778
BTP,Pittsburgh/Butler Regional,PA,Butler,40.77692611,-79.94972417
N68,Franklin County Regional,PA,Chambersburg,39.97295167,-77.64326778
AXQ,Clarion County,PA,Clarion,None,None
FIG,Clearfield-Lawrence,PA,Clearfield,41.04861306,-78.41310306
MQS,Chester County G O Carlson,PA,Coatesville,None,None
VVS,Joseph A Hardy Connellsville,PA,Connellsville,None,None
8G2,Corry-Lawrence,PA,Corry,41.90755611,-79.64105083
DYL,Doylestown,PA,Doylestown,40.33305028,-75.12233833
9G8,Ebensburg,PA,Ebensburg,40.46121083,-78.77524389
ERI,Erie International/Tom Ridge Field,PA,Erie,42.08202139,-80.17621556
FKL,Venango Regional,PA,Franklin,41.37787361,-79.86036167
W05,Gettysburg Regional,PA,Gettysburg,39.84092833,-77.27415139
4G1,Greenville Municipal,PA,Greenville,41.44683167,-80.39126167
29D,Grove City,PA,Grove City,41.14597611,-80.16592194
MDT,Harrisburg International,PA,Harrisburg,40.19349528,-76.76340361
HZL,Hazleton Regional,PA,Hazleton,40.98677778,-75.99488889
IDI,Indiana County/Jimmy Stewart Field,PA,Indiana,40.63222222,-79.10552778
JST,John Murtha Johnstown/Cambria County,PA,Johnstown,40.31611111,-78.83394444
LBE,Arnold Palmer Regional,PA,Latrobe,40.27594,-79.40479722
22N,Jake Arner Memorial,PA,Lehighton,40.80950889,-75.76149639
LNS,Lancaster,PA,Lititz,40.12171528,-76.29609778
LHV,William T Piper Memorial,PA,Lock Haven,41.13618028,-77.42053556
GKJ,Port Meadville,PA,Meadville,41.62652667,-80.2147275
MPO,Pocono Mountains Regional,PA,Mount Pocono,41.1374775,-75.37887833
UCP,New Castle Municipal,PA,New Castle,41.02533778,-80.41337194
CXY,Capital City,PA,New Cumberland Army Depot,40.21713889,-76.85147222
PHL,Philadelphia International,PA,Philadelphia,39.87195278,-75.24114083
PNE,Northeast Philadelphia,PA,Philadelphia,40.08194417,-75.01058667
PSB,Mid-State,PA,Philipsburg,40.88439139,-78.08734167
PIT,Pittsburgh International,PA,Pittsburgh,40.49146583,-80.23287083
N47,Pottstown Municipal,PA,Pottstown,40.26040083,-75.67085306
PTW,Heritage Field,PA,Pottstown,40.23957167,-75.55662528
ZER,Schuylkill County/Joe Zerbey,PA,Pottsville,40.70644889,-76.37314667
N35,Punxsutawney Municipal,PA,Punxsutawney,40.96667472,-78.93000528
UKT,Quakertown,PA,Quakertown,40.43521194,-75.38192861
RDG,Reading Regional/Carl A Spaatz Field,PA,Reading,40.3785,-75.96525
RVL,Mifflin County,PA,Reedsville,40.67737417,-77.62682833
SEG,Penn Valley,PA,Selinsgrove,40.82052917,-76.86377611
N79,Northumberland County,PA,Shamokin,40.83692306,-76.55245611
2G9,Somerset County,PA,Somerset,40.03911111,-79.01455556
OYM,St Marys Municipal,PA,St. Marys,41.41247778,-78.50263139
UNV,State College Regional,PA,State College,40.84927778,-77.84869444
6G1,Titusville,PA,Titusville,41.60880861,-79.74133111
N57,New Garden,PA,Toughkenamon,39.83052639,-75.76974472
N27,Bradford County,PA,Towanda,41.74324028,-76.44457083
AFJ,Washington County,PA,Washington,40.13648833,-80.29020083
N38,Grand Canyon Regional,PA,Wellsboro,41.72790028,-77.39651139
OQN,Brandywine Regional,PA,West Chester,None,None
AGC,Allegheny County,PA,West Mifflin,40.35440139,-79.93016889
FWQ,Rostraver,PA,West Newton,None,None
WBW,Wilkes-Barre Wyoming Valley,PA,Wilkes-Barre,41.29717222,-75.85120556
IPT,Williamsport Regional,PA,Williamsport,41.24183583,-76.92109556
BID,Block Island State,RI,Block Island,41.16811889,-71.57784167
UUU,Newport State,RI,Newport,41.53243972,-71.28154389
OQU,Quonset State,RI,North Kingstown,41.5971525,-71.41215333
SFZ,North Central State,RI,Pawtucket,41.92076333,-71.49138139
PVD,Rhode Island Tf Green International,RI,Warwick,41.72399917,-71.42822111
WST,Westerly State,RI,Westerly,41.34961694,-71.80337778
AIK,Aiken Regional,SC,Aiken,33.64955556,-81.68447222
AQX,Allendale County,SC,Allendale,None,None
AND,Anderson Regional,SC,Anderson,34.49494444,-82.70902778
PHH,Robert F Swinnie,SC,Andrews,33.45169472,-79.52620111
99N,Bamberg County,SC,Bamberg,33.30515528,-81.10898917
BNL,Barnwell Regional,SC,Barnwell,33.25777778,-81.38833333
ARW,Beaufort Exec,SC,Beaufort,None,None
BBP,Marlboro County Jetport - H E Avent Field,SC,Bennettsville,34.62170861,-79.73435944
52J,Lee County/Butters Field,SC,Bishopville,34.24459889,-80.23729333
CDN,Woodward Field,SC,Camden,34.28358333,-80.56486111
CHS,Charleston AFB/International,SC,Charleston,32.89864639,-80.04050583
JZI,Charleston Exec,SC,Charleston,32.70086111,-80.00291667
CQW,Cheraw Municipal/Lynch Bellinger Field,SC,Cheraw,None,None
DCM,Chester Catawba Regional,SC,Chester,None,None
CAE,Columbia Metro,SC,Columbia,33.93884,-81.11953944
CUB,Jim Hamilton L B Owens,SC,Columbia,33.97047222,-80.99525
HYW,Conway-Horry County,SC,Conway,33.8285,-79.12216667
UDG,Darlington County,SC,Darlington,34.44919444,-79.89036111
FLO,Florence Regional,SC,Florence,34.18536111,-79.72388889
GGE,Georgetown County,SC,Georgetown,33.31169444,-79.31958333
GMU,Greenville Downtown,SC,Greenville,34.84794444,-82.35
GYH,Donaldson Field,SC,Greenville,34.75831917,-82.376415
GRD,Greenwood County,SC,Greenwood,34.24872222,-82.15908333
GSP,Greenville Spartanburg International,SC,Greer,34.89566722,-82.21885833
HVS,Hartsville Regional,SC,Hartsville,34.40308333,-80.11922222
HXD,Hilton Head,SC,Hilton Head Island,32.22436111,-80.69747222
CKI,Williamsburg Regional,SC,Kingstree,33.71722222,-79.85697222
LKR,Lancaster County-Mc Whirter Field,SC,Lancaster,34.72291667,-80.85458333
LUX,Laurens County,SC,Laurens,None,None
5J9,Twin City,SC,Loris,34.08848361,-78.86462028
MNI,Santee Cooper Regional,SC,Manning,33.58711111,-80.20866667
MAO,Marion County,SC,Marion,34.18116667,-79.33472222
MKS,Berkeley County,SC,Moncks Corner,None,None
LRO,Mt Pleasant Regional-Faison Field,SC,Mount Pleasant,None,None
MYR,Myrtle Beach International,SC,Myrtle Beach,33.67975,-78.92833333
EOE,Newberry County,SC,Newberry,None,None
CRE,Grand Strand,SC,North Myrtle Beach,33.81175,-78.72394444
OGB,Orangeburg Municipal,SC,Orangeburg,33.46094444,-80.85891667
PYG,Pageland,SC,Pageland,34.74213889,-80.34519444
6J0,Lexington County,SC,Pelion,33.79463889,-81.24586111
LQK,Pickens County,SC,Pickens,34.80997222,-82.70288889
3J1,Ridgeland-Claude Dean,SC,Ridgeland,32.49268694,-80.99233028
UZA,Rock Hill/York County/Bryant Field,SC,Rock Hill,34.98783333,-81.05716667
6J4,Saluda County,SC,Saluda,33.92680111,-81.79455306
CEU,Oconee County Regional,SC,Seneca,34.67205556,-82.88644444
SPA,Spartanburg Downtown Memorial/Simpson Field,SC,Spartanburg,34.91572222,-81.9565
6J2,St George,SC,St. George,33.1955,-80.50847222
DYB,Summerville,SC,Summerville,33.06344444,-80.27933333
SMS,Sumter,SC,Sumter,33.99569444,-80.3615
RBW,Lowcountry Regional,South Carolina,Walterboro,32.92052778,-80.64125
FDW,Fairfield County,SC,Winnsboro,34.31547222,-81.10880556
SUO,Rosebud Sioux Tribal,SD,- Rosebud,None,None
ABR,Aberdeen Regional,SD,Aberdeen,45.44905556,-98.42183333
EFC,Belle Fourche Municipal,SD,Belle Fourche,44.7342075,-103.8619925
6V5,Bison Municipal,SD,Bison,None,None
BTN,Britton Municipal,SD,Britton,45.81522222,-97.74313889
BKX,Brookings Regional,SD,Brookings,44.30483333,-96.81694444
9D2,Harding County,SD,Buffalo,45.58055222,-103.5296356
7G9,Canton Municipal,SD,Canton,None,None
9V9,Chamberlain Municipal,SD,Chamberlain,43.76612222,-99.32134
8D7,Clark County,SD,Clark,44.89570278,-97.71191361
CUT,Custer County,SD,Custer,43.73331611,-103.6176947
6E5,Wilder,SD,De Smet,None,None
84D,Cheyenne Eagle Butte,SD,Eagle Butte,44.984375,-101.2510417
6V0,Edgemont Municipal,SD,Edgemont,43.29525056,-103.8435325
3W8,Eureka Municipal,SD,Eureka,None,None
D07,Faith Municipal,SD,Faith,45.03609417,-102.0198803
3FU,Faulkton Municipal,SD,Faulkton,45.03191861,-99.11566417
4P3,Flandreau Municipal,SD,Flandreau,None,None
0D8,Gettysburg Municipal,SD,Gettysburg,44.98730556,-99.9535
9D1,Gregory Municipal - Flynn Field,SD,Gregory,43.22174722,-99.4033
9D0,Highmore Municipal,SD,Highmore,44.54165056,-99.44622306
HSR,Hot Springs Municipal,SD,Hot Springs,43.36824528,-103.3881378
8D9,Howard Municipal,SD,Howard,44.02914056,-97.53784778
HON,Huron Regional,SD,Huron,44.38520056,-98.2285425
5V8,Kadoka Municipal,SD,Kadoka,43.83332611,-101.4970881
LEM,Lemmon Municipal,SD,Lemmon,45.91869722,-102.1061778
9F8,Hoven Municipal,SD,Lowry,None,None
MDS,Madison Municipal,SD,Madison,44.01597222,-97.08593333
9V6,Martin Municipal,SD,Martin,43.16564083,-101.7126953
5P2,Mc Laughlin Municipal,SD,McLaughlin,None,None
1D1,Milbank Municipal,SD,Milbank,45.23053806,-96.56596556
MKA,Miller Municipal,SD,Miller,44.52524444,-98.95811444
MHE,Mitchell Municipal,SD,Mitchell,43.77483333,-98.03861111
MBG,Mobridge Municipal,SD,Mobridge,45.54650361,-100.4079192
8F6,Murdo Municipal,SD,Murdo,None,None
98D,Onida Municipal,SD,Onida,44.70414917,-100.1087353
8V3,Parkston Municipal,SD,Parkston,None,None
PHP,Philip,SD,Philip,44.04862722,-101.5990603
PIR,Pierre Regional,SD,Pierre,44.38267694,-100.285965
IEN,Pine Ridge,SD,Pine Ridge,43.02257694,-102.5110728
1D3,Platte Municipal,SD,Platte,43.40332833,-98.82952972
5P5,Presho Municipal,SD,Presho,None,None
RAP,Rapid City Regional,SD,Rapid City,44.04532139,-103.0573708
1D8,Redfield Municipal,SD,Redfield,44.86247611,-98.52953972
FSD,Joe Foss Field,SD,Sioux Falls,43.58135111,-96.74170028
8D3,Sisseton Municipal,SD,Sisseton,45.67079278,-96.99619167
SPF,Black Hills-Clyde Ice Field,SD,Spearfish,44.48022222,-103.7768889
Y03,Springfield Municipal,SD,Springfield,42.87999833,-97.90117972
49B,Sturgis Municipal,SD,Sturgis,None,None
Y14,Marv Skie-Lincoln County,SD,Tea,43.45747694,-96.80199528
VMR,Harold Davidson Field,SD,Vermillion,42.76528917,-96.93425472
AGZ,Wagner Municipal,SD,Wagner,43.06332694,-98.29618972
6V4,Wall Municipal,SD,Wall,43.99498861,-102.2504367
ATY,Watertown Regional,SD,Watertown,44.91398056,-97.15471944
1D7,The Sigurd Anderson,SD,Webster,45.29329111,-97.51369889
4X4,Wessington Springs,SD,Wessington Springs,None,None
ICR,Winner Regional,SD,Winner,None,None
YKN,Chan Gurney Municipal,SD,Yankton,42.91669444,-97.38594444
TYS,McGhee Tyson,TN,Alcoa,35.81248722,-83.99285583
MMI,McMinn County,TN,Athens,35.39730333,-84.56256861
M08,William L Whitehurst Field,TN,Bolivar,35.21445944,-89.04336222
TRI,Tri-Cities,TN,Bristol/Johnson/Kingsport,36.47521417,-82.40742056
0M4,Benton County,TN,Camden,36.01122694,-88.12328833
GHM,Centerville Municipal,TN,Centerville (CCD),35.83742722,-87.445375
CHA,Lovell Field,TN,Chattanooga,35.03526833,-85.20378778
CKV,Outlaw Field,TN,Clarksville,36.62188083,-87.41495361
RZR,Cleveland Regional Jetport,TN,Cleveland,None,None
M29,Hassell Field,TN,Clifton,35.38507528,-87.96752833
MRC,Maury County Regional,TN,Columbia/Mount Pleasant,35.55413889,-87.17891667
1A3,Martin Campbell Field,TN,Copperhill,35.01619111,-84.34631083
M04,Covington Municipal,TN,Covington,35.583365,-89.58722167
CSV,Crossville Memorial-Whitson Field,TN,Crossville,35.95129194,-85.08497806
PVE,Beech River Regional,TN,Darden,None,None
2A0,Mark Anton,TN,Dayton,35.48624611,-84.93109722
M02,Dickson Municipal,TN,Dickson,36.12931722,-87.43007056
DYR,Dyersburg Regional,TN,Dyersburg,35.99850694,-89.40608333
0A9,Elizabethton Municipal,TN,Elizabethton,36.37094306,-82.17374111
FYM,Fayetteville Municipal,TN,Fayetteville,35.05836278,-86.56441139
1A7,Jackson County,TN,Gainesboro,36.39728139,-85.64164278
XNX,Music City Exec,TN,Gallatin,None,None
GCY,Greeneville Municipal,TN,Greeneville,36.19299083,-82.81507028
M53,Humboldt Municipal,TN,Humboldt,35.80218,-88.87494944
HZD,Carroll County,TN,Huntingdon,36.08930722,-88.46329778
JAU,Colonel Tommy C Stiner Airfield,TN,Jacksboro,36.33457556,-84.16234472
MKL,McKellar-Sipes Regional,TN,Jackson,35.59987944,-88.91561611
2A1,Jamestown Municipal,TN,Jamestown,36.34970833,-84.94664472
APT,Marion County/Brown Field,TN,Jasper,35.06067778,-85.58531667
DKX,Knoxville Downtown Island,TN,Knoxville,35.96383361,-83.87365389
3M7,Lafayette Municipal,TN,Lafayette,36.518375,-86.05828083
2M2,Lawrenceburg-Lawrence County,TN,Lawrenceburg,35.2343025,-87.25793222
M54,Lebanon Municipal,TN,Lebanon,36.19041667,-86.31569444
LUG,Ellington,TN,Lewisburg,35.506975,-86.80388611
M15,James Tucker,TN,Linden,35.59590306,-87.87669361
8A3,Livingston Municipal,TN,Livingston,36.41217389,-85.31154861
MNV,Monroe County,TN,Madisonville,35.54537222,-84.380235
RNC,Warren County Memorial,TN,McMinnville,35.69870944,-85.84381722
M01,General Dewitt Spain,TN,Memphis,35.20069278,-90.05397694
MEM,Memphis International,TN,Memphis,35.04241667,-89.97666667
2M8,Charles W Baker,TN,Millington,35.27897583,-89.93147611
NQA,Millington/Memphis,TN,Millington,35.35666667,-89.87027778
MOR,Moore-Murrell,TN,Morristown,36.17939639,-83.37544944
6A4,Johnson County,TN,Mountain City,36.41789833,-81.82511528
MBT,Murfreesboro Municipal,TN,Murfreesboro,35.87748444,-86.37753222
BNA,Nashville International,TN,Nashville,36.12447667,-86.67818222
JWN,John C Tune,TN,Nashville,36.18236194,-86.88672278
SCX,Scott Municipal,TN,Oneida,36.45569444,-84.58575
PHT,Henry County,TN,Paris,36.33822472,-88.38287861
1M5,Douglas Hunter Field,TN,Portland,36.59287528,-86.47691028
GZS,Abernathy Field,TN,Pulaski,35.15371972,-87.05681444
RKW,Rockwood Municipal,TN,Ridgewood,35.922295,-84.68966278
RVN,Hawkins County,TN,Rogersville,36.45757917,-82.88503722
SNH,Savannah-Hardin County,TN,Savannah,35.17036,-88.21587
SZY,Robert Sibley,TN,Selmer,35.20295,-88.49836139
GKT,Gatlinburg-Pigeon Forge,TN,Sevierville,35.85775889,-83.52870472
UOS,Franklin County,TN,Sewanee,35.20397028,-85.89858889
SYI,Bomar Field/Shelbyville Municipal,TN,Shelbyville,35.56009889,-86.44249333
0A3,Smithville Municipal,TN,Smithville,35.98531194,-85.80931806
MQY,Smyrna,TN,Smyrna,36.00897944,-86.52007667
FYE,Fayette County,TN,Somerville,35.20592,-89.39441667
SRB,Upper Cumberland Regional,TN,Sparta,36.05593278,-85.5307475
M91,Springfield Robertson County,TN,Springfield,36.53726194,-86.92068917
3A2,New Tazewell Municipal,TN,Tazewell,36.41008417,-83.55546167
TGC,Gibson County,TN,Trenton,35.93245472,-88.84894028
THA,Tullahoma Regional/Wm Northern Field,TN,Tullahoma,35.38015694,-86.24602333
UCY,Everett-Stewart Regional,TN,Union City,36.38025,-88.98547778
0M5,Humphreys County,TN,Waverly,36.11659972,-87.73815889
BGF,Winchester Municipal,TN,Winchester,35.17753417,-86.06616722
ABI,Abilene Regional,TX,Abilene,32.41132,-99.68189722
ALI,Alice International,TX,Alice,27.74088889,-98.02694444
E38,Alpine-Casparis Municipal,TX,Alpine,30.38422222,-103.6835833
AMA,Rick Husband Amarillo International,TX,Amarillo,35.2193725,-101.7059272
T00,Chambers County,TX,Anahuac,29.77,-94.66361194
E11,Andrews County,TX,Andrews,32.33111111,-102.5295278
LBX,Texas Gulf Coast Regional,TX,Angleton,29.10863889,-95.46208056
GKY,Arlington Municipal,TX,Arlington,32.66241528,-97.09391139
T60,Stonewall County,TX,Aspermont,33.17231861,-100.1976044
F44,Athens Municipal,TX,Athens,32.16384778,-95.82835306
ATA,Hall-Miller Municipal,TX,Atlanta,33.101805,-94.19532694
AUS,Austin-Bergstrom International,TX,Austin,30.19453278,-97.66987194
BYY,Bay City Regional,TX,Bay City,None,None
BMT,Beaumont Municipal,TX,Beaumont,30.07044111,-94.21553806
BPT,Jack Brooks Regional,TX,Beaumont,29.95083333,-94.02069444
BEA,Beeville Municipal,TX,Beeville,None,None
BPG,Big Spring McMahon-Wrinkle,TX,Big Spring,None,None
F00,Jones Field,TX,Bonham,33.61172222,-96.17938889
BGD,Hutchinson County,TX,Borger,35.70004194,-101.3940536
0F2,Bowie Municipal,TX,Bowie,33.60166667,-97.77556
BBD,Curtis Field,TX,Brady,31.17816667,-99.32463889
BKD,Stephens County,TX,Breckenridge,32.71904694,-98.89099972
11R,Brenham Municipal,TX,Brenham,30.219,-96.37427778
XBP,Bridgeport Municipal,TX,Bridgeport,None,None
BFE,Terry County,TX,Brownfield,None,None
BRO,Brownsville/South Padre Island International,TX,Brownsville,25.90683333,-97.42586111
BWD,Brownwood Regional,TX,Brownwood,31.79362222,-98.95649528
CFD,Coulter Field,TX,Bryan,30.71569444,-96.33136111
BMQ,Burnet Municipal/Kate Craddock Field,TX,Burnet,30.73894444,-98.23858333
7F3,Caddo Mills Municipal,TX,Caddo Mills,33.03622222,-96.24313889
T35,Cameron Municipal Airpark,TX,Cameron,30.87935556,-96.97109694
HHF,Hemphill County,TX,Canadian,35.89530778,-100.4036397
CZT,Dimmit County,TX,Carrizo Springs,28.52225111,-99.82363444
4F2,Panola County-Sharpe Field,TX,Carthage,32.17608333,-94.29880556
CVB,Castroville Municipal,TX,Castroville,None,None
F17,Center Municipal,TX,Center,31.83158333,-94.15641667
LBR,Clarksville/Red River County-J D Trissell Field,TX,Clarksville,None,None
CPT,Cleburne Regional,TX,Cleburne,None,None
6R3,Cleveland Municipal,TX,Cleveland,30.35643,-95.00801472
7F7,Clifton Municipal/Isenhower Field,TX,Clifton,31.81682333,-97.56696361
COM,Coleman Municipal,TX,Coleman,31.84113889,-99.40361111
CLL,Easterwood Field,TX,College Station,30.58858944,-96.36382417
MKN,Comanche County-City,TX,Comanche,None,None
2F7,Commerce Municipal,TX,Commerce,33.29288889,-95.89641806
CXO,Conroe/North Houston Regional,TX,Conroe,30.35183333,-95.4144675
CRP,Corpus Christi International,TX,Corpus Christi,27.77036083,-97.50121528
CRS,C David Campbell Field-Corsicana Municipal,TX,Corsicana,32.02748861,-96.39803611
COT,Cotulla-La Salle County,TX,Cotulla,28.45825583,-99.22016389
DKR,Houston County,TX,Crockett,None,None
T71,Cuero Municipal,TX,Cuero,29.08358806,-97.26693417
DHT,Dalhart Municipal,TX,Dalhart,36.022585,-102.5472775
49T,Dallas Cbd,TX,Dallas,32.77333333,-96.80027778
ADS,Addison,TX,Dallas,32.96855944,-96.83644778
DAL,Dallas Love Field,TX,Dallas,32.84711389,-96.85177222
RBD,Dallas Exec,TX,Dallas,32.68086111,-96.86819444
LUD,Decatur Municipal,TX,Decatur,None,None
DRT,Del Rio International,TX,Del Rio,29.37181222,-100.9232339
DTO,Denton Enterprise,TX,Denton,33.20072167,-97.19797722
23R,Devine Municipal,TX,Devine,29.1384075,-98.94189028
T55,Dimmitt Municipal,TX,Dimmitt,None,None
DUX,Moore County,TX,Dumas,35.85792833,-102.0130978
ELA,Eagle Lake,TX,Eagle Lake,29.60301389,-96.32248444
5T9,Maverick County Memorial International,TX,Eagle Pass,28.85719361,-100.5122997
ETN,Eastland Municipal,TX,Eastland,32.41349167,-98.80975667
EBG,South Texas International at Edinburg,TX,Edinburg,None,None
26R,Jackson County,TX,Edna,29.00101,-96.58194667
ELP,El Paso International,TX,El Paso,31.80666667,-106.3778056
F41,Ennis Municipal,TX,Ennis,32.32969444,-96.66388889
E35,Fabens,TX,Fabens,31.51567306,-106.1471978
BKS,Brooks County,TX,Falfurrias,None,None
41F,Floydada Municipal,TX,Floydada,None,None
FST,Fort Stockton-Pecos County,TX,Fort Stockton,30.91566667,-102.9161389
AFW,Perot Field/Fort Worth Alliance,TX,Fort Worth,32.98763889,-97.31880556
DFW,Dallas-Fort Worth International,TX,Fort Worth,32.89595056,-97.0372
FTW,Fort Worth Meacham International,TX,Fort Worth,32.81977778,-97.36244444
FWS,Fort Worth Spinks,TX,Fort Worth,32.56522778,-97.30807778
T82,Gillespie County,TX,Fredericksburg,30.24369444,-98.90952778
GLE,Gainesville Municipal,TX,Gainesville,33.65136111,-97.19702778
GLS,Scholes International at Galveston,TX,Galveston,29.26532333,-94.86040667
T57,Garland/DFW Heloplex,TX,Garland,32.887625,-96.6836075
GOP,Gatesville Municipal,TX,Gatesville,None,None
GTU,Georgetown Exec,TX,Georgetown,30.67880889,-97.67938389
GYB,Giddings-Lee County,TX,Giddings,None,None
JXI,Fox Stephens Field / Gilmer Municipal,TX,Gilmer,None,None
07F,Gladewater Municipal,TX,Gladewater,32.52883861,-94.97174556
RPH,Graham Municipal,TX,Graham,None,None
GDJ,Granbury Regional,TX,Granbury,None,None
GPM,Grand Prairie Municipal,TX,Grand Prairie,32.69858333,-97.04652778
GYI,North Texas Regional/Perrin Field,TX,Grayson (County),None,None
GVT,Majors,TX,Greenville,33.06783889,-96.0653325
E19,Gruver Municipal,TX,Gruver,36.23372611,-101.4321894
MNZ,Hamilton Municipal,TX,Hamilton,31.66592639,-98.1486375
HRL,Valley International,TX,Harlingen,26.22850611,-97.65439389
15F,Haskell Municipal,TX,Haskell,33.19155556,-99.71793056
LHB,Hearne Municipal,TX,Hearne,None,None
HBV,Jim Hogg County,TX,Hebbronville,27.34955556,-98.73697222
RFI,Rusk County,TX,Henderson,None,None
HRX,Hereford Municipal,TX,Hereford,34.85761639,-102.3272017
INJ,Hillsboro Municipal,TX,Hillsboro,None,None
HDO,South Texas Regional at Hondo,TX,Hondo,29.35952778,-99.17666667
AXH,Houston/Southwest,TX,Houston,None,None
DWH,David Wayne Hooks Memorial,TX,Houston,30.06186111,-95.55277778
EFD,Ellington,TX,Houston,29.60733333,-95.15875
HOU,William P Hobby,TX,Houston,29.64541861,-95.27888889
IAH,George Bush Intcntl/Houston,TX,Houston,29.98047222,-95.33972222
IWS,West Houston,TX,Houston,29.81819444,-95.67261111
SGR,Sugar Land Regional,TX,Houston,29.62225306,-95.65652889
UTS,Huntsville Municipal,TX,Huntsville,30.74688667,-95.58716667
TFP,McCampbell-Porter,TX,Ingleside,None,None
21F,Jacksboro Municipal,TX,Jacksboro,33.228725,-98.14671083
JSO,Cherokee County,TX,Jacksonville,31.86933667,-95.21739028
JAS,Jasper County/Bell Field,TX,Jasper,30.89058333,-94.03483333
JCT,Kimble County,TX,Junction,30.51126,-99.76345528
2R9,Kenedy Regional,TX,Kenedy,28.8250075,-97.86558333
ERV,Kerrville Municipal/Louis Schreiner Field,TX,Kerrville,29.976735,-99.08567972
GRK,Robert Gray AAF,TX,Killeen,31.06489778,-97.82779778
ILE,Skylark Field,TX,Killeen,31.08583333,-97.6865
IKG,Kleberg County,TX,Kingsville,None,None
45R,Hawthorne Field,TX,Kountze,30.33633806,-94.25754361
3T5,Fayette Regional Air Center,TX,La Grange,29.90930556,-96.9505
T41,La Porte Municipal,TX,La Porte,29.66925,-95.06419444
RYW,Lago Vista Tx/Rusty Allen,TX,Lago Vista,None,None
LUV,Lamesa Municipal,TX,Lamesa,None,None
LZZ,Lampasas,TX,Lampasas,None,None
LNC,Lancaster Regional,TX,Lancaster,32.57919111,-96.71905111
LRD,Laredo International,TX,Laredo,27.54373861,-99.46154361
LLN,Levelland Municipal,TX,Levelland,None,None
T78,Liberty Municipal,TX,Liberty,30.07780556,-94.69855556
LIU,Littlefield Taylor Brown Municipal,TX,Littlefield,None,None
00R,Livingston Municipal,TX,Livingston,30.68586111,-95.01792778
AQO,Llano Municipal,TX,Llano,None,None
50R,Lockhart Municipal,TX,Lockhart,29.85033333,-97.67241667
GGG,East Texas Regional,TX,Longview,32.38486111,-94.71171
LBB,Lubbock Preston Smith International,TX,Lubbock,33.66363889,-101.8227778
LFK,Angelina County,TX,Lufkin,31.23401389,-94.75
MRF,Marfa Municipal,TX,Marfa,30.37147222,-104.0166944
ASL,Harrison County,TX,Marshall,32.5205,-94.30777778
MFE,McAllen International,TX,McAllen,26.17583333,-98.23861111
TKI,McKinney Ntl,TX,McKinney,33.17794778,-96.5905275
F21,Memphis Municipal,TX,Memphis,34.73958944,-100.5297008
HQZ,Mesquite Metro,TX,Mesquite,32.74696278,-96.53041722
LXY,Mexia-Limestone County,TX,Mexia,31.63983472,-96.51472222
MAF,Midland International Air And Space Port,TX,Midland,31.94252778,-102.2019139
MDD,Midland Airpark,TX,Midland,32.03652444,-102.1010278
JWY,Mid-Way Regional,TX,Midlothian,None,None
MWL,Mineral Wells Regional,TX,Mineral Wells,32.78160556,-98.060175
E01,Roy Hurd Memorial,TX,Monahans,31.58246583,-102.9090428
F85,Cochran County,TX,Morton,33.72926389,-102.7338183
OSA,Mount Pleasant Regional,TX,Mount Pleasant,None,None
F53,Franklin County,TX,Mount Vernon,33.21530583,-95.2374925
2T1,Muleshoe Municipal,TX,Muleshoe,34.18513639,-102.6410981
OCH,Nacogdoches A L Mangham Jr Regional,TX,Nacogdoches,31.57802778,-94.70954167
BAZ,New Braunfels Ntl,TX,New Braunfels,29.7045,-98.04222222
ODO,Odessa-Schlemeyer Field,TX,Odessa,31.92056722,-102.3870892
ONY,Olney Municipal,TX,Olney,33.35088056,-98.81916667
ORG,Orange County,TX,Orange,30.06916667,-93.80091667
OZA,Ozona Municipal,TX,Ozona,30.73528028,-101.2029719
PSX,Palacios Municipal,TX,Palacios,28.72751778,-96.2509675
PSN,Palestine Municipal,TX,Palestine,31.77969444,-95.70630556
PPA,Perry Lefors Field,TX,Pampa,35.61298806,-100.9962608
PRX,Cox Field,TX,Paris,33.63660667,-95.45073194
LVJ,Pearland Regional,TX,Pearland,29.52130556,-95.24216667
PEQ,Pecos Municipal,TX,Pecos,31.3823575,-103.5107017
PYX,Perryton Ochiltree County,TX,Perryton,36.41200333,-100.7517883
PVW,Hale County,TX,Plainview,34.16814722,-101.7173361
PEZ,Pleasanton Municipal,TX,Pleasanton,28.95419444,-98.51998917
PIL,Port Isabel-Cameron County,TX,Port Isabel,26.16621,-97.34588611
PKV,Calhoun County,TX,Port Lavaca,None,None
5F1,Post-Garza County Municipal,TX,Post,33.20370556,-101.340415
F01,Quanah Municipal,TX,Quanah,34.27708306,-99.75926861
RFG,Rooke Field,TX,Refugio,28.29361694,-97.32304833
RBO,Nueces County,TX,Robstown,None,None
RKP,Aransas County,TX,Rockport,28.08677778,-97.04461111
F46,Ralph M Hall/Rockwall Municipal,TX,Rockwall,32.93059444,-96.43548556
SJT,San Angelo Regional/Mathis Field,TX,San Angelo,31.35775,-100.4963056
SAT,San Antonio International,TX,San Antonio,29.53369444,-98.46977778
SKF,Kelly Field,TX,San Antonio,None,None
SSF,Stinson Municipal,TX,San Antonio,29.3370075,-98.47114056
HYI,San Marcos Regional,TX,San Marcos,29.89361111,-97.86469444
GNC,Gaines County,TX,Seminole,None,None
60F,Seymour Municipal,TX,Seymour,33.64870417,-99.26063056
F49,City of Slaton/Larry T Neal Memorial,TX,Slaton,33.48481,-101.6607158
84R,Smithville Crawford Municipal,TX,Smithville,30.03048028,-97.16687194
SNK,Winston Field,TX,Snyder,32.69338667,-100.9504525
E42,Major Samuel B Cornelius Field,TX,Spearman,36.221,-101.1945
F56,Arledge Field,TX,Stamford,32.91019472,-99.73422972
SEP,Stephenville Clark Regional,TX,Stephenville,32.21532333,-98.17766722
SLR,Sulphur Springs Municipal,TX,Sulphur Springs,33.15983333,-95.62113889
SWW,Avenger Field,TX,Sweetwater,32.46736806,-100.4665508
T74,Taylor Municipal,TX,Taylor,30.57194444,-97.44316667
TPL,Draughon-Miller Central Texas Regional,TX,Temple,31.1525,-97.40777778
TRL,Terrell Municipal,TX,Terrell,32.71004667,-96.26742306
I06,City of Tulia/Swisher County Municipal,TX,Tulia,None,None
TYR,Tyler Pounds Regional,TX,Tyler,32.35413889,-95.40238611
UVA,Garner Field,TX,Uvalde,29.21135028,-99.74358306
VHN,Culberson County,TX,Van Horn,31.05784417,-104.7838056
E52,Oldham County,TX,Vega,35.23199833,-102.3990931
F05,Wilbarger County,TX,Vernon,34.22566806,-99.28375
VCT,Victoria Regional,TX,Victoria,28.85255556,-96.91848722
ACT,Waco Regional,TX,Waco,31.61128833,-97.23051917
CNW,TSTC Waco,TX,Waco,31.63783139,-97.07413889
PWG,McGregor Exec,TX,Waco,31.48491667,-97.31652778
F06,Marian Airpark,TX,Wellington,34.84561083,-100.1959481
TXW,Mid Valley,TX,Weslaco,None,None
ARM,Wharton Regional,TX,Wharton,None,None
CWC,Kickapoo Downtown,TX,Wichita Falls,None,None
SPS,Sheppard AFB/Wichita Falls Municipal,TX,Wichita Falls,33.98879611,-98.49189333
INK,Winkler County,TX,Wink,31.77962833,-103.2013619
T90,Chambers County/Winnie Stowell,TX,Winnie-Stowell (CCD),29.80411,-94.43102306
F51,Winnsboro Municipal,TX,Winnsboro,32.93884556,-95.27886083
U52,Beaver Municipal,UT,Beaver,38.23071,-112.6753497
BDG,Blanding Municipal,UT,Blanding,37.58303472,-109.4832889
BMC,Brigham City Regional,UT,Brigham City,41.55239139,-112.0622625
BCE,Bryce Canyon,UT,Bryce Canyon,37.70637111,-112.1454725
CDC,Cedar City Regional,UT,Cedar City,37.70097028,-113.098575
DTA,Delta Municipal,UT,Delta,39.38328861,-112.5096683
U69,Duchesne Municipal,UT,Duchesne,40.19190167,-110.3809886
1L7,Escalante Municipal,UT,Escalante,37.74532639,-111.5701653
U34,Green River Municipal,UT,Green River,38.96136167,-110.2273619
HVE,Hanksville,UT,Hanksville,38.41803722,-110.7040378
HCR,Heber Valley,UT,Heber City,None,None
1L8,General Dick Stout Field,UT,Hurricane,None,None
KNB,Kanab Municipal,UT,Kanab,37.01110583,-112.5311936
38U,Wayne Wonderland,UT,Loa,38.36247972,-111.5960164
LGU,Logan-Cache,UT,Logan,41.78773083,-111.8526822
41U,Manti-Ephraim,UT,Manti,39.32912833,-111.6146397
MLF,Milford Municipal/Ben and Judy Briscoe Field,UT,Milford,38.4266325,-113.0124564
CNY,Canyonlands Regional,UT,Moab,38.75495611,-109.7548439
U64,Monticello,UT,Monticello,None,None
U96,Cal Black Memorial,UT,Monticello,37.44221444,-110.5695836
U14,Nephi Municipal,UT,Nephi,39.73884333,-111.8716011
OGD,Ogden-Hinckley,UT,Ogden,41.19594417,-112.012175
U55,Panguitch Municipal,UT,Panguitch,37.84523333,-112.3918731
1L9,Parowan,UT,Parowan,37.85969694,-112.816055
PUC,Carbon County Regional/Buck Davis Field,UT,Price,39.61391556,-110.7514183
PVU,Provo Municipal,UT,Provo,40.21919444,-111.7233611
RIF,Richfield Municipal,UT,Richfield,38.73643611,-112.0989444
74V,Roosevelt Municipal,UT,Roosevelt,40.27829167,-110.0512619
SLC,Salt Lake City International,UT,Salt Lake City,40.78838778,-111.9777731
U42,South Valley Regional,UT,Salt Lake City,40.61954,-111.9928858
SPK,Spanish Fork Municipal/Woodhouse Field,UT,Spanish Fork,None,None
SGU,St George Regional,UT,St. George,37.09058333,-113.5930556
TVY,Bolinder Field-Tooele Valley,UT,Tooele,40.6122725,-112.3507719
VEL,Vernal Regional,UT,Vernal,40.44090167,-109.5099203
ENV,Wendover,UT,Wendover,40.71869528,-114.03089
MPV,Edward F Knapp State,VT,Barre,44.203505,-72.56232944
DDH,William H Morse State,VT,Bennington,42.8913325,-73.2464075
BTV,Patrick Leahy Burlington International,VT,Burlington,44.47300361,-73.1503125
CDA,Caledonia County,VT,Lyndonville,None,None
6B0,Middlebury State,VT,Middlebury,43.98478278,-73.09594889
MVL,Morrisville-Stowe State,VT,Morrisville,44.53460806,-72.61400444
EFK,Northeast Kingdom International,VT,Newport,44.88879722,-72.22915833
2B9,Post Mills,VT,Post Mills,43.884235,-72.25370333
RUT,Rutland/Southern Vermont Regional,VT,Rutland,43.52990694,-72.949615
VSF,Hartness State (Springfield),VT,Springfield,43.34362889,-72.5173125
FSO,Franklin County State,VT,Swanton,44.94028083,-73.09746
0B7,Warren-Sugarbush,VT,Warren,44.11672722,-72.82705806
VJI,Virginia Highlands,VA,Abingdon,36.68711028,-82.03333583
DCA,Ronald Reagan Washington Ntl,VA,Arlington,38.85208333,-77.03772222
OFP,Hanover County Municipal,VA,Ashland,37.7080325,-77.43601028
BCB,Virginia Tech/Montgomery Exec,VA,Blacksburg,37.20782361,-80.40832778
0V4,Brookneal/Campbell County,VA,Brookneal,37.14172222,-79.01638889
CHO,Charlottesville-Albemarle,VA,Charlottesville-Albemarle Airport,38.13863889,-78.45286111
CPK,Chesapeake Regional,VA,Chesapeake,36.66561833,-76.32066389
PVG,Hampton Roads Exec,VA,Chesapeake,36.78014889,-76.44883472
FCI,Richmond Exec/Chesterfield County,VA,Chesterfield,37.4065375,-77.52498667
CJR,Culpeper Regional,VA,Culpeper,38.5267075,-77.85885528
DAN,Danville Regional,VA,Danville,36.57286111,-79.33611111
PSK,New River Valley,VA,Dublin,37.13734528,-80.67848167
IAD,Washington Dulles International,VA,Dulles,38.94453194,-77.45580972
FVX,Farmville Regional,VA,Farmville,37.35752861,-78.43779806
FRR,Front Royal-Warren County,VA,Front Royal,38.9175325,-78.25351472
W78,William M Tuck,VA,Halifax,36.710045,-78.84802028
RIC,Richmond International,VA,Highland Springs,37.50516667,-77.31966667
HLX,Twin County,VA,Hillsville,36.76611472,-80.82356556
HSP,Ingalls Field,VA,Hot Springs,37.95144444,-79.83389444
FKN,Franklin Regional,VA,Isle of Wight,36.69817806,-76.90312694
0VG,Lee County,VA,Jonesville,None,None
JYO,Leesburg Exec,VA,Leesburg,39.07797222,-77.5575
LKU,Louisa County/Freeman Field,VA,Louisa,38.00983333,-77.97013889
LUA,Luray Caverns,VA,Luray,None,None
HEF,Manassas Regional/Harry P Davis Field,VA,Manassas,38.72141667,-77.51544444
FYJ,Middle Peninsula Regional,VA,Mattaponi,None,None
MFV,Accomack County,VA,Melfa,37.64688889,-75.76105556
EMV,Emporia-Greensville Regional,VA,Moonlight,36.68691667,-77.48280556
PHF,Newport News/Williamsburg International,VA,Newport News,37.13189556,-76.4929875
ORF,Norfolk International,VA,Norfolk,36.89461111,-76.20122222
OMH,Orange County,VA,Orange,38.24721639,-78.04561028
W96,New Kent County,VA,Quinton,37.50320139,-77.12552694
JFZ,Tazewell County,VA,Richlands,None,None
ROA,Roanoke/Blacksburg Regional (Woodrum Field),VA,Roanoke,37.32546833,-79.97542833
MKJ,Mountain Empire,VA,Smyth (County),36.8948525,-81.349955
AVC,Mecklenburg-Brunswick Regional,VA,South Hill,36.68827778,-78.05447222
MTV,Blue Ridge,VA,Spencer,36.63074861,-80.01834917
RMN,Stafford Regional,VA,Stafford,None,None
SFQ,Suffolk Exec,VA,Suffolk,36.68235361,-76.60187333
PTB,Tri Cities Exec/Dinwiddie County,VA,Sutherland,37.18375833,-77.50738889
TGI,Tangier Island,VA,Tangier,37.82513889,-75.99777778
XSA,Tappahannock/Essex County,VA,Tappahannock,None,None
LYH,Lynchburg Regional/Preston Glenn Field,VA,Timberlake,37.32668528,-79.20043056
HWY,Warrenton/Fauquier,VA,Warrenton,None,None
SHD,Shenandoah Valley Regional,VA,Weyers Cave,38.26384333,-78.89643806
OKV,Winchester Regional,VA,Winchester,39.14352139,-78.14444444
LNP,Lonesome Pine,VA,Wise,36.98743194,-82.53017361
74S,Anacortes,WA,Anacortes,48.4989925,-122.6623956
AWO,Arlington Municipal,WA,Arlington,48.16074833,-122.1590208
S50,Auburn Municipal,WA,Auburn,47.32815583,-122.2265092
BLI,Bellingham International,WA,Bellingham,48.79275,-122.5375278
PWT,Bremerton Ntl,WA,Bremerton,47.49275361,-122.7624286
S97,Anderson Field,WA,Brewster,48.10486806,-119.7206128
BVS,Skagit Regional,WA,Burlington,48.47088889,-122.4208611
1W1,Grove Field,WA,Camas,None,None
8S2,Cashmere-Dryden,WA,Cashmere,47.51484611,-120.4848025
CLS,Chehalis-Centralia,WA,Chehalis,46.67649194,-122.9792967
S10,Lake Chelan,WA,Chelan,47.86597139,-119.9427053
S93,Cle Elum Municipal,WA,Cle Elum,47.18317583,-120.884525
S94,Port of Whitman Business Air Center,WA,Colfax,46.8584975,-117.4137964
63S,Colville Municipal,WA,Colville,48.54156944,-117.8844247
68S,Davenport,WA,Davenport,47.65404528,-118.1677519
DEW,Deer Park,WA,Deer Park,47.96663889,-117.4266667
EAT,Pangborn Memorial,WA,East Wenatchee,47.39886111,-120.2068333
ORS,Orcas Island,WA,Eastsound,48.70816,-122.9137961
3W7,Grand Coulee Dam,WA,Electric City,None,None
ELN,Bowers Field,WA,Ellensburg,47.03302778,-120.5306944
EPH,Ephrata Municipal,WA,Ephrata,47.30758333,-119.5158889
PAE,Seattle Paine Field International,WA,Everett,47.90762861,-122.2815892
FHR,Friday Harbor,WA,Friday Harbor,48.52197222,-123.0243611
W33,Friday Harbor,WA,Friday Harbor,48.53732194,-123.0096236
HQM,Bowerman,WA,Hoquiam,46.97120167,-123.9365581
S23,Ione Municipal,WA,Ione,48.70727528,-117.4126036
KLS,Southwest Washington Regional,WA,Kelso,46.118,-122.8983889
S60,Kenmore Air Harbor,WA,Kenmore,47.75482,-122.2592931
W10,Whidbey Air Park,WA,Langley,None,None
S31,Lopez Island,WA,Lopez,48.48259944,-122.9368444
MWH,Grant County International,WA,Moses Lake,47.20770806,-119.3201897
W04,Ocean Shores Municipal,WA,Ocean Shores,47.00369806,-124.143785
43D,Odessa Municipal,WA,Odessa,None,None
OLM,Olympia Regional,WA,Olympia,46.9705,-122.9022083
OMK,Omak,WA,Omak,48.46440222,-119.5180503
0S7,Dorothy Scott International,WA,Oroville,48.958965,-119.4119622
S70,Othello Municipal,WA,Othello,46.79486278,-119.0802875
55S,Packwood,WA,Packwood,46.60400083,-121.6778664
PSC,Tri-Cities,WA,Pasco,46.26468028,-119.1190292
CLM,William R Fairchild International,WA,Port Angeles,48.12019444,-123.4996944
0S9,Jefferson County International,WA,Port Townsend,48.04981361,-122.8012792
S40,Prosser,WA,Prosser,46.212355,-119.7928122
PUW,Pullman/Moscow Regional,WA,Pullman,46.74386111,-117.1095833
PLU,Pierce County - Thun Field,WA,Puyallup,None,None
UIL,Quillayute,WA,Quillayute,47.93714444,-124.5612497
RNT,Renton Municipal,WA,Renton,47.49313889,-122.21575
RLD,Richland,WA,Richland,46.305635,-119.3041853
33S,Pru Field,WA,Ritzville,47.12487194,-118.3927539
72S,Rosalia Municipal,WA,Rosalia,47.23683778,-117.4210244
BFI,Boeing Field/King County International,WA,Seattle,47.52998917,-122.3019561
SEA,Seattle-Tacoma International,WA,Seattle,47.44898194,-122.3093131
SHN,Sanderson Field,WA,Shelton,47.23355556,-123.1475556
S43,Harvey Field,WA,Snohomish,47.90815306,-122.1054072
GEG,Spokane International,WA,Spokane,47.61985556,-117.5338425
SFF,Felts Field,WA,Spokane,47.68281806,-117.3225583
1S5,Sunnyside Municipal,WA,Sunnyside,46.32763139,-119.9705964
TIW,Tacoma Narrows,WA,Tacoma,47.26793111,-122.5780997
TDO,Ed Carlson Memorial Field/South Lewis County,WA,Toledo,46.47709083,-122.80686
VUO,Pearson Field,WA,Vancouver,45.6204525,-122.6564883
2S1,Vashon Municipal,WA,Vashon,47.45815333,-122.4773506
ALW,Walla Walla Regional,WA,Walla Walla,46.09456167,-118.2880367
2S8,Wilbur,WA,Wilbur,47.75320639,-118.7438936
S52,Methow Valley State,WA,Winthrop,48.42070056,-120.1470264
YKM,Yakima Air Trml/McAllister Field,WA,Yakima,46.56816972,-120.5440594
BKW,Raleigh County Memorial,WV,Beckley,37.78732833,-81.12416417
BLF,Mercer County,WV,Bluefield,37.29579944,-81.20769056
W22,Upshur County Regional,WV,Buckhannon,39.00035833,-80.27392778
CRW,West Virginia International Yeager,WV,Charleston,38.37315083,-81.59318972
CKB,North Central West Virginia,WV,Clarksburg,39.29663889,-80.22808333
EKN,Elkins/Randolph County (Jennings Randolph Field),WV,Elkins,38.88944444,-79.85713889
4G7,Fairmont Municipal-Frankman Field,WV,Fairmont,39.44816667,-80.16702778
HTS,Tri-State/Milton J Ferguson Field,WV,Huntington,38.36666667,-82.55802778
LWB,Greenbrier Valley,WV,Lewisburg,37.85830556,-80.39947222
6L4,Logan County,WV,Logan,37.85567778,-81.91589722
MRB,Eastern WV Regional/Shepherd Field,WV,Martinsburg,39.40193278,-77.98458139
MGW,Morgantown Municipal/Walter L Bill Hart Field,WV,Morgantown,39.6429075,-79.91631417
MPG,Marshall County,WV,Moundsville,None,None
PKB,Mid-Ohio Valley Regional,WV,Parkersburg,39.34510333,-81.43920194
W99,Grant County,WV,Petersburg,38.99419444,-79.14438889
79D,Philippi/Barbour County Regional,WV,Philippi,39.16620778,-80.06258056
I16,Kee Field,WV,Pineville,37.60044444,-81.55927778
3I2,Mason County,WV,Point Pleasant,38.91463889,-82.09858333
I18,Jackson County,WV,Ravenswood,38.92977778,-81.81947222
SXL,Summersville,WV,Summersville,38.23163889,-80.87080556
48I,Braxton County,WV,Sutton,38.68704444,-80.65176083
HLG,Wheeling Ohio County,WV,Wheeling,40.175,-80.64627778
EBD,Southern West Virginia Regional,WV,Williamson,None,None
AHH,Amery Municipal,WI,Amery,45.28114833,-92.37539222
AIG,Langlade County,WI,Antigo,45.15419444,-89.11072222
ATW,Appleton International,WI,Appleton,44.25740806,-88.51947556
ASX,John F Kennedy Memorial,WI,Ashland,46.54852806,-90.91896639
DLL,Baraboo/Wisconsin Dells Regional,WI,Baraboo,43.52195389,-89.77090222
BCK,Black River Falls Area,WI,Black River Falls,44.25073861,-90.85528028
OVS,Boscobel,WI,Boscobel,43.16063056,-90.67421833
3T3,Boyceville Municipal,WI,Boyceville,45.042185,-92.0293475
02C,Capitol Drive,WI,Brookfield,43.08751,-88.17786917
BUU,Burlington Municipal,WI,Burlington,None,None
3CU,Cable Union,WI,Cable,46.19424889,-91.24640972
CLI,Clintonville Municipal,WI,Clintonville,44.61381306,-88.73126667
Y55,Crandon/Steve Conway Municipal,WI,Crandon,45.51662972,-88.93344694
3D1,Crivitz Municipal,WI,Crivitz,None,None
UBE,Cumberland Municipal,WI,Cumberland,45.50597028,-91.98108694
EGV,Eagle River Union,WI,Eagle River,45.93179639,-89.26906778
57C,East Troy Municipal,WI,East Troy,42.79711111,-88.3725
EAU,Chippewa Valley Regional,WI,Eau Claire,44.86525722,-91.48507194
3D2,Ephraim/Gibraltar,WI,Ephraim,45.13535778,-87.18586556
FLD,Fond du Lac County,WI,Fond du Lac,43.77117417,-88.48842917
61C,Fort Atkinson Municipal,WI,Fort Atkinson,42.96320278,-88.81762806
63C,Adams County Legion Field,WI,Friendship,43.96117222,-89.78804889
GTG,Grantsburg Municipal,WI,Grantsburg,None,None
GRB,Green Bay/Austin Straubel International,WI,Green Bay,44.48507333,-88.12959
HXF,Hartford Municipal,WI,Hartford,43.34927806,-88.39112528
HYR,Sawyer County,WI,Hayward,46.02585722,-91.44424278
JVL,Southern Wisconsin Regional,WI,Janesville,42.61958222,-89.04034028
UNU,Dodge County,WI,Juneau,43.42658333,-88.70322222
ENW,Kenosha Regional,WI,Kenosha,42.5957075,-87.92780333
LSE,La Crosse Regional,WI,La Crosse,43.87937972,-91.25653778
4R5,Major Gilbert Field,WI,La Pointe,46.78865556,-90.75866944
RCX,Rusk County,WI,Ladysmith,45.49825694,-91.00186361
73C,Lancaster Municipal,WI,Lancaster,42.78054722,-90.68096028
LNL,Kings Land O' Lakes,WI,Land O'Lakes,46.15387722,-89.21194417
LNR,Tri-County Regional,WI,Lone Rock,None,None
MSN,Dane County Regional/Truax Field,WI,Madison,43.13985778,-89.33751361
D25,Manitowish Waters,WI,Manitowish Waters,46.12197222,-89.88233333
MTW,Manitowoc County,WI,Manitowoc,44.1287725,-87.68058472
MFI,Marshfield Municipal,WI,Marshfield,44.63687972,-90.18932667
MDZ,Taylor County,WI,Medford,45.10097556,-90.30341
LUM,Menomonie Municipal/Score Field,WI,Menomonie,None,None
RRL,Merrill Municipal,WI,Merrill,45.19927083,-89.71143389
C29,Middleton Municipal/Morey Field,WI,Middleton,43.11424444,-89.53073222
MKE,General Mitchell International,WI,Milwaukee,42.94722222,-87.89658333
MWC,Lawrence J Timmerman,WI,Milwaukee,43.11092694,-88.03442194
MRJ,Iowa County,WI,Mineral Point,42.88532917,-90.23198583
EFT,Monroe Municipal,WI,Monroe,42.61493972,-89.59075583
CWA,Central Wisconsin,WI,Mosinee,44.77761917,-89.66677944
VIQ,Neillsville Municipal,WI,Neillsville,44.55812861,-90.51224694
8D1,New Holstein Municipal,WI,New Holstein,43.94424111,-88.1134775
82C,Mauston/New Lisbon Union,WI,New Lisbon,43.83872167,-90.13768389
RNH,New Richmond Regional,WI,New Richmond,45.14831139,-92.53806139
OCQ,Oconto/J Douglas Bake Municipal,WI,Oconto,44.8735825,-87.9090525
OEO,L O Simenstad Municipal,WI,Osceola,45.30858944,-92.69008056
OSH,Wittman Regional,WI,Oshkosh,43.98436639,-88.55705944
88C,Palmyra Municipal,WI,Palmyra,42.88355556,-88.59743056
PKF,Park Falls Municipal,WI,Park Falls,45.95502361,-90.42441806
PBH,Price County,WI,Phillips,45.70895028,-90.40248472
PVB,Platteville Municipal,WI,Platteville,42.68935583,-90.44439278
C47,Portage Municipal,WI,Portage,43.5600925,-89.48309278
PDC,Prairie Du Chien Municipal,WI,Prairie du Chien,43.01928889,-91.12374722
91C,Sauk/Prairie,WI,Prairie du Sac,43.2969325,-89.75595639
RAC,Batten International,WI,Racine,42.76119139,-87.81389806
C35,Reedsburg Municipal,WI,Reedsburg,43.52589944,-89.98322194
RHI,Rhinelander/Oneida County,WI,Rhinelander,45.63119306,-89.46745361
RPD,Rice Lake Regional/Carl's Field,WI,Rice Lake,45.41809056,-91.77365194
93C,Richland,WI,Richland Center,43.28333333,-90.29827778
EZS,Shawano Municipal,WI,Shawano,None,None
SBM,Sheboygan County Memorial,WI,Sheboygan,43.76949444,-87.85158944
SSQ,Shell Lake Municipal,WI,Shell Lake,45.73138139,-91.92066194
RZN,Burnett County,WI,Siren,45.8227275,-92.37250083
OLG,Solon Springs Municipal,WI,Solon Springs,None,None
CMY,Sparta/Fort McCoy,WI,Sparta,43.95834806,-90.7378975
STE,Stevens Point Municipal,WI,Stevens Point,44.54513556,-89.53028444
SUE,Door County Cherryland,WI,Sturgeon Bay,44.84366222,-87.42154111
SUW,Richard I Bong,WI,Superior,46.6897175,-92.094655
TKV,Tomahawk Regional,WI,Tomahawk,None,None
Y51,Viroqua Municipal,WI,Viroqua,43.57913917,-90.90096333
2P2,Washington Island,WI,Washington Island,45.38620833,-86.92448056
RYV,Watertown Municipal,WI,Watertown,43.16963222,-88.72321222
UES,Waukesha County,WI,Waukesha,43.04102778,-88.23705556
PCZ,Waupaca Municipal,WI,Waupaca,44.33368778,-89.01549861
AUW,Wausau Downtown,WI,Wausau,44.92847222,-89.62661111
Y50,Wautoma Municipal,WI,Wautoma,44.04162556,-89.30448694
ETB,West Bend Municipal,WI,West Bend,43.42219444,-88.12792667
ISW,Alexander Field South Wood County,WI,Wisconsin Rapids,44.36033833,-89.83897056
ARV,Lakeland/Noble F Lee Memorial Field,WI,Woodruff,45.92792556,-89.73094278
AFO,Afton Municipal,WY,Afton,42.71124583,-110.9421639
BPI,Miley Memorial Field,WY,Big Piney,42.58506972,-110.1111531
BYG,Johnson County,WY,Buffalo,44.38108528,-106.7217897
CPR,Casper/Natrona County International,WY,Casper,42.90835556,-106.4644661
CYS,Cheyenne Regional/Jerry Olson Field,WY,Cheyenne,41.1557225,-104.8118381
COD,Yellowstone Regional,WY,Cody,44.52019417,-109.0237961
U68,North Big Horn County,WY,Cowley,44.91167028,-108.4455092
DWX,Dixon,WY,Dixon,None,None
DGW,Converse County,WY,Douglas,42.79725,-105.3857361
DUB,Dubois Municipal,WY,Dubois,None,None
EVW,Evanston-Uinta County Burns Field,WY,Evanston,41.27494528,-111.0321286
FBR,Fort Bridger,WY,Fort Bridger,41.39193583,-110.4067961
GCC,Northeast Wyoming Regional,WY,Gillette,44.34889806,-105.5393614
GEY,South Big Horn County,WY,Greybull,44.51644444,-108.0831944
W43,Hulett Municipal,WY,Hulett,None,None
JAC,Jackson Hole,WY,Jackson,43.60732417,-110.7377389
EMM,Kemmerer Municipal,WY,Kemmerer,41.82494611,-110.5590586
LND,Hunt Field,WY,Lander,42.81523611,-108.7298392
LAR,Laramie Regional,WY,Laramie,41.31205,-105.6749864
LSK,Lusk Municipal,WY,Lusk,42.75380806,-104.4045536
ECS,Mondell Field,WY,Newcastle,43.88545056,-104.3179178
82V,Pine Bluffs Municipal,WY,Pine Bluffs,41.15331528,-104.1302292
PNA,Ralph Wenz Field,WY,Pinedale,42.79549917,-109.8070944
POY,Powell Municipal,WY,Powell,44.86797222,-108.793
RWL,Rawlins Municipal/Harvey Field,WY,Rawlins,41.8055975,-107.19994
RIW,Central Wyoming Regional,WY,Riverton,43.064235,-108.4598411
RKS,Southwest Wyoming Regional,WY,Rock Springs,41.5942175,-109.0651928
SAA,Shively Field,WY,Saratoga,41.44485944,-106.8235264
SHR,Sheridan County,WY,Sheridan,44.76919556,-106.9802794
HSG,Hot Springs County,WY,Thermopolis,None,None
TOR,Torrington Municipal,WY,Torrington,42.0645475,-104.1526986
EAN,Phifer Airfield,WY,Wheatland,42.05552528,-104.9327492
WRL,Worland Municipal,WY,Worland,43.96571306,-107.9508308
Z08,Ofu,American Samoa,Ofu Village,14.18435056,-169.6700236
GUM,Guam International,Guam,Tamuning,13.48345,-144.7959825
GSN,Francisco C Ada/Saipan International,Pacific Islands,Saipan,15.11900139,-145.7293561
TNI,Francisco Manglona Borja/Tinian International,Pacific Islands,Tinian (Municipality),14.99685028,-145.6180383
ABO,Antonio/Nery/Juarbe Pol,Puerto Rico,Arecibo,18.45111111,-66.67555556
CPX,Benjamin Rivera Noriega,Puerto Rico,Culebra,18.31328917,-65.30432444
MAZ,Eugenio Maria De Hostos,Puerto Rico,Mayaguez,18.25569444,-67.14847222
SIG,Fernando Luis Ribas Dominicci,Puerto Rico,San Juan,18.45675,-66.09883333
VQS,Antonio Rivera Rodriguez,Puerto Rico,Vieques,18.13551806,-65.49182583
STX,Henry E Rohlsen,Virgin Islands,Christiansted,17.70188889,-64.79855556
